"Species","Target","Molecule","Parameter varied","Variation (fold)","Mean delta terminal CL (%)","Mean normalized sensitivity coefficient","Mean normalized sensitivity index (no sensitivity = 1)","Doses averaged (n)"
"Human","IL-6R","Tocilizumab","Target reference concentration",0.1,-57.7084164232597,0.373746052716332,1.37374605271633,1
"Human","IL-6R","Tocilizumab","Target reference concentration",10,104.597670590598,0.310900684823804,1.3109006848238,1
"Human","IL-6R","Tocilizumab","kdeg",0.1,-57.1342309778937,0.367889380520909,1.36788938052091,1
"Human","IL-6R","Tocilizumab","kdeg",10,89.6262896176234,0.277898547371125,1.27789854737113,1
"Human","IL-6R","Tocilizumab","kint",0.1,-8.2986744311937,0.0376243864340457,1.03762438643405,1
"Human","IL-6R","Tocilizumab","kint",10,1.32027752872617,0.00569637070624497,1.00569637070624,1
"Human","PD-1","Nivolumab","Target reference concentration",0.1,-1.36738202038966e-05,5.93850028277998e-08,1.000000059385,6
"Human","PD-1","Nivolumab","Target reference concentration",10,-1.36738202038966e-05,-5.93850028277998e-08,0.999999940614997,6
"Human","PD-1","Nivolumab","kdeg",0.1,-1.36738202038966e-05,5.93850028277998e-08,1.000000059385,6
"Human","PD-1","Nivolumab","kdeg",10,-1.36738202038966e-05,-5.93850028277998e-08,0.999999940614997,6
"Human","PD-1","Nivolumab","kint",0.1,-1.36738202038966e-05,5.93850028277998e-08,1.000000059385,6
"Human","PD-1","Nivolumab","kint",10,-1.36738202038966e-05,-5.93850028277998e-08,0.999999940614997,6
"Human","PD-1","Pembrolizumab","Target reference concentration",0.1,-2.10193103311607e-05,9.1286733032377e-08,1.00000009128673,2
"Human","PD-1","Pembrolizumab","Target reference concentration",10,-2.10193103311607e-05,-9.12867330323769e-08,0.999999908713267,2
"Human","PD-1","Pembrolizumab","kdeg",0.1,-2.10193103311607e-05,9.1286733032377e-08,1.00000009128673,2
"Human","PD-1","Pembrolizumab","kdeg",10,-2.10193103311607e-05,-9.12867330323769e-08,0.999999908713267,2
"Human","PD-1","Pembrolizumab","kint",0.1,-2.10193103311607e-05,9.1286733032377e-08,1.00000009128673,2
"Human","PD-1","Pembrolizumab","kint",10,-2.10193103311607e-05,-9.12867330323769e-08,0.999999908713267,2
"Human","PD-L1","Atezolizumab","Target reference concentration",0.1,-0.222421804208504,0.000967921026587161,1.00096792102659,5
"Human","PD-L1","Atezolizumab","Target reference concentration",10,2.24654511920909,0.00956381632495251,1.00956381632495,5
"Human","PD-L1","Atezolizumab","kdeg",0.1,-0.205328760835519,0.000893329496317556,1.00089332949632,5
"Human","PD-L1","Atezolizumab","kdeg",10,0.522982531784111,0.00226507882631847,1.00226507882632,5
"Human","PD-L1","Atezolizumab","kint",0.1,-0.133054625924243,0.000578815820391468,1.00057881582039,5
"Human","PD-L1","Atezolizumab","kint",10,0.044707054437243,0.000194019673890532,1.00019401967389,5
"Human","PD-L1","Avelumab","Target reference concentration",0.1,-0.352186049287748,0.00153504001414323,1.00153504001414,4
"Human","PD-L1","Avelumab","Target reference concentration",10,3.62691789883408,0.0151965513988467,1.01519655139885,4
"Human","PD-L1","Avelumab","kdeg",0.1,-0.345929609464651,0.00150767234267562,1.00150767234268,4
"Human","PD-L1","Avelumab","kdeg",10,3.53037160347929,0.0148076356659488,1.01480763566595,4
"Human","PD-L1","Avelumab","kint",0.1,0.000951378346975007,-4.13170874565434e-06,0.999995868291254,4
"Human","PD-L1","Avelumab","kint",10,0.00100308643461444,4.35626888125964e-06,1.00000435626888,4
"Human","TNFA","Adalimumab","Target reference concentration",0.1,-5.46672994206077e-06,2.37425348376912e-08,1.00000002374253,5
"Human","TNFA","Adalimumab","Target reference concentration",10,-5.46672994206077e-06,-2.37425348376912e-08,0.999999976257465,5
"Human","TNFA","Adalimumab","kdeg",0.1,-5.46672994206077e-06,2.37425348376912e-08,1.00000002374253,5
"Human","TNFA","Adalimumab","kdeg",10,-5.46672994206077e-06,-2.37425348376912e-08,0.999999976257465,5
"Human","TNFA","Adalimumab","kint",0.1,-5.46672994206077e-06,2.37425348376912e-08,1.00000002374253,5
"Human","TNFA","Adalimumab","kint",10,-5.46672994206077e-06,-2.37425348376912e-08,0.999999976257465,5
"Human","TNFA","Golimumab","Target reference concentration",0.1,0.00139120578768563,-6.04170742130712e-06,0.999993958292579,6
"Human","TNFA","Golimumab","Target reference concentration",10,0.00139120578768563,6.04170742130712e-06,1.00000604170742,6
"Human","TNFA","Golimumab","kdeg",0.1,0.00139120578768563,-6.04170742130712e-06,0.999993958292579,6
"Human","TNFA","Golimumab","kdeg",10,0.00139120578768563,6.04170742130712e-06,1.00000604170742,6
"Human","TNFA","Golimumab","kint",0.1,0.00139120578768563,-6.04170742130712e-06,0.999993958292579,6
"Human","TNFA","Golimumab","kint",10,0.00139120578768563,6.04170742130712e-06,1.00000604170742,6
"Human","VEGFA","Bevacizumab","Target reference concentration",0.1,-5.54453287726631e-06,2.40796010008299e-08,1.0000000240796,1
"Human","VEGFA","Bevacizumab","Target reference concentration",10,-5.54453287726631e-06,-2.40796010008299e-08,0.999999975920399,1
"Human","VEGFA","Bevacizumab","kdeg",0.1,-5.54453287726631e-06,2.40796010008299e-08,1.0000000240796,1
"Human","VEGFA","Bevacizumab","kdeg",10,-5.54453287726631e-06,-2.40796010008299e-08,0.999999975920399,1
"Human","VEGFA","Bevacizumab","kint",0.1,-5.54453287726631e-06,2.40796010008299e-08,1.0000000240796,1
"Human","VEGFA","Bevacizumab","kint",10,-5.54453287726631e-06,-2.40796010008299e-08,0.999999975920399,1
"Monkey","IL-6R","Tocilizumab","Target reference concentration",0.1,-26.1376517180476,0.131576889080357,1.13157688908036,1
"Monkey","IL-6R","Tocilizumab","Target reference concentration",10,97.4861969388061,0.295536746530593,1.29553674653059,1
"Monkey","IL-6R","Tocilizumab","kdeg",0.1,-25.4586281491739,0.127602618802982,1.12760261880298,1
"Monkey","IL-6R","Tocilizumab","kdeg",10,82.0963738536549,0.260301297628923,1.26030129762892,1
"Monkey","IL-6R","Tocilizumab","kint",0.1,-4.95662144227171,0.0220781339906318,1.02207813399063,1
"Monkey","IL-6R","Tocilizumab","kint",10,0.760114271381362,0.00328865135686368,1.00328865135686,1
"Monkey","PD-1","Nivolumab","Target reference concentration",0.1,-0.0272928953516549,0.000118556224035036,1.00011855622404,2
"Monkey","PD-1","Nivolumab","Target reference concentration",10,0.271277034882189,0.00117571417836889,1.00117571417837,2
"Monkey","PD-1","Nivolumab","kdeg",0.1,-0.0242361154946691,0.000105275276717922,1.00010527527672,2
"Monkey","PD-1","Nivolumab","kdeg",10,0.0915982216832534,0.000397572850503717,1.0003975728505,2
"Monkey","PD-1","Nivolumab","kint",0.1,-0.0205969685307283,8.94668986259099e-05,1.00008946689863,2
"Monkey","PD-1","Nivolumab","kint",10,0.0156113800716895,6.77895649564886e-05,1.00006778956496,2
"Monkey","PD-1","Pembrolizumab","Target reference concentration",0.1,-0.172989843578538,0.000752858271053343,1.00075285827105,3
"Monkey","PD-1","Pembrolizumab","Target reference concentration",10,1.7521527406799,0.00745330367107151,1.00745330367107,3
"Monkey","PD-1","Pembrolizumab","kdeg",0.1,-0.166785413731711,0.000725798405206207,1.00072579840521,3
"Monkey","PD-1","Pembrolizumab","kdeg",10,1.01086472423677,0.00434299750245809,1.00434299750246,3
"Monkey","PD-1","Pembrolizumab","kint",0.1,-0.0586306101838741,0.000254845255261563,1.00025484525526,3
"Monkey","PD-1","Pembrolizumab","kint",10,0.0147430115805684,6.40142899347004e-05,1.00006401428993,3
"Monkey","PD-L1","Atezolizumab","Target reference concentration",0.1,-0.632557026518802,0.00275892218960446,1.0027589221896,3
"Monkey","PD-L1","Atezolizumab","Target reference concentration",10,6.24224225234841,0.0260423920774089,1.02604239207741,3
"Monkey","PD-L1","Atezolizumab","kdeg",0.1,-0.406953752656721,0.00177145677240427,1.0017714567724,3
"Monkey","PD-L1","Atezolizumab","kdeg",10,0.512524054466157,0.0022195998218674,1.00221959982187,3
"Monkey","PD-L1","Atezolizumab","kint",0.1,-0.498729394239365,0.00217407323586743,1.00217407323587,3
"Monkey","PD-L1","Atezolizumab","kint",10,0.308146792127325,0.00133450293799369,1.00133450293799,3
"Monkey","PD-L1","Avelumab","Target reference concentration",0.1,-1.43974868699256,0.0062981977961959,1.0062981977962,1
"Monkey","PD-L1","Avelumab","Target reference concentration",10,10.9342833834025,0.0450657822476039,1.0450657822476,1
"Monkey","PD-L1","Avelumab","kdeg",0.1,-1.3986703770447,0.00611722862857493,1.00611722862857,1
"Monkey","PD-L1","Avelumab","kdeg",10,10.1036368425369,0.0418016644264239,1.04180166442642,1
"Monkey","PD-L1","Avelumab","kint",0.1,-0.0359789916154707,0.000156282891420812,1.00015628289142,1
"Monkey","PD-L1","Avelumab","kint",10,0.00414596022815239,1.80053032489925e-05,1.00001800530325,1
"Monkey","TNFA","Adalimumab","Target reference concentration",0.1,-0.0120788943047567,5.24611398670902e-05,1.00005246113987,1
"Monkey","TNFA","Adalimumab","Target reference concentration",10,0.12079790398325,0.000524302022044687,1.00052430202204,1
"Monkey","TNFA","Adalimumab","kdeg",0.1,-0.0119769523304836,5.20183582406441e-05,1.00005201835824,1
"Monkey","TNFA","Adalimumab","kdeg",10,0.102446568215231,0.00044469204566127,1.00044469204566,1
"Monkey","TNFA","Adalimumab","kint",0.1,-0.000870586631307457,3.78092615809841e-06,1.00000378092616,1
"Monkey","TNFA","Adalimumab","kint",10,0.000117650103192979,5.10947605555455e-07,1.00000051094761,1
"Monkey","TNFA","Golimumab","Target reference concentration",0.1,-0.0123027177086676,5.34333110749897e-05,1.00005343331107,1
"Monkey","TNFA","Golimumab","Target reference concentration",10,0.123170684457663,0.000534594321724101,1.00053459432172,1
"Monkey","TNFA","Golimumab","kdeg",0.1,-0.0122424263393595,5.3171436846317e-05,1.00005317143685,1
"Monkey","TNFA","Golimumab","kdeg",10,0.117152065240611,0.000508487161292713,1.00050848716129,1
"Monkey","TNFA","Golimumab","kint",0.1,-0.000161103289753051,6.99663261152523e-07,1.00000069966326,1
"Monkey","TNFA","Golimumab","kint",10,2.14012862098656e-05,9.29445951200988e-08,1.0000000929446,1
"Monkey","VEGFA","Bevacizumab","Target reference concentration",0.1,-2.3428316705861,0.0102969063878643,1.01029690638786,2
"Monkey","VEGFA","Bevacizumab","Target reference concentration",10,15.3376345637236,0.0619492281627854,1.06194922816279,2
"Monkey","VEGFA","Bevacizumab","kdeg",0.1,-2.31235873856903,0.0101613589555687,1.01016135895557,2
"Monkey","VEGFA","Bevacizumab","kdeg",10,12.1926281677209,0.0499535079518784,1.04995350795188,2
"Monkey","VEGFA","Bevacizumab","kint",0.1,-0.255412702634111,0.00111068949523829,1.00111068949524,2
"Monkey","VEGFA","Bevacizumab","kint",10,0.0336754362448399,0.000146225462222892,1.00014622546222,2
