"Approach","Species","Target","Molecule","Dose (mg/kg)","Generic BW (kg)","Observed profiles_n","Observed AUClast_mean_ug_h_mL","Observed AUCinf_mean_ug_h_mL","Observed AUC_extrapolated_mean_pct","Observed AUC_extrapolated_min_pct","Observed AUC_extrapolated_max_pct","Observed terminal_half_life_mean_day","Observed Clearance_dose_AUCinf_mean_L_day","Observed AUC_extrapolated_over_20pct_flag","Predicted profiles_n","Predicted AUClast_mean_ug_h_mL","Predicted AUCinf_mean_ug_h_mL","Predicted AUC_extrapolated_mean_pct","Predicted AUC_extrapolated_min_pct","Predicted AUC_extrapolated_max_pct","Predicted terminal_half_life_mean_day","Predicted Clearance_dose_AUCinf_mean_L_day","Predicted AUC_extrapolated_over_20pct_flag"
"TopDown QSS TMDD","Monkey","IL-6R","Tocilizumab",10,3.5,2,8802.103,11723.188,14.771,0.007,29.535,1.57,0.136,"<=20%",1,9022.62,11382.424,20.732,20.732,20.732,2.31,0.074,">20%"
"TopDown QSS TMDD","Monkey","PD-1","Nivolumab",1,3.5,2,3603.017,4578.219,21.308,21.167,21.449,7.792,0.018,">20%",1,4223.352,5361.131,21.223,21.223,21.223,7.272,0.016,">20%"
"TopDown QSS TMDD","Monkey","PD-1","Nivolumab",10,3.5,2,45382.205,58327.605,20.418,7.094,33.743,5.519,0.015,">20%",1,49489.892,53503.338,7.501,7.501,7.501,7.28,0.016,"<=20%"
"TopDown QSS TMDD","Monkey","PD-1","Pembrolizumab",0.3,3.5,1,905.482,1258.49,28.05,28.05,28.05,4.128,0.02,">20%",1,830.568,1550.481,46.432,46.432,46.432,6.833,0.016,">20%"
"TopDown QSS TMDD","Monkey","PD-1","Pembrolizumab",3,3.5,1,7470.089,18069.452,58.659,58.659,58.659,6.912,0.014,">20%",1,7924.081,15090.709,47.49,47.49,47.49,6.807,0.017,">20%"
"TopDown QSS TMDD","Monkey","PD-1","Pembrolizumab",30,3.5,1,67054.557,108680.911,38.301,38.301,38.301,4.304,0.023,">20%",1,73799.381,146449.887,49.608,49.608,49.608,6.838,0.017,">20%"
"TopDown QSS TMDD","Monkey","PD-L1","Atezolizumab",0.5,3.5,1,682.961,1086.213,37.125,37.125,37.125,4.696,0.039,">20%",1,1007.466,2069.134,51.31,51.31,51.31,7.533,0.02,">20%"
"TopDown QSS TMDD","Monkey","PD-L1","Atezolizumab",5,3.5,1,13939.584,16019.462,12.983,12.983,12.983,5.732,0.026,"<=20%",1,15416.662,21624.223,28.707,28.707,28.707,7.9,0.019,">20%"
"TopDown QSS TMDD","Monkey","PD-L1","Atezolizumab",20,3.5,1,69445.128,101361.591,31.488,31.488,31.488,8.259,0.017,">20%",1,61301.244,87590.95,30.014,30.014,30.014,8.012,0.019,">20%"
"TopDown QSS TMDD","Monkey","PD-L1","Avelumab",5,3.5,1,4047.335,4271.281,5.243,5.243,5.243,2.577,0.098,"<=20%",1,4039.902,4237.374,4.66,4.66,4.66,2.404,0.099,"<=20%"
"TopDown QSS TMDD","Monkey","TNFA","Adalimumab",3,3.5,2,5579.526,7979.599,29.387,27.136,31.637,6.05,0.035,">20%",1,6005.209,8350.243,28.083,28.083,28.083,6.289,0.03,">20%"
"TopDown QSS TMDD","Monkey","TNFA","Golimumab",3,3.5,1,6869.512,8134.354,15.549,15.549,15.549,3.762,0.031,"<=20%",1,6765.66,7847.269,13.783,13.783,13.783,3.523,0.032,"<=20%"
"TopDown QSS TMDD","Monkey","VEGFA","Bevacizumab",4,3.5,1,14142.969,18042.731,21.614,21.614,21.614,9.433,0.019,">20%",1,10853.938,12337.998,12.028,12.028,12.028,6.972,0.027,"<=20%"
"TopDown QSS TMDD","Monkey","VEGFA","Bevacizumab",5,3.5,1,7595.824,8027.256,5.375,5.375,5.375,3.882,0.052,"<=20%",1,12588.313,15626.39,19.442,19.442,19.442,6.997,0.027,"<=20%"
"TopDown QSS TMDD","Human","IL-6R","Tocilizumab",8,70,1,25350.213,25350.739,0.002,0.002,0.002,0.037,0.53,"<=20%",1,13817.414,13817.451,0,0,0,1.033,0.973,"<=20%"
"TopDown QSS TMDD","Human","PD-1","Nivolumab",1,70,2,4592.752,9543.4,50.393,38.674,62.112,18.97,0.179,">20%",1,6869.067,8329.273,17.531,17.531,17.531,11.236,0.202,"<=20%"
"TopDown QSS TMDD","Human","PD-1","Nivolumab",3,70,2,10870.948,19855.343,45.164,39.342,50.985,15.194,0.254,">20%",1,20648.964,25114.003,17.779,17.779,17.779,11.353,0.201,"<=20%"
"TopDown QSS TMDD","Human","PD-1","Nivolumab",4,70,1,12824.236,23158.608,44.624,44.624,44.624,12.344,0.29,">20%",1,27539.029,33507.107,17.811,17.811,17.811,11.369,0.201,"<=20%"
"TopDown QSS TMDD","Human","PD-1","Nivolumab",6,70,1,18667.804,35638.598,47.619,47.619,47.619,13.436,0.283,">20%",1,41319.176,50293.403,17.844,17.844,17.844,11.384,0.2,"<=20%"
"TopDown QSS TMDD","Human","PD-1","Nivolumab",10,70,2,37829.265,66096.238,42.154,32.646,51.661,13.319,0.255,">20%",1,68879.503,83866.356,17.87,17.87,17.87,11.396,0.2,"<=20%"
"TopDown QSS TMDD","Human","PD-1","Nivolumab",20,70,1,47274.197,157385.911,69.963,69.963,69.963,24.517,0.213,">20%",1,137780.472,167798.81,17.889,17.889,17.889,11.406,0.2,"<=20%"
"TopDown QSS TMDD","Human","PD-1","Pembrolizumab",2,70,1,12381.305,21272.87,41.798,41.798,41.798,21.4,0.158,">20%",1,14135.016,16568.024,14.685,14.685,14.685,10.733,0.203,"<=20%"
"TopDown QSS TMDD","Human","PD-1","Pembrolizumab",10,70,1,55743.386,86116.572,35.27,35.27,35.27,17.254,0.195,">20%",1,70706.307,82937.193,14.747,14.747,14.747,10.765,0.203,"<=20%"
"TopDown QSS TMDD","Human","PD-L1","Atezolizumab",1,70,1,4415,6374.597,30.741,30.741,30.741,11.075,0.264,">20%",1,5239.436,6387.219,17.97,17.97,17.97,11.409,0.263,"<=20%"
"TopDown QSS TMDD","Human","PD-L1","Atezolizumab",3,70,1,15529.872,20581.842,24.546,24.546,24.546,10.341,0.245,">20%",1,16040.08,19841.262,19.158,19.158,19.158,11.867,0.254,"<=20%"
"TopDown QSS TMDD","Human","PD-L1","Atezolizumab",10,70,1,48534.028,69996.843,30.663,30.663,30.663,12.571,0.24,">20%",1,54079.496,67721.284,20.144,20.144,20.144,12.298,0.248,">20%"
"TopDown QSS TMDD","Human","PD-L1","Atezolizumab",15,70,1,67867.29,97736.357,30.561,30.561,30.561,12.854,0.258,">20%",1,81276.682,102037.611,20.346,20.346,20.346,12.392,0.247,">20%"
"TopDown QSS TMDD","Human","PD-L1","Atezolizumab",20,70,1,100661.979,155484.091,35.259,35.259,35.259,14.201,0.216,">20%",1,108477.928,136373.993,20.456,20.456,20.456,12.443,0.246,">20%"
"TopDown QSS TMDD","Human","PD-L1","Avelumab",1,70,1,935.309,1046.096,10.591,10.591,10.591,2.207,1.606,"<=20%",1,1246.525,1246.532,0.001,0.001,0.001,1.192,1.348,"<=20%"
"TopDown QSS TMDD","Human","PD-L1","Avelumab",3,70,1,6227.483,6836.294,8.906,8.906,8.906,4.089,0.737,"<=20%",1,3930.523,3930.735,0.005,0.005,0.005,0.898,1.282,"<=20%"
"TopDown QSS TMDD","Human","PD-L1","Avelumab",10,70,2,35709.356,50182.575,24.286,11.936,36.636,11.097,0.387,">20%",1,13378.23,13409.043,0.23,0.23,0.23,2.487,1.253,"<=20%"
"TopDown QSS TMDD","Human","PD-L1","Avelumab",20,70,1,48921.982,57344.681,14.688,14.688,14.688,5.167,0.586,"<=20%",1,26877.19,26979.098,0.378,0.378,0.378,3.191,1.245,"<=20%"
"TopDown QSS TMDD","Human","TNFA","Adalimumab",0.5,70,1,1970.749,2638.429,25.306,25.306,25.306,11.616,0.318,">20%",1,1890.996,2175.304,13.07,13.07,13.07,9.785,0.386,"<=20%"
"TopDown QSS TMDD","Human","TNFA","Adalimumab",1,70,1,3357.258,4820.896,30.36,30.36,30.36,13.86,0.348,">20%",1,3784.623,4357.401,13.145,13.145,13.145,9.823,0.386,"<=20%"
"TopDown QSS TMDD","Human","TNFA","Adalimumab",3,70,1,10139.804,14582.063,30.464,30.464,30.464,13.562,0.346,">20%",1,11359.139,13085.903,13.196,13.196,13.196,9.849,0.385,"<=20%"
"TopDown QSS TMDD","Human","TNFA","Adalimumab",5,70,1,22508.64,32653.666,31.069,31.069,31.069,13.946,0.257,">20%",1,18933.66,21814.434,13.206,13.206,13.206,9.854,0.385,"<=20%"
"TopDown QSS TMDD","Human","TNFA","Adalimumab",10,70,1,46716.582,68232.81,31.534,31.534,31.534,13.908,0.246,">20%",1,37869.878,43635.669,13.213,13.213,13.213,9.858,0.385,"<=20%"
"TopDown QSS TMDD","Human","TNFA","Golimumab",0.1,70,1,241.804,282.27,14.336,14.336,14.336,4.675,0.595,"<=20%",1,396.08,406.795,2.634,2.634,2.634,5.197,0.413,"<=20%"
"TopDown QSS TMDD","Human","TNFA","Golimumab",0.3,70,1,1075.919,1264.532,14.916,14.916,14.916,5.502,0.399,"<=20%",1,1192.058,1226.913,2.841,2.841,2.841,5.411,0.411,"<=20%"
"TopDown QSS TMDD","Human","TNFA","Golimumab",1,70,1,3928.516,4876.742,19.444,19.444,19.444,6.829,0.344,"<=20%",1,3978.009,4097.536,2.917,2.917,2.917,5.489,0.41,"<=20%"
"TopDown QSS TMDD","Human","TNFA","Golimumab",3,70,1,8502.008,10465.31,18.76,18.76,18.76,6.898,0.482,"<=20%",1,11937.887,12299.391,2.939,2.939,2.939,5.512,0.41,"<=20%"
"TopDown QSS TMDD","Human","TNFA","Golimumab",6,70,1,20231.689,26446.346,23.499,23.499,23.499,6.992,0.381,">20%",1,23877.575,24602.051,2.945,2.945,2.945,5.517,0.41,"<=20%"
"TopDown QSS TMDD","Human","TNFA","Golimumab",10,70,1,28650.872,41585.116,31.103,31.103,31.103,10.072,0.404,">20%",1,39797.249,41005.697,2.947,2.947,2.947,5.52,0.41,"<=20%"
"TopDown QSS TMDD","Human","VEGFA","Bevacizumab",15,70,1,61101.042,91027.437,32.876,32.876,32.876,15.658,0.277,">20%",1,61478.565,73473.576,16.326,16.326,16.326,10.973,0.343,"<=20%"
