#Project: Undefined,,,,,,,,,,,,,,,,,,,,,,,,,,,,,,,,,,,,,,,,,,,,,,,,,,,,,,,,,,,,,,,,,,,,,,,,,,,,,,,,,,,,,,,,,,,
#PK-Sim version: 12.2.112,,,,,,,,,,,,,,,,,,,,,,,,,,,,,,,,,,,,,,,,,,,,,,,,,,,,,,,,,,,,,,,,,,,,,,,,,,,,,,,,,,,,,,,,,,,
IndividualId,Gender,Population,Population Name,Organism|Weight [kg],Organism|Ontogeny factor (alpha1-acid glycoprotein) table,Organism|Ontogeny factor (albumin) table,Organism|Hematocrit,Organism|Ontogeny factor (albumin),Organism|Ontogeny factor (alpha1-acid glycoprotein),Organism|VenousBlood|Volume [l],Organism|ArterialBlood|Volume [l],Organism|Bone|Specific blood flow rate [l/min/kg organ],Organism|Bone|Volume [l],Organism|Brain|Volume [l],Organism|Brain|Specific blood flow rate [l/min/kg organ],Organism|Fat|Volume [l],Organism|Fat|Vf (lipid),Organism|Fat|Vf (neutral lipid)-PT,Organism|Fat|Vf (phospholipid)-PT,Organism|Fat|Fraction interstitial,Organism|Fat|Vf (water),Organism|Fat|Vf (water)-PT,Organism|Fat|Vf (neutral lipid)-RR,Organism|Fat|Vf (neutral lipid)-WS,Organism|Fat|Vf (neutral phospholipid)-RR,"Organism|Fat|Vf (neutral phospholipid, plasma)-WS",Organism|Fat|Vf (extracellular water)-RR,Organism|Fat|Vf (intracellular water)-RR,Organism|Fat|Vf (water)-WS,Organism|Fat|Specific blood flow rate [l/min/kg organ],Organism|Gonads|Volume [l],Organism|Gonads|Specific blood flow rate [l/min/kg organ],Organism|Heart|Volume [l],Organism|Heart|Specific blood flow rate [l/min/kg organ],Organism|Kidney|Volume [l],Organism|Kidney|GFR (specific) [l/min/kg organ],Organism|Kidney|Specific blood flow rate [l/min/kg organ],Organism|Lumen|Effective surface area variability factor,Organism|Lumen|Stomach|Distal radius [dm],Organism|Lumen|Stomach|GET_alpha (Weibull function) variability factor,Organism|Lumen|Stomach|GET_beta (Weibull function) variability factor,Organism|Lumen|Stomach|Length [dm],Organism|Lumen|Stomach|Proximal radius [dm],Organism|Lumen|Stomach|Gastric emptying time [min],Organism|Lumen|Duodenum|Effective surface area enhancement factor,Organism|Lumen|UpperJejunum|Effective surface area enhancement factor,Organism|Lumen|LowerJejunum|Effective surface area enhancement factor,Organism|Lumen|UpperIleum|Effective surface area enhancement factor,Organism|Lumen|LowerIleum|Effective surface area enhancement factor,Organism|Lumen|Caecum|Effective surface area enhancement factor,Organism|Lumen|ColonAscendens|Effective surface area enhancement factor,Organism|Lumen|ColonTransversum|Effective surface area enhancement factor,Organism|Lumen|ColonDescendens|Effective surface area enhancement factor,Organism|Lumen|ColonSigmoid|Effective surface area enhancement factor,Organism|Lumen|Rectum|Effective surface area enhancement factor,Organism|Stomach|Volume [l],Organism|Stomach|Specific blood flow rate [l/min/kg organ],Organism|SmallIntestine|Small intestinal transit time [min],Organism|SmallIntestine|Volume [l],Organism|SmallIntestine|Specific blood flow rate [l/min/kg organ],Organism|LargeIntestine|Large intestinal transit time [min],Organism|LargeIntestine|Volume [l],Organism|LargeIntestine|Specific blood flow rate [l/min/kg organ],Organism|Liver|Volume [l],Organism|Liver|Specific blood flow rate [l/min/kg organ],Organism|Lung|Volume [l],Organism|Lung|Fraction vascular,Organism|Muscle|Volume [l],Organism|Muscle|Vf (lipid),Organism|Muscle|Vf (neutral lipid)-PT,Organism|Muscle|Vf (phospholipid)-PT,Organism|Muscle|Vf (protein),Organism|Muscle|Vf (water),Organism|Muscle|Vf (water)-PT,Organism|Muscle|Fraction interstitial,Organism|Muscle|Vf (neutral lipid)-RR,Organism|Muscle|Vf (neutral lipid)-WS,Organism|Muscle|Vf (neutral phospholipid)-RR,"Organism|Muscle|Vf (neutral phospholipid, plasma)-WS",Organism|Muscle|Vf (extracellular water)-RR,Organism|Muscle|Vf (protein)-WS,Organism|Muscle|Vf (intracellular water)-RR,Organism|Muscle|Vf (water)-WS,Organism|Muscle|Specific blood flow rate [l/min/kg organ],Organism|Pancreas|Volume [l],Organism|Pancreas|Specific blood flow rate [l/min/kg organ],Organism|PortalVein|Volume [l],Organism|Skin|Volume [l],Organism|Skin|Specific blood flow rate [l/min/kg organ],Organism|Spleen|Volume [l],Organism|Spleen|Specific blood flow rate [l/min/kg organ]
0,UNKNOWN,Mouse,Mouse,0.022322726,1,1,0.45,1,1,0.000557583,0.000242428,0.160126582,0.00167864,0.000180613,0.764705882,0.00106243,0.8,0.853,0.002,0.135,0.15,0.15,0.853,0.92,0.0016,0.002024,0.135,0.009,0.03,0.04,0.000265608,0.192,0.000100931,2.947368421,0.000361226,0.824,3.823529412,1,0.04,1,1,0.06,0.04,20,12.20981459,8.920759029,8.920759024,6.258509554,6.258509555,5.369069862,3.212539699,3.212539699,3.212539699,3.212539699,3.212539699,0.000116867,1,40.9,0.001493777,0.711237553,282,0.000666144,0.797448166,0.00138116,0.269230769,0.000106243,0.626,0.010624304,0.013,0.01,0.0087,0.177,0.811,0.811,0.12,0.01,0.0049,0.0072,0.0042,0.118,0.19,0.608,0.76,0.091,0.000138116,0.4,0.000159365,0.003081048,0.14137931,0.000106243,0.9
1,UNKNOWN,Mouse,Mouse,0.025487735,1,1,0.45,1,1,0.000636639,0.0002768,0.160126582,0.001916645,0.000206221,0.764705882,0.001213066,0.8,0.853,0.002,0.135,0.15,0.15,0.853,0.92,0.0016,0.002024,0.135,0.009,0.03,0.04,0.000303267,0.192,0.000115241,2.947368421,0.000412443,0.824,3.823529412,1,0.04,1,1,0.06,0.04,20,12.20981459,8.920759029,8.920759024,6.258509554,6.258509555,5.369069862,3.212539699,3.212539699,3.212539699,3.212539699,3.212539699,0.000133437,1,40.9,0.001705571,0.711237553,282,0.000760593,0.797448166,0.001576986,0.269230769,0.000121307,0.626,0.012130663,0.013,0.01,0.0087,0.177,0.811,0.811,0.12,0.01,0.0049,0.0072,0.0042,0.118,0.19,0.608,0.76,0.091,0.000157699,0.4,0.00018196,0.003517892,0.14137931,0.000121307,0.9
2,UNKNOWN,Mouse,Mouse,0.022863015,1,1,0.45,1,1,0.000571078,0.000248295,0.160126582,0.001719269,0.000184985,0.764705882,0.001088145,0.8,0.853,0.002,0.135,0.15,0.15,0.853,0.92,0.0016,0.002024,0.135,0.009,0.03,0.04,0.000272036,0.192,0.000103374,2.947368421,0.000369969,0.824,3.823529412,1,0.04,1,1,0.06,0.04,20,12.20981459,8.920759029,8.920759024,6.258509554,6.258509555,5.369069862,3.212539699,3.212539699,3.212539699,3.212539699,3.212539699,0.000119696,1,40.9,0.001529932,0.711237553,282,0.000682267,0.797448166,0.001414589,0.269230769,0.000108815,0.626,0.01088145,0.013,0.01,0.0087,0.177,0.811,0.811,0.12,0.01,0.0049,0.0072,0.0042,0.118,0.19,0.608,0.76,0.091,0.000141459,0.4,0.000163222,0.003155621,0.14137931,0.000108815,0.9
3,UNKNOWN,Mouse,Mouse,0.02524804,1,1,0.45,1,1,0.000630652,0.000274197,0.160126582,0.00189862,0.000204282,0.764705882,0.001201658,0.8,0.853,0.002,0.135,0.15,0.15,0.853,0.92,0.0016,0.002024,0.135,0.009,0.03,0.04,0.000300415,0.192,0.000114158,2.947368421,0.000408564,0.824,3.823529412,1,0.04,1,1,0.06,0.04,20,12.20981459,8.920759029,8.920759024,6.258509554,6.258509555,5.369069862,3.212539699,3.212539699,3.212539699,3.212539699,3.212539699,0.000132182,1,40.9,0.001689531,0.711237553,282,0.00075344,0.797448166,0.001562156,0.269230769,0.000120166,0.626,0.012016582,0.013,0.01,0.0087,0.177,0.811,0.811,0.12,0.01,0.0049,0.0072,0.0042,0.118,0.19,0.608,0.76,0.091,0.000156216,0.4,0.000180249,0.003484809,0.14137931,0.000120166,0.9
4,UNKNOWN,Mouse,Mouse,0.021278125,1,1,0.45,1,1,0.00053149,0.000231083,0.160126582,0.001600087,0.000172161,0.764705882,0.001012714,0.8,0.853,0.002,0.135,0.15,0.15,0.853,0.92,0.0016,0.002024,0.135,0.009,0.03,0.04,0.000253178,0.192,9.62E-05,2.947368421,0.000344323,0.824,3.823529412,1,0.04,1,1,0.06,0.04,20,12.20981459,8.920759029,8.920759024,6.258509554,6.258509555,5.369069862,3.212539699,3.212539699,3.212539699,3.212539699,3.212539699,0.000111398,1,40.9,0.001423875,0.711237553,282,0.000634971,0.797448166,0.001316528,0.269230769,0.000101271,0.626,0.010127136,0.013,0.01,0.0087,0.177,0.811,0.811,0.12,0.01,0.0049,0.0072,0.0042,0.118,0.19,0.608,0.76,0.091,0.000131653,0.4,0.000151907,0.002936869,0.14137931,0.000101271,0.9
5,UNKNOWN,Mouse,Mouse,0.024816656,1,1,0.45,1,1,0.000619877,0.000269512,0.160126582,0.00186618,0.000200792,0.764705882,0.001181127,0.8,0.853,0.002,0.135,0.15,0.15,0.853,0.92,0.0016,0.002024,0.135,0.009,0.03,0.04,0.000295282,0.192,0.000112207,2.947368421,0.000401583,0.824,3.823529412,1,0.04,1,1,0.06,0.04,20,12.20981459,8.920759029,8.920759024,6.258509554,6.258509555,5.369069862,3.212539699,3.212539699,3.212539699,3.212539699,3.212539699,0.000129924,1,40.9,0.001660664,0.711237553,282,0.000740567,0.797448166,0.001535465,0.269230769,0.000118113,0.626,0.011811269,0.013,0.01,0.0087,0.177,0.811,0.811,0.12,0.01,0.0049,0.0072,0.0042,0.118,0.19,0.608,0.76,0.091,0.000153546,0.4,0.000177169,0.003425268,0.14137931,0.000118113,0.9
6,UNKNOWN,Mouse,Mouse,0.02913728,1,1,0.45,1,1,0.000727798,0.000316434,0.160126582,0.002191086,0.00023575,0.764705882,0.001386763,0.8,0.853,0.002,0.135,0.15,0.15,0.853,0.92,0.0016,0.002024,0.135,0.009,0.03,0.04,0.000346691,0.192,0.000131742,2.947368421,0.000471499,0.824,3.823529412,1,0.04,1,1,0.06,0.04,20,12.20981459,8.920759029,8.920759024,6.258509554,6.258509555,5.369069862,3.212539699,3.212539699,3.212539699,3.212539699,3.212539699,0.000152544,1,40.9,0.001949789,0.711237553,282,0.0008695,0.797448166,0.001802792,0.269230769,0.000138676,0.626,0.013867631,0.013,0.01,0.0087,0.177,0.811,0.811,0.12,0.01,0.0049,0.0072,0.0042,0.118,0.19,0.608,0.76,0.091,0.000180279,0.4,0.000208014,0.004021613,0.14137931,0.000138676,0.9
7,UNKNOWN,Mouse,Mouse,0.028223482,1,1,0.45,1,1,0.000704973,0.00030651,0.160126582,0.002122369,0.000228356,0.764705882,0.001343272,0.8,0.853,0.002,0.135,0.15,0.15,0.853,0.92,0.0016,0.002024,0.135,0.009,0.03,0.04,0.000335818,0.192,0.000127611,2.947368421,0.000456712,0.824,3.823529412,1,0.04,1,1,0.06,0.04,20,12.20981459,8.920759029,8.920759024,6.258509554,6.258509555,5.369069862,3.212539699,3.212539699,3.212539699,3.212539699,3.212539699,0.00014776,1,40.9,0.00188864,0.711237553,282,0.000842231,0.797448166,0.001746253,0.269230769,0.000134327,0.626,0.013432717,0.013,0.01,0.0087,0.177,0.811,0.811,0.12,0.01,0.0049,0.0072,0.0042,0.118,0.19,0.608,0.76,0.091,0.000174625,0.4,0.000201491,0.003895488,0.14137931,0.000134327,0.9
8,UNKNOWN,Mouse,Mouse,0.02176838,1,1,0.45,1,1,0.000543736,0.000236407,0.160126582,0.001636954,0.000176128,0.764705882,0.001036047,0.8,0.853,0.002,0.135,0.15,0.15,0.853,0.92,0.0016,0.002024,0.135,0.009,0.03,0.04,0.000259012,0.192,9.84E-05,2.947368421,0.000352256,0.824,3.823529412,1,0.04,1,1,0.06,0.04,20,12.20981459,8.920759029,8.920759024,6.258509554,6.258509555,5.369069862,3.212539699,3.212539699,3.212539699,3.212539699,3.212539699,0.000113965,1,40.9,0.001456682,0.711237553,282,0.000649601,0.797448166,0.001346861,0.269230769,0.000103605,0.626,0.010360468,0.013,0.01,0.0087,0.177,0.811,0.811,0.12,0.01,0.0049,0.0072,0.0042,0.118,0.19,0.608,0.76,0.091,0.000134686,0.4,0.000155407,0.003004536,0.14137931,0.000103605,0.9
9,UNKNOWN,Mouse,Mouse,0.027197563,1,1,0.45,1,1,0.000679348,0.000295369,0.160126582,0.002045222,0.000220055,0.764705882,0.001294444,0.8,0.853,0.002,0.135,0.15,0.15,0.853,0.92,0.0016,0.002024,0.135,0.009,0.03,0.04,0.000323611,0.192,0.000122972,2.947368421,0.000440111,0.824,3.823529412,1,0.04,1,1,0.06,0.04,20,12.20981459,8.920759029,8.920759024,6.258509554,6.258509555,5.369069862,3.212539699,3.212539699,3.212539699,3.212539699,3.212539699,0.000142389,1,40.9,0.001819988,0.711237553,282,0.000811616,0.797448166,0.001682777,0.269230769,0.000129444,0.626,0.01294444,0.013,0.01,0.0087,0.177,0.811,0.811,0.12,0.01,0.0049,0.0072,0.0042,0.118,0.19,0.608,0.76,0.091,0.000168278,0.4,0.000194167,0.003753888,0.14137931,0.000129444,0.9
10,UNKNOWN,Mouse,Mouse,0.026354634,1,1,0.45,1,1,0.000658293,0.000286215,0.160126582,0.001981834,0.000213235,0.764705882,0.001254326,0.8,0.853,0.002,0.135,0.15,0.15,0.853,0.92,0.0016,0.002024,0.135,0.009,0.03,0.04,0.000313581,0.192,0.000119161,2.947368421,0.000426471,0.824,3.823529412,1,0.04,1,1,0.06,0.04,20,12.20981459,8.920759029,8.920759024,6.258509554,6.258509555,5.369069862,3.212539699,3.212539699,3.212539699,3.212539699,3.212539699,0.000137976,1,40.9,0.001763582,0.711237553,282,0.000786462,0.797448166,0.001630623,0.269230769,0.000125433,0.626,0.012543256,0.013,0.01,0.0087,0.177,0.811,0.811,0.12,0.01,0.0049,0.0072,0.0042,0.118,0.19,0.608,0.76,0.091,0.000163062,0.4,0.000188149,0.003637544,0.14137931,0.000125433,0.9
11,UNKNOWN,Mouse,Mouse,0.020568106,1,1,0.45,1,1,0.000513755,0.000223372,0.160126582,0.001546695,0.000166417,0.764705882,0.000978921,0.8,0.853,0.002,0.135,0.15,0.15,0.853,0.92,0.0016,0.002024,0.135,0.009,0.03,0.04,0.00024473,0.192,9.30E-05,2.947368421,0.000332833,0.824,3.823529412,1,0.04,1,1,0.06,0.04,20,12.20981459,8.920759029,8.920759024,6.258509554,6.258509555,5.369069862,3.212539699,3.212539699,3.212539699,3.212539699,3.212539699,0.000107681,1,40.9,0.001376363,0.711237553,282,0.000613783,0.797448166,0.001272597,0.269230769,9.79E-05,0.626,0.009789209,0.013,0.01,0.0087,0.177,0.811,0.811,0.12,0.01,0.0049,0.0072,0.0042,0.118,0.19,0.608,0.76,0.091,0.00012726,0.4,0.000146838,0.002838871,0.14137931,9.79E-05,0.9
12,UNKNOWN,Mouse,Mouse,0.022718866,1,1,0.45,1,1,0.000567478,0.00024673,0.160126582,0.001708429,0.000183818,0.764705882,0.001081284,0.8,0.853,0.002,0.135,0.15,0.15,0.853,0.92,0.0016,0.002024,0.135,0.009,0.03,0.04,0.000270321,0.192,0.000102722,2.947368421,0.000367637,0.824,3.823529412,1,0.04,1,1,0.06,0.04,20,12.20981459,8.920759029,8.920759024,6.258509554,6.258509555,5.369069862,3.212539699,3.212539699,3.212539699,3.212539699,3.212539699,0.000118941,1,40.9,0.001520286,0.711237553,282,0.000677965,0.797448166,0.00140567,0.269230769,0.000108128,0.626,0.010812844,0.013,0.01,0.0087,0.177,0.811,0.811,0.12,0.01,0.0049,0.0072,0.0042,0.118,0.19,0.608,0.76,0.091,0.000140567,0.4,0.000162193,0.003135725,0.14137931,0.000108128,0.9
13,UNKNOWN,Mouse,Mouse,0.02581488,1,1,0.45,1,1,0.000644811,0.000280353,0.160126582,0.001941246,0.000208868,0.764705882,0.001228636,0.8,0.853,0.002,0.135,0.15,0.15,0.853,0.92,0.0016,0.002024,0.135,0.009,0.03,0.04,0.000307159,0.192,0.00011672,2.947368421,0.000417736,0.824,3.823529412,1,0.04,1,1,0.06,0.04,20,12.20981459,8.920759029,8.920759024,6.258509554,6.258509555,5.369069862,3.212539699,3.212539699,3.212539699,3.212539699,3.212539699,0.00013515,1,40.9,0.001727463,0.711237553,282,0.000770355,0.797448166,0.001597227,0.269230769,0.000122864,0.626,0.012286364,0.013,0.01,0.0087,0.177,0.811,0.811,0.12,0.01,0.0049,0.0072,0.0042,0.118,0.19,0.608,0.76,0.091,0.000159723,0.4,0.000184295,0.003563046,0.14137931,0.000122864,0.9
14,UNKNOWN,Mouse,Mouse,0.025296948,1,1,0.45,1,1,0.000631873,0.000274728,0.160126582,0.001902298,0.000204678,0.764705882,0.001203986,0.8,0.853,0.002,0.135,0.15,0.15,0.853,0.92,0.0016,0.002024,0.135,0.009,0.03,0.04,0.000300996,0.192,0.000114379,2.947368421,0.000409355,0.824,3.823529412,1,0.04,1,1,0.06,0.04,20,12.20981459,8.920759029,8.920759024,6.258509554,6.258509555,5.369069862,3.212539699,3.212539699,3.212539699,3.212539699,3.212539699,0.000132438,1,40.9,0.001692804,0.711237553,282,0.000754899,0.797448166,0.001565182,0.269230769,0.000120399,0.626,0.012039859,0.013,0.01,0.0087,0.177,0.811,0.811,0.12,0.01,0.0049,0.0072,0.0042,0.118,0.19,0.608,0.76,0.091,0.000156518,0.4,0.000180598,0.003491559,0.14137931,0.000120399,0.9
15,UNKNOWN,Mouse,Mouse,0.026598067,1,1,0.45,1,1,0.000664373,0.000288858,0.160126582,0.00200014,0.000215205,0.764705882,0.001265912,0.8,0.853,0.002,0.135,0.15,0.15,0.853,0.92,0.0016,0.002024,0.135,0.009,0.03,0.04,0.000316478,0.192,0.000120262,2.947368421,0.00043041,0.824,3.823529412,1,0.04,1,1,0.06,0.04,20,12.20981459,8.920759029,8.920759024,6.258509554,6.258509555,5.369069862,3.212539699,3.212539699,3.212539699,3.212539699,3.212539699,0.00013925,1,40.9,0.001779872,0.711237553,282,0.000793727,0.797448166,0.001645685,0.269230769,0.000126591,0.626,0.012659115,0.013,0.01,0.0087,0.177,0.811,0.811,0.12,0.01,0.0049,0.0072,0.0042,0.118,0.19,0.608,0.76,0.091,0.000164568,0.4,0.000189887,0.003671143,0.14137931,0.000126591,0.9
16,UNKNOWN,Mouse,Mouse,0.022510339,1,1,0.45,1,1,0.000562269,0.000244465,0.160126582,0.001692748,0.000182131,0.764705882,0.00107136,0.8,0.853,0.002,0.135,0.15,0.15,0.853,0.92,0.0016,0.002024,0.135,0.009,0.03,0.04,0.00026784,0.192,0.000101779,2.947368421,0.000364262,0.824,3.823529412,1,0.04,1,1,0.06,0.04,20,12.20981459,8.920759029,8.920759024,6.258509554,6.258509555,5.369069862,3.212539699,3.212539699,3.212539699,3.212539699,3.212539699,0.00011785,1,40.9,0.001506332,0.711237553,282,0.000671743,0.797448166,0.001392768,0.269230769,0.000107136,0.626,0.010713597,0.013,0.01,0.0087,0.177,0.811,0.811,0.12,0.01,0.0049,0.0072,0.0042,0.118,0.19,0.608,0.76,0.091,0.000139277,0.4,0.000160704,0.003106943,0.14137931,0.000107136,0.9
17,UNKNOWN,Mouse,Mouse,0.020710375,1,1,0.45,1,1,0.000517309,0.000224917,0.160126582,0.001557393,0.000167568,0.764705882,0.000985692,0.8,0.853,0.002,0.135,0.15,0.15,0.853,0.92,0.0016,0.002024,0.135,0.009,0.03,0.04,0.000246423,0.192,9.36E-05,2.947368421,0.000335135,0.824,3.823529412,1,0.04,1,1,0.06,0.04,20,12.20981459,8.920759029,8.920759024,6.258509554,6.258509555,5.369069862,3.212539699,3.212539699,3.212539699,3.212539699,3.212539699,0.000108426,1,40.9,0.001385883,0.711237553,282,0.000618029,0.797448166,0.0012814,0.269230769,9.86E-05,0.626,0.00985692,0.013,0.01,0.0087,0.177,0.811,0.811,0.12,0.01,0.0049,0.0072,0.0042,0.118,0.19,0.608,0.76,0.091,0.00012814,0.4,0.000147854,0.002858507,0.14137931,9.86E-05,0.9
18,UNKNOWN,Mouse,Mouse,0.02168617,1,1,0.45,1,1,0.000541683,0.000235514,0.160126582,0.001630772,0.000175463,0.764705882,0.001032134,0.8,0.853,0.002,0.135,0.15,0.15,0.853,0.92,0.0016,0.002024,0.135,0.009,0.03,0.04,0.000258034,0.192,9.81E-05,2.947368421,0.000350926,0.824,3.823529412,1,0.04,1,1,0.06,0.04,20,12.20981459,8.920759029,8.920759024,6.258509554,6.258509555,5.369069862,3.212539699,3.212539699,3.212539699,3.212539699,3.212539699,0.000113535,1,40.9,0.001451181,0.711237553,282,0.000647148,0.797448166,0.001341774,0.269230769,0.000103213,0.626,0.010321341,0.013,0.01,0.0087,0.177,0.811,0.811,0.12,0.01,0.0049,0.0072,0.0042,0.118,0.19,0.608,0.76,0.091,0.000134177,0.4,0.00015482,0.002993189,0.14137931,0.000103213,0.9
19,UNKNOWN,Mouse,Mouse,0.022582725,1,1,0.45,1,1,0.000564077,0.000245251,0.160126582,0.001698192,0.000182717,0.764705882,0.001074805,0.8,0.853,0.002,0.135,0.15,0.15,0.853,0.92,0.0016,0.002024,0.135,0.009,0.03,0.04,0.000268701,0.192,0.000102106,2.947368421,0.000365434,0.824,3.823529412,1,0.04,1,1,0.06,0.04,20,12.20981459,8.920759029,8.920759024,6.258509554,6.258509555,5.369069862,3.212539699,3.212539699,3.212539699,3.212539699,3.212539699,0.000118229,1,40.9,0.001511176,0.711237553,282,0.000673903,0.797448166,0.001397246,0.269230769,0.00010748,0.626,0.010748049,0.013,0.01,0.0087,0.177,0.811,0.811,0.12,0.01,0.0049,0.0072,0.0042,0.118,0.19,0.608,0.76,0.091,0.000139725,0.4,0.000161221,0.003116934,0.14137931,0.00010748,0.9
20,UNKNOWN,Mouse,Mouse,0.025045654,1,1,0.45,1,1,0.000625597,0.000271999,0.160126582,0.001883401,0.000202644,0.764705882,0.001192026,0.8,0.853,0.002,0.135,0.15,0.15,0.853,0.92,0.0016,0.002024,0.135,0.009,0.03,0.04,0.000298006,0.192,0.000113242,2.947368421,0.000405289,0.824,3.823529412,1,0.04,1,1,0.06,0.04,20,12.20981459,8.920759029,8.920759024,6.258509554,6.258509555,5.369069862,3.212539699,3.212539699,3.212539699,3.212539699,3.212539699,0.000131123,1,40.9,0.001675988,0.711237553,282,0.0007474,0.797448166,0.001549634,0.269230769,0.000119203,0.626,0.011920258,0.013,0.01,0.0087,0.177,0.811,0.811,0.12,0.01,0.0049,0.0072,0.0042,0.118,0.19,0.608,0.76,0.091,0.000154963,0.4,0.000178804,0.003456875,0.14137931,0.000119203,0.9
21,UNKNOWN,Mouse,Mouse,0.026122223,1,1,0.45,1,1,0.000652487,0.00028369,0.160126582,0.001964357,0.000211355,0.764705882,0.001243264,0.8,0.853,0.002,0.135,0.15,0.15,0.853,0.92,0.0016,0.002024,0.135,0.009,0.03,0.04,0.000310816,0.192,0.00011811,2.947368421,0.00042271,0.824,3.823529412,1,0.04,1,1,0.06,0.04,20,12.20981459,8.920759029,8.920759024,6.258509554,6.258509555,5.369069862,3.212539699,3.212539699,3.212539699,3.212539699,3.212539699,0.000136759,1,40.9,0.001748029,0.711237553,282,0.000779527,0.797448166,0.001616243,0.269230769,0.000124326,0.626,0.012432641,0.013,0.01,0.0087,0.177,0.811,0.811,0.12,0.01,0.0049,0.0072,0.0042,0.118,0.19,0.608,0.76,0.091,0.000161624,0.4,0.00018649,0.003605466,0.14137931,0.000124326,0.9
22,UNKNOWN,Mouse,Mouse,0.025219732,1,1,0.45,1,1,0.000629945,0.000273889,0.160126582,0.001896491,0.000204053,0.764705882,0.001200311,0.8,0.853,0.002,0.135,0.15,0.15,0.853,0.92,0.0016,0.002024,0.135,0.009,0.03,0.04,0.000300078,0.192,0.00011403,2.947368421,0.000408106,0.824,3.823529412,1,0.04,1,1,0.06,0.04,20,12.20981459,8.920759029,8.920759024,6.258509554,6.258509555,5.369069862,3.212539699,3.212539699,3.212539699,3.212539699,3.212539699,0.000132034,1,40.9,0.001687637,0.711237553,282,0.000752595,0.797448166,0.001560404,0.269230769,0.000120031,0.626,0.012003109,0.013,0.01,0.0087,0.177,0.811,0.811,0.12,0.01,0.0049,0.0072,0.0042,0.118,0.19,0.608,0.76,0.091,0.00015604,0.4,0.000180047,0.003480902,0.14137931,0.000120031,0.9
23,UNKNOWN,Mouse,Mouse,0.029808317,1,1,0.45,1,1,0.00074456,0.000323722,0.160126582,0.002241547,0.000241179,0.764705882,0.001418701,0.8,0.853,0.002,0.135,0.15,0.15,0.853,0.92,0.0016,0.002024,0.135,0.009,0.03,0.04,0.000354675,0.192,0.000134777,2.947368421,0.000482358,0.824,3.823529412,1,0.04,1,1,0.06,0.04,20,12.20981459,8.920759029,8.920759024,6.258509554,6.258509555,5.369069862,3.212539699,3.212539699,3.212539699,3.212539699,3.212539699,0.000156057,1,40.9,0.001994693,0.711237553,282,0.000889525,0.797448166,0.001844311,0.269230769,0.00014187,0.626,0.014187005,0.013,0.01,0.0087,0.177,0.811,0.811,0.12,0.01,0.0049,0.0072,0.0042,0.118,0.19,0.608,0.76,0.091,0.000184431,0.4,0.000212805,0.004114232,0.14137931,0.00014187,0.9
24,UNKNOWN,Mouse,Mouse,0.020964358,1,1,0.45,1,1,0.000523653,0.000227675,0.160126582,0.001576493,0.000169623,0.764705882,0.00099778,0.8,0.853,0.002,0.135,0.15,0.15,0.853,0.92,0.0016,0.002024,0.135,0.009,0.03,0.04,0.000249445,0.192,9.48E-05,2.947368421,0.000339245,0.824,3.823529412,1,0.04,1,1,0.06,0.04,20,12.20981459,8.920759029,8.920759024,6.258509554,6.258509555,5.369069862,3.212539699,3.212539699,3.212539699,3.212539699,3.212539699,0.000109756,1,40.9,0.001402879,0.711237553,282,0.000625608,0.797448166,0.001297114,0.269230769,9.98E-05,0.626,0.009977801,0.013,0.01,0.0087,0.177,0.811,0.811,0.12,0.01,0.0049,0.0072,0.0042,0.118,0.19,0.608,0.76,0.091,0.000129711,0.4,0.000149667,0.002893562,0.14137931,9.98E-05,0.9
25,UNKNOWN,Mouse,Mouse,0.02431956,1,1,0.45,1,1,0.00060746,0.000264113,0.160126582,0.001828799,0.00019677,0.764705882,0.001157468,0.8,0.853,0.002,0.135,0.15,0.15,0.853,0.92,0.0016,0.002024,0.135,0.009,0.03,0.04,0.000289367,0.192,0.000109959,2.947368421,0.000393539,0.824,3.823529412,1,0.04,1,1,0.06,0.04,20,12.20981459,8.920759029,8.920759024,6.258509554,6.258509555,5.369069862,3.212539699,3.212539699,3.212539699,3.212539699,3.212539699,0.000127321,1,40.9,0.0016274,0.711237553,282,0.000725732,0.797448166,0.001504708,0.269230769,0.000115747,0.626,0.01157468,0.013,0.01,0.0087,0.177,0.811,0.811,0.12,0.01,0.0049,0.0072,0.0042,0.118,0.19,0.608,0.76,0.091,0.000150471,0.4,0.00017362,0.003356657,0.14137931,0.000115747,0.9
26,UNKNOWN,Mouse,Mouse,0.025192345,1,1,0.45,1,1,0.000629261,0.000273592,0.160126582,0.001894432,0.000203831,0.764705882,0.001199007,0.8,0.853,0.002,0.135,0.15,0.15,0.853,0.92,0.0016,0.002024,0.135,0.009,0.03,0.04,0.000299752,0.192,0.000113906,2.947368421,0.000407663,0.824,3.823529412,1,0.04,1,1,0.06,0.04,20,12.20981459,8.920759029,8.920759024,6.258509554,6.258509555,5.369069862,3.212539699,3.212539699,3.212539699,3.212539699,3.212539699,0.000131891,1,40.9,0.001685804,0.711237553,282,0.000751778,0.797448166,0.00155871,0.269230769,0.000119901,0.626,0.011990074,0.013,0.01,0.0087,0.177,0.811,0.811,0.12,0.01,0.0049,0.0072,0.0042,0.118,0.19,0.608,0.76,0.091,0.000155871,0.4,0.000179851,0.003477122,0.14137931,0.000119901,0.9
27,UNKNOWN,Mouse,Mouse,0.022136643,1,1,0.45,1,1,0.000552935,0.000240407,0.160126582,0.001664647,0.000179108,0.764705882,0.001053574,0.8,0.853,0.002,0.135,0.15,0.15,0.853,0.92,0.0016,0.002024,0.135,0.009,0.03,0.04,0.000263393,0.192,0.00010009,2.947368421,0.000358215,0.824,3.823529412,1,0.04,1,1,0.06,0.04,20,12.20981459,8.920759029,8.920759024,6.258509554,6.258509555,5.369069862,3.212539699,3.212539699,3.212539699,3.212539699,3.212539699,0.000115893,1,40.9,0.001481325,0.711237553,282,0.000660591,0.797448166,0.001369646,0.269230769,0.000105357,0.626,0.01053574,0.013,0.01,0.0087,0.177,0.811,0.811,0.12,0.01,0.0049,0.0072,0.0042,0.118,0.19,0.608,0.76,0.091,0.000136965,0.4,0.000158036,0.003055365,0.14137931,0.000105357,0.9
28,UNKNOWN,Mouse,Mouse,0.028149586,1,1,0.45,1,1,0.000703127,0.000305708,0.160126582,0.002116812,0.000227758,0.764705882,0.001339755,0.8,0.853,0.002,0.135,0.15,0.15,0.853,0.92,0.0016,0.002024,0.135,0.009,0.03,0.04,0.000334939,0.192,0.000127277,2.947368421,0.000455517,0.824,3.823529412,1,0.04,1,1,0.06,0.04,20,12.20981459,8.920759029,8.920759024,6.258509554,6.258509555,5.369069862,3.212539699,3.212539699,3.212539699,3.212539699,3.212539699,0.000147373,1,40.9,0.001883695,0.711237553,282,0.000840026,0.797448166,0.001741681,0.269230769,0.000133975,0.626,0.013397547,0.013,0.01,0.0087,0.177,0.811,0.811,0.12,0.01,0.0049,0.0072,0.0042,0.118,0.19,0.608,0.76,0.091,0.000174168,0.4,0.000200963,0.003885289,0.14137931,0.000133975,0.9
29,UNKNOWN,Mouse,Mouse,0.028228158,1,1,0.45,1,1,0.00070509,0.000306561,0.160126582,0.002122721,0.000228394,0.764705882,0.001343494,0.8,0.853,0.002,0.135,0.15,0.15,0.853,0.92,0.0016,0.002024,0.135,0.009,0.03,0.04,0.000335874,0.192,0.000127632,2.947368421,0.000456788,0.824,3.823529412,1,0.04,1,1,0.06,0.04,20,12.20981459,8.920759029,8.920759024,6.258509554,6.258509555,5.369069862,3.212539699,3.212539699,3.212539699,3.212539699,3.212539699,0.000147784,1,40.9,0.001888953,0.711237553,282,0.000842371,0.797448166,0.001746543,0.269230769,0.000134349,0.626,0.013434943,0.013,0.01,0.0087,0.177,0.811,0.811,0.12,0.01,0.0049,0.0072,0.0042,0.118,0.19,0.608,0.76,0.091,0.000174654,0.4,0.000201524,0.003896133,0.14137931,0.000134349,0.9
30,UNKNOWN,Mouse,Mouse,0.025811202,1,1,0.45,1,1,0.000644719,0.000280313,0.160126582,0.001940969,0.000208838,0.764705882,0.001228461,0.8,0.853,0.002,0.135,0.15,0.15,0.853,0.92,0.0016,0.002024,0.135,0.009,0.03,0.04,0.000307115,0.192,0.000116704,2.947368421,0.000417677,0.824,3.823529412,1,0.04,1,1,0.06,0.04,20,12.20981459,8.920759029,8.920759024,6.258509554,6.258509555,5.369069862,3.212539699,3.212539699,3.212539699,3.212539699,3.212539699,0.000135131,1,40.9,0.001727217,0.711237553,282,0.000770245,0.797448166,0.001597,0.269230769,0.000122846,0.626,0.012284614,0.013,0.01,0.0087,0.177,0.811,0.811,0.12,0.01,0.0049,0.0072,0.0042,0.118,0.19,0.608,0.76,0.091,0.0001597,0.4,0.000184269,0.003562538,0.14137931,0.000122846,0.9
31,UNKNOWN,Mouse,Mouse,0.029250797,1,1,0.45,1,1,0.000730634,0.000317667,0.160126582,0.002199622,0.000236668,0.764705882,0.001392166,0.8,0.853,0.002,0.135,0.15,0.15,0.853,0.92,0.0016,0.002024,0.135,0.009,0.03,0.04,0.000348041,0.192,0.000132256,2.947368421,0.000473336,0.824,3.823529412,1,0.04,1,1,0.06,0.04,20,12.20981459,8.920759029,8.920759024,6.258509554,6.258509555,5.369069862,3.212539699,3.212539699,3.212539699,3.212539699,3.212539699,0.000153138,1,40.9,0.001957385,0.711237553,282,0.000872888,0.797448166,0.001809816,0.269230769,0.000139217,0.626,0.013921658,0.013,0.01,0.0087,0.177,0.811,0.811,0.12,0.01,0.0049,0.0072,0.0042,0.118,0.19,0.608,0.76,0.091,0.000180982,0.4,0.000208825,0.004037281,0.14137931,0.000139217,0.9
32,UNKNOWN,Mouse,Mouse,0.021643145,1,1,0.45,1,1,0.000540608,0.000235047,0.160126582,0.001627536,0.000175115,0.764705882,0.001030086,0.8,0.853,0.002,0.135,0.15,0.15,0.853,0.92,0.0016,0.002024,0.135,0.009,0.03,0.04,0.000257522,0.192,9.79E-05,2.947368421,0.000350229,0.824,3.823529412,1,0.04,1,1,0.06,0.04,20,12.20981459,8.920759029,8.920759024,6.258509554,6.258509555,5.369069862,3.212539699,3.212539699,3.212539699,3.212539699,3.212539699,0.000113309,1,40.9,0.001448301,0.711237553,282,0.000645864,0.797448166,0.001339112,0.269230769,0.000103009,0.626,0.010300864,0.013,0.01,0.0087,0.177,0.811,0.811,0.12,0.01,0.0049,0.0072,0.0042,0.118,0.19,0.608,0.76,0.091,0.000133911,0.4,0.000154513,0.00298725,0.14137931,0.000103009,0.9
33,UNKNOWN,Mouse,Mouse,0.027975345,1,1,0.45,1,1,0.000698775,0.000303816,0.160126582,0.00210371,0.000226349,0.764705882,0.001331462,0.8,0.853,0.002,0.135,0.15,0.15,0.853,0.92,0.0016,0.002024,0.135,0.009,0.03,0.04,0.000332865,0.192,0.000126489,2.947368421,0.000452697,0.824,3.823529412,1,0.04,1,1,0.06,0.04,20,12.20981459,8.920759029,8.920759024,6.258509554,6.258509555,5.369069862,3.212539699,3.212539699,3.212539699,3.212539699,3.212539699,0.000146461,1,40.9,0.001872035,0.711237553,282,0.000834827,0.797448166,0.0017309,0.269230769,0.000133146,0.626,0.013314619,0.013,0.01,0.0087,0.177,0.811,0.811,0.12,0.01,0.0049,0.0072,0.0042,0.118,0.19,0.608,0.76,0.091,0.00017309,0.4,0.000199719,0.003861239,0.14137931,0.000133146,0.9
34,UNKNOWN,Mouse,Mouse,0.02248013,1,1,0.45,1,1,0.000561514,0.000244137,0.160126582,0.001690477,0.000181887,0.764705882,0.001069922,0.8,0.853,0.002,0.135,0.15,0.15,0.853,0.92,0.0016,0.002024,0.135,0.009,0.03,0.04,0.00026748,0.192,0.000101643,2.947368421,0.000363773,0.824,3.823529412,1,0.04,1,1,0.06,0.04,20,12.20981459,8.920759029,8.920759024,6.258509554,6.258509555,5.369069862,3.212539699,3.212539699,3.212539699,3.212539699,3.212539699,0.000117691,1,40.9,0.00150431,0.711237553,282,0.000670841,0.797448166,0.001390899,0.269230769,0.000106992,0.626,0.010699219,0.013,0.01,0.0087,0.177,0.811,0.811,0.12,0.01,0.0049,0.0072,0.0042,0.118,0.19,0.608,0.76,0.091,0.00013909,0.4,0.000160488,0.003102774,0.14137931,0.000106992,0.9
35,UNKNOWN,Mouse,Mouse,0.029842608,1,1,0.45,1,1,0.000745416,0.000324094,0.160126582,0.002244126,0.000241457,0.764705882,0.001420333,0.8,0.853,0.002,0.135,0.15,0.15,0.853,0.92,0.0016,0.002024,0.135,0.009,0.03,0.04,0.000355083,0.192,0.000134932,2.947368421,0.000482913,0.824,3.823529412,1,0.04,1,1,0.06,0.04,20,12.20981459,8.920759029,8.920759024,6.258509554,6.258509555,5.369069862,3.212539699,3.212539699,3.212539699,3.212539699,3.212539699,0.000156237,1,40.9,0.001996988,0.711237553,282,0.000890549,0.797448166,0.001846432,0.269230769,0.000142033,0.626,0.014203326,0.013,0.01,0.0087,0.177,0.811,0.811,0.12,0.01,0.0049,0.0072,0.0042,0.118,0.19,0.608,0.76,0.091,0.000184643,0.4,0.00021305,0.004118965,0.14137931,0.000142033,0.9
36,UNKNOWN,Mouse,Mouse,0.023285721,1,1,0.45,1,1,0.000581637,0.000252886,0.160126582,0.001751056,0.000188405,0.764705882,0.001108263,0.8,0.853,0.002,0.135,0.15,0.15,0.853,0.92,0.0016,0.002024,0.135,0.009,0.03,0.04,0.000277066,0.192,0.000105285,2.947368421,0.00037681,0.824,3.823529412,1,0.04,1,1,0.06,0.04,20,12.20981459,8.920759029,8.920759024,6.258509554,6.258509555,5.369069862,3.212539699,3.212539699,3.212539699,3.212539699,3.212539699,0.000121909,1,40.9,0.001558218,0.711237553,282,0.000694881,0.797448166,0.001440742,0.269230769,0.000110826,0.626,0.011082633,0.013,0.01,0.0087,0.177,0.811,0.811,0.12,0.01,0.0049,0.0072,0.0042,0.118,0.19,0.608,0.76,0.091,0.000144074,0.4,0.00016624,0.003213964,0.14137931,0.000110826,0.9
37,UNKNOWN,Mouse,Mouse,0.023895711,1,1,0.45,1,1,0.000596873,0.00025951,0.160126582,0.001796927,0.00019334,0.764705882,0.001137295,0.8,0.853,0.002,0.135,0.15,0.15,0.853,0.92,0.0016,0.002024,0.135,0.009,0.03,0.04,0.000284324,0.192,0.000108043,2.947368421,0.00038668,0.824,3.823529412,1,0.04,1,1,0.06,0.04,20,12.20981459,8.920759029,8.920759024,6.258509554,6.258509555,5.369069862,3.212539699,3.212539699,3.212539699,3.212539699,3.212539699,0.000125102,1,40.9,0.001599037,0.711237553,282,0.000713084,0.797448166,0.001478484,0.269230769,0.00011373,0.626,0.011372953,0.013,0.01,0.0087,0.177,0.811,0.811,0.12,0.01,0.0049,0.0072,0.0042,0.118,0.19,0.608,0.76,0.091,0.000147848,0.4,0.000170594,0.003298156,0.14137931,0.00011373,0.9
38,UNKNOWN,Mouse,Mouse,0.02922261,1,1,0.45,1,1,0.00072993,0.000317361,0.160126582,0.002197502,0.00023644,0.764705882,0.001390824,0.8,0.853,0.002,0.135,0.15,0.15,0.853,0.92,0.0016,0.002024,0.135,0.009,0.03,0.04,0.000347706,0.192,0.000132128,2.947368421,0.00047288,0.824,3.823529412,1,0.04,1,1,0.06,0.04,20,12.20981459,8.920759029,8.920759024,6.258509554,6.258509555,5.369069862,3.212539699,3.212539699,3.212539699,3.212539699,3.212539699,0.000152991,1,40.9,0.001955499,0.711237553,282,0.000872047,0.797448166,0.001808072,0.269230769,0.000139082,0.626,0.013908243,0.013,0.01,0.0087,0.177,0.811,0.811,0.12,0.01,0.0049,0.0072,0.0042,0.118,0.19,0.608,0.76,0.091,0.000180807,0.4,0.000208624,0.004033391,0.14137931,0.000139082,0.9
39,UNKNOWN,Mouse,Mouse,0.021660625,1,1,0.45,1,1,0.000541045,0.000235237,0.160126582,0.001628851,0.000175256,0.764705882,0.001030918,0.8,0.853,0.002,0.135,0.15,0.15,0.853,0.92,0.0016,0.002024,0.135,0.009,0.03,0.04,0.00025773,0.192,9.79E-05,2.947368421,0.000350512,0.824,3.823529412,1,0.04,1,1,0.06,0.04,20,12.20981459,8.920759029,8.920759024,6.258509554,6.258509555,5.369069862,3.212539699,3.212539699,3.212539699,3.212539699,3.212539699,0.000113401,1,40.9,0.001449471,0.711237553,282,0.000646386,0.797448166,0.001340194,0.269230769,0.000103092,0.626,0.010309184,0.013,0.01,0.0087,0.177,0.811,0.811,0.12,0.01,0.0049,0.0072,0.0042,0.118,0.19,0.608,0.76,0.091,0.000134019,0.4,0.000154638,0.002989663,0.14137931,0.000103092,0.9
40,UNKNOWN,Mouse,Mouse,0.021998388,1,1,0.45,1,1,0.000549481,0.000238905,0.160126582,0.00165425,0.000177989,0.764705882,0.001046994,0.8,0.853,0.002,0.135,0.15,0.15,0.853,0.92,0.0016,0.002024,0.135,0.009,0.03,0.04,0.000261748,0.192,9.95E-05,2.947368421,0.000355978,0.824,3.823529412,1,0.04,1,1,0.06,0.04,20,12.20981459,8.920759029,8.920759024,6.258509554,6.258509555,5.369069862,3.212539699,3.212539699,3.212539699,3.212539699,3.212539699,0.000115169,1,40.9,0.001472073,0.711237553,282,0.000656465,0.797448166,0.001361092,0.269230769,0.000104699,0.626,0.010469939,0.013,0.01,0.0087,0.177,0.811,0.811,0.12,0.01,0.0049,0.0072,0.0042,0.118,0.19,0.608,0.76,0.091,0.000136109,0.4,0.000157049,0.003036282,0.14137931,0.000104699,0.9
41,UNKNOWN,Mouse,Mouse,0.020444219,1,1,0.45,1,1,0.000510661,0.000222027,0.160126582,0.001537379,0.000165414,0.764705882,0.000973025,0.8,0.853,0.002,0.135,0.15,0.15,0.853,0.92,0.0016,0.002024,0.135,0.009,0.03,0.04,0.000243256,0.192,9.24E-05,2.947368421,0.000330828,0.824,3.823529412,1,0.04,1,1,0.06,0.04,20,12.20981459,8.920759029,8.920759024,6.258509554,6.258509555,5.369069862,3.212539699,3.212539699,3.212539699,3.212539699,3.212539699,0.000107033,1,40.9,0.001368073,0.711237553,282,0.000610086,0.797448166,0.001264932,0.269230769,9.73E-05,0.626,0.009730245,0.013,0.01,0.0087,0.177,0.811,0.811,0.12,0.01,0.0049,0.0072,0.0042,0.118,0.19,0.608,0.76,0.091,0.000126493,0.4,0.000145954,0.002821771,0.14137931,9.73E-05,0.9
42,UNKNOWN,Mouse,Mouse,0.023394359,1,1,0.45,1,1,0.00058435,0.000254066,0.160126582,0.001759225,0.000189284,0.764705882,0.001113434,0.8,0.853,0.002,0.135,0.15,0.15,0.853,0.92,0.0016,0.002024,0.135,0.009,0.03,0.04,0.000278358,0.192,0.000105776,2.947368421,0.000378568,0.824,3.823529412,1,0.04,1,1,0.06,0.04,20,12.20981459,8.920759029,8.920759024,6.258509554,6.258509555,5.369069862,3.212539699,3.212539699,3.212539699,3.212539699,3.212539699,0.000122478,1,40.9,0.001565488,0.711237553,282,0.000698123,0.797448166,0.001447464,0.269230769,0.000111343,0.626,0.011134338,0.013,0.01,0.0087,0.177,0.811,0.811,0.12,0.01,0.0049,0.0072,0.0042,0.118,0.19,0.608,0.76,0.091,0.000144746,0.4,0.000167015,0.003228958,0.14137931,0.000111343,0.9
43,UNKNOWN,Mouse,Mouse,0.027144192,1,1,0.45,1,1,0.000678014,0.000294789,0.160126582,0.002041208,0.000219624,0.764705882,0.001291904,0.8,0.853,0.002,0.135,0.15,0.15,0.853,0.92,0.0016,0.002024,0.135,0.009,0.03,0.04,0.000322976,0.192,0.000122731,2.947368421,0.000439247,0.824,3.823529412,1,0.04,1,1,0.06,0.04,20,12.20981459,8.920759029,8.920759024,6.258509554,6.258509555,5.369069862,3.212539699,3.212539699,3.212539699,3.212539699,3.212539699,0.000142109,1,40.9,0.001816417,0.711237553,282,0.000810024,0.797448166,0.001679475,0.269230769,0.00012919,0.626,0.012919038,0.013,0.01,0.0087,0.177,0.811,0.811,0.12,0.01,0.0049,0.0072,0.0042,0.118,0.19,0.608,0.76,0.091,0.000167947,0.4,0.000193786,0.003746521,0.14137931,0.00012919,0.9
44,UNKNOWN,Mouse,Mouse,0.024869273,1,1,0.45,1,1,0.000621191,0.000270083,0.160126582,0.001870137,0.000201217,0.764705882,0.001183631,0.8,0.853,0.002,0.135,0.15,0.15,0.853,0.92,0.0016,0.002024,0.135,0.009,0.03,0.04,0.000295908,0.192,0.000112445,2.947368421,0.000402435,0.824,3.823529412,1,0.04,1,1,0.06,0.04,20,12.20981459,8.920759029,8.920759024,6.258509554,6.258509555,5.369069862,3.212539699,3.212539699,3.212539699,3.212539699,3.212539699,0.000130199,1,40.9,0.001664185,0.711237553,282,0.000742137,0.797448166,0.00153872,0.269230769,0.000118363,0.626,0.011836311,0.013,0.01,0.0087,0.177,0.811,0.811,0.12,0.01,0.0049,0.0072,0.0042,0.118,0.19,0.608,0.76,0.091,0.000153872,0.4,0.000177545,0.00343253,0.14137931,0.000118363,0.9
45,UNKNOWN,Mouse,Mouse,0.027414841,1,1,0.45,1,1,0.000684775,0.000297728,0.160126582,0.002061561,0.000221813,0.764705882,0.001304785,0.8,0.853,0.002,0.135,0.15,0.15,0.853,0.92,0.0016,0.002024,0.135,0.009,0.03,0.04,0.000326196,0.192,0.000123955,2.947368421,0.000443627,0.824,3.823529412,1,0.04,1,1,0.06,0.04,20,12.20981459,8.920759029,8.920759024,6.258509554,6.258509555,5.369069862,3.212539699,3.212539699,3.212539699,3.212539699,3.212539699,0.000143526,1,40.9,0.001834528,0.711237553,282,0.0008181,0.797448166,0.001696221,0.269230769,0.000130479,0.626,0.013047852,0.013,0.01,0.0087,0.177,0.811,0.811,0.12,0.01,0.0049,0.0072,0.0042,0.118,0.19,0.608,0.76,0.091,0.000169622,0.4,0.000195718,0.003783877,0.14137931,0.000130479,0.9
46,UNKNOWN,Mouse,Mouse,0.024990317,1,1,0.45,1,1,0.000624214,0.000271398,0.160126582,0.001879239,0.000202197,0.764705882,0.001189392,0.8,0.853,0.002,0.135,0.15,0.15,0.853,0.92,0.0016,0.002024,0.135,0.009,0.03,0.04,0.000297348,0.192,0.000112992,2.947368421,0.000404393,0.824,3.823529412,1,0.04,1,1,0.06,0.04,20,12.20981459,8.920759029,8.920759024,6.258509554,6.258509555,5.369069862,3.212539699,3.212539699,3.212539699,3.212539699,3.212539699,0.000130833,1,40.9,0.001672285,0.711237553,282,0.000745749,0.797448166,0.00154621,0.269230769,0.000118939,0.626,0.011893921,0.013,0.01,0.0087,0.177,0.811,0.811,0.12,0.01,0.0049,0.0072,0.0042,0.118,0.19,0.608,0.76,0.091,0.000154621,0.4,0.000178409,0.003449237,0.14137931,0.000118939,0.9
47,UNKNOWN,Mouse,Mouse,0.027355333,1,1,0.45,1,1,0.000683288,0.000297082,0.160126582,0.002057086,0.000221332,0.764705882,0.001301953,0.8,0.853,0.002,0.135,0.15,0.15,0.853,0.92,0.0016,0.002024,0.135,0.009,0.03,0.04,0.000325488,0.192,0.000123686,2.947368421,0.000442664,0.824,3.823529412,1,0.04,1,1,0.06,0.04,20,12.20981459,8.920759029,8.920759024,6.258509554,6.258509555,5.369069862,3.212539699,3.212539699,3.212539699,3.212539699,3.212539699,0.000143215,1,40.9,0.001830546,0.711237553,282,0.000816324,0.797448166,0.001692539,0.269230769,0.000130195,0.626,0.013019529,0.013,0.01,0.0087,0.177,0.811,0.811,0.12,0.01,0.0049,0.0072,0.0042,0.118,0.19,0.608,0.76,0.091,0.000169254,0.4,0.000195293,0.003775664,0.14137931,0.000130195,0.9
48,UNKNOWN,Mouse,Mouse,0.022086022,1,1,0.45,1,1,0.00055167,0.000239857,0.160126582,0.00166084,0.000178698,0.764705882,0.001051165,0.8,0.853,0.002,0.135,0.15,0.15,0.853,0.92,0.0016,0.002024,0.135,0.009,0.03,0.04,0.000262791,0.192,9.99E-05,2.947368421,0.000357396,0.824,3.823529412,1,0.04,1,1,0.06,0.04,20,12.20981459,8.920759029,8.920759024,6.258509554,6.258509555,5.369069862,3.212539699,3.212539699,3.212539699,3.212539699,3.212539699,0.000115628,1,40.9,0.001477938,0.711237553,282,0.00065908,0.797448166,0.001366514,0.269230769,0.000105116,0.626,0.010511647,0.013,0.01,0.0087,0.177,0.811,0.811,0.12,0.01,0.0049,0.0072,0.0042,0.118,0.19,0.608,0.76,0.091,0.000136651,0.4,0.000157675,0.003048378,0.14137931,0.000105116,0.9
49,UNKNOWN,Mouse,Mouse,0.022739563,1,1,0.45,1,1,0.000567994,0.000246954,0.160126582,0.001709986,0.000183986,0.764705882,0.001082269,0.8,0.853,0.002,0.135,0.15,0.15,0.853,0.92,0.0016,0.002024,0.135,0.009,0.03,0.04,0.000270567,0.192,0.000102816,2.947368421,0.000367972,0.824,3.823529412,1,0.04,1,1,0.06,0.04,20,12.20981459,8.920759029,8.920759024,6.258509554,6.258509555,5.369069862,3.212539699,3.212539699,3.212539699,3.212539699,3.212539699,0.00011905,1,40.9,0.001521671,0.711237553,282,0.000678583,0.797448166,0.00140695,0.269230769,0.000108227,0.626,0.010822694,0.013,0.01,0.0087,0.177,0.811,0.811,0.12,0.01,0.0049,0.0072,0.0042,0.118,0.19,0.608,0.76,0.091,0.000140695,0.4,0.00016234,0.003138581,0.14137931,0.000108227,0.9
50,UNKNOWN,Mouse,Mouse,0.023748051,1,1,0.45,1,1,0.000593185,0.000257907,0.160126582,0.001785823,0.000192145,0.764705882,0.001130268,0.8,0.853,0.002,0.135,0.15,0.15,0.853,0.92,0.0016,0.002024,0.135,0.009,0.03,0.04,0.000282567,0.192,0.000107375,2.947368421,0.000384291,0.824,3.823529412,1,0.04,1,1,0.06,0.04,20,12.20981459,8.920759029,8.920759024,6.258509554,6.258509555,5.369069862,3.212539699,3.212539699,3.212539699,3.212539699,3.212539699,0.000124329,1,40.9,0.001589156,0.711237553,282,0.000708678,0.797448166,0.001469348,0.269230769,0.000113027,0.626,0.011302675,0.013,0.01,0.0087,0.177,0.811,0.811,0.12,0.01,0.0049,0.0072,0.0042,0.118,0.19,0.608,0.76,0.091,0.000146935,0.4,0.00016954,0.003277776,0.14137931,0.000113027,0.9
51,UNKNOWN,Mouse,Mouse,0.029497635,1,1,0.45,1,1,0.000736799,0.000320348,0.160126582,0.002218184,0.000238665,0.764705882,0.001403914,0.8,0.853,0.002,0.135,0.15,0.15,0.853,0.92,0.0016,0.002024,0.135,0.009,0.03,0.04,0.000350978,0.192,0.000133372,2.947368421,0.000477331,0.824,3.823529412,1,0.04,1,1,0.06,0.04,20,12.20981459,8.920759029,8.920759024,6.258509554,6.258509555,5.369069862,3.212539699,3.212539699,3.212539699,3.212539699,3.212539699,0.000154431,1,40.9,0.001973903,0.711237553,282,0.000880254,0.797448166,0.001825088,0.269230769,0.000140391,0.626,0.014039139,0.013,0.01,0.0087,0.177,0.811,0.811,0.12,0.01,0.0049,0.0072,0.0042,0.118,0.19,0.608,0.76,0.091,0.000182509,0.4,0.000210587,0.00407135,0.14137931,0.000140391,0.9
52,UNKNOWN,Mouse,Mouse,0.02844372,1,1,0.45,1,1,0.000710474,0.000308902,0.160126582,0.002138931,0.000230138,0.764705882,0.001353754,0.8,0.853,0.002,0.135,0.15,0.15,0.853,0.92,0.0016,0.002024,0.135,0.009,0.03,0.04,0.000338438,0.192,0.000128607,2.947368421,0.000460276,0.824,3.823529412,1,0.04,1,1,0.06,0.04,20,12.20981459,8.920759029,8.920759024,6.258509554,6.258509555,5.369069862,3.212539699,3.212539699,3.212539699,3.212539699,3.212539699,0.000148913,1,40.9,0.001903378,0.711237553,282,0.000848804,0.797448166,0.00175988,0.269230769,0.000135375,0.626,0.013537537,0.013,0.01,0.0087,0.177,0.811,0.811,0.12,0.01,0.0049,0.0072,0.0042,0.118,0.19,0.608,0.76,0.091,0.000175988,0.4,0.000203063,0.003925886,0.14137931,0.000135375,0.9
53,UNKNOWN,Mouse,Mouse,0.028402839,1,1,0.45,1,1,0.000709453,0.000308458,0.160126582,0.002135857,0.000229807,0.764705882,0.001351808,0.8,0.853,0.002,0.135,0.15,0.15,0.853,0.92,0.0016,0.002024,0.135,0.009,0.03,0.04,0.000337952,0.192,0.000128422,2.947368421,0.000459615,0.824,3.823529412,1,0.04,1,1,0.06,0.04,20,12.20981459,8.920759029,8.920759024,6.258509554,6.258509555,5.369069862,3.212539699,3.212539699,3.212539699,3.212539699,3.212539699,0.000148699,1,40.9,0.001900642,0.711237553,282,0.000847584,0.797448166,0.00175735,0.269230769,0.000135181,0.626,0.01351808,0.013,0.01,0.0087,0.177,0.811,0.811,0.12,0.01,0.0049,0.0072,0.0042,0.118,0.19,0.608,0.76,0.091,0.000175735,0.4,0.000202771,0.003920243,0.14137931,0.000135181,0.9
54,UNKNOWN,Mouse,Mouse,0.024748029,1,1,0.45,1,1,0.000618162,0.000268767,0.160126582,0.00186102,0.000200236,0.764705882,0.001177861,0.8,0.853,0.002,0.135,0.15,0.15,0.853,0.92,0.0016,0.002024,0.135,0.009,0.03,0.04,0.000294465,0.192,0.000111897,2.947368421,0.000400473,0.824,3.823529412,1,0.04,1,1,0.06,0.04,20,12.20981459,8.920759029,8.920759024,6.258509554,6.258509555,5.369069862,3.212539699,3.212539699,3.212539699,3.212539699,3.212539699,0.000129565,1,40.9,0.001656072,0.711237553,282,0.000738519,0.797448166,0.001531219,0.269230769,0.000117786,0.626,0.011778606,0.013,0.01,0.0087,0.177,0.811,0.811,0.12,0.01,0.0049,0.0072,0.0042,0.118,0.19,0.608,0.76,0.091,0.000153122,0.4,0.000176679,0.003415796,0.14137931,0.000117786,0.9
55,UNKNOWN,Mouse,Mouse,0.026200503,1,1,0.45,1,1,0.000654443,0.000284541,0.160126582,0.001970244,0.000211988,0.764705882,0.00124699,0.8,0.853,0.002,0.135,0.15,0.15,0.853,0.92,0.0016,0.002024,0.135,0.009,0.03,0.04,0.000311747,0.192,0.000118464,2.947368421,0.000423977,0.824,3.823529412,1,0.04,1,1,0.06,0.04,20,12.20981459,8.920759029,8.920759024,6.258509554,6.258509555,5.369069862,3.212539699,3.212539699,3.212539699,3.212539699,3.212539699,0.000137169,1,40.9,0.001753268,0.711237553,282,0.000781863,0.797448166,0.001621087,0.269230769,0.000124699,0.626,0.012469898,0.013,0.01,0.0087,0.177,0.811,0.811,0.12,0.01,0.0049,0.0072,0.0042,0.118,0.19,0.608,0.76,0.091,0.000162109,0.4,0.000187048,0.00361627,0.14137931,0.000124699,0.9
56,UNKNOWN,Mouse,Mouse,0.020268003,1,1,0.45,1,1,0.000506259,0.000220113,0.160126582,0.001524128,0.000163988,0.764705882,0.000964638,0.8,0.853,0.002,0.135,0.15,0.15,0.853,0.92,0.0016,0.002024,0.135,0.009,0.03,0.04,0.000241159,0.192,9.16E-05,2.947368421,0.000327977,0.824,3.823529412,1,0.04,1,1,0.06,0.04,20,12.20981459,8.920759029,8.920759024,6.258509554,6.258509555,5.369069862,3.212539699,3.212539699,3.212539699,3.212539699,3.212539699,0.00010611,1,40.9,0.001356281,0.711237553,282,0.000604828,0.797448166,0.001254029,0.269230769,9.65E-05,0.626,0.009646377,0.013,0.01,0.0087,0.177,0.811,0.811,0.12,0.01,0.0049,0.0072,0.0042,0.118,0.19,0.608,0.76,0.091,0.000125403,0.4,0.000144696,0.002797449,0.14137931,9.65E-05,0.9
57,UNKNOWN,Mouse,Mouse,0.023054698,1,1,0.45,1,1,0.000575866,0.000250377,0.160126582,0.001733683,0.000186536,0.764705882,0.001097268,0.8,0.853,0.002,0.135,0.15,0.15,0.853,0.92,0.0016,0.002024,0.135,0.009,0.03,0.04,0.000274317,0.192,0.00010424,2.947368421,0.000373071,0.824,3.823529412,1,0.04,1,1,0.06,0.04,20,12.20981459,8.920759029,8.920759024,6.258509554,6.258509555,5.369069862,3.212539699,3.212539699,3.212539699,3.212539699,3.212539699,0.000120699,1,40.9,0.001542759,0.711237553,282,0.000687987,0.797448166,0.001426448,0.269230769,0.000109727,0.626,0.01097268,0.013,0.01,0.0087,0.177,0.811,0.811,0.12,0.01,0.0049,0.0072,0.0042,0.118,0.19,0.608,0.76,0.091,0.000142645,0.4,0.00016459,0.003182077,0.14137931,0.000109727,0.9
58,UNKNOWN,Mouse,Mouse,0.024283682,1,1,0.45,1,1,0.000606564,0.000263724,0.160126582,0.001826101,0.000196479,0.764705882,0.00115576,0.8,0.853,0.002,0.135,0.15,0.15,0.853,0.92,0.0016,0.002024,0.135,0.009,0.03,0.04,0.00028894,0.192,0.000109797,2.947368421,0.000392959,0.824,3.823529412,1,0.04,1,1,0.06,0.04,20,12.20981459,8.920759029,8.920759024,6.258509554,6.258509555,5.369069862,3.212539699,3.212539699,3.212539699,3.212539699,3.212539699,0.000127134,1,40.9,0.001624999,0.711237553,282,0.000724662,0.797448166,0.001502489,0.269230769,0.000115576,0.626,0.011557604,0.013,0.01,0.0087,0.177,0.811,0.811,0.12,0.01,0.0049,0.0072,0.0042,0.118,0.19,0.608,0.76,0.091,0.000150249,0.4,0.000173364,0.003351705,0.14137931,0.000115576,0.9
59,UNKNOWN,Mouse,Mouse,0.026958565,1,1,0.45,1,1,0.000673378,0.000292773,0.160126582,0.002027249,0.000218122,0.764705882,0.001283069,0.8,0.853,0.002,0.135,0.15,0.15,0.853,0.92,0.0016,0.002024,0.135,0.009,0.03,0.04,0.000320767,0.192,0.000121892,2.947368421,0.000436243,0.824,3.823529412,1,0.04,1,1,0.06,0.04,20,12.20981459,8.920759029,8.920759024,6.258509554,6.258509555,5.369069862,3.212539699,3.212539699,3.212539699,3.212539699,3.212539699,0.000141138,1,40.9,0.001803995,0.711237553,282,0.000804484,0.797448166,0.00166799,0.269230769,0.000128307,0.626,0.012830691,0.013,0.01,0.0087,0.177,0.811,0.811,0.12,0.01,0.0049,0.0072,0.0042,0.118,0.19,0.608,0.76,0.091,0.000166799,0.4,0.00019246,0.0037209,0.14137931,0.000128307,0.9
60,UNKNOWN,Mouse,Mouse,0.029624311,1,1,0.45,1,1,0.000739963,0.000321724,0.160126582,0.00222771,0.00023969,0.764705882,0.001409943,0.8,0.853,0.002,0.135,0.15,0.15,0.853,0.92,0.0016,0.002024,0.135,0.009,0.03,0.04,0.000352486,0.192,0.000133945,2.947368421,0.000479381,0.824,3.823529412,1,0.04,1,1,0.06,0.04,20,12.20981459,8.920759029,8.920759024,6.258509554,6.258509555,5.369069862,3.212539699,3.212539699,3.212539699,3.212539699,3.212539699,0.000155094,1,40.9,0.00198238,0.711237553,282,0.000884034,0.797448166,0.001832926,0.269230769,0.000140994,0.626,0.014099429,0.013,0.01,0.0087,0.177,0.811,0.811,0.12,0.01,0.0049,0.0072,0.0042,0.118,0.19,0.608,0.76,0.091,0.000183293,0.4,0.000211491,0.004088835,0.14137931,0.000140994,0.9
61,UNKNOWN,Mouse,Mouse,0.027000637,1,1,0.45,1,1,0.000674429,0.00029323,0.160126582,0.002030413,0.000218462,0.764705882,0.001285071,0.8,0.853,0.002,0.135,0.15,0.15,0.853,0.92,0.0016,0.002024,0.135,0.009,0.03,0.04,0.000321268,0.192,0.000122082,2.947368421,0.000436924,0.824,3.823529412,1,0.04,1,1,0.06,0.04,20,12.20981459,8.920759029,8.920759024,6.258509554,6.258509555,5.369069862,3.212539699,3.212539699,3.212539699,3.212539699,3.212539699,0.000141358,1,40.9,0.00180681,0.711237553,282,0.00080574,0.797448166,0.001670593,0.269230769,0.000128507,0.626,0.012850715,0.013,0.01,0.0087,0.177,0.811,0.811,0.12,0.01,0.0049,0.0072,0.0042,0.118,0.19,0.608,0.76,0.091,0.000167059,0.4,0.000192761,0.003726707,0.14137931,0.000128507,0.9
62,UNKNOWN,Mouse,Mouse,0.020073896,1,1,0.45,1,1,0.000501411,0.000218005,0.160126582,0.001509531,0.000162418,0.764705882,0.000955399,0.8,0.853,0.002,0.135,0.15,0.15,0.853,0.92,0.0016,0.002024,0.135,0.009,0.03,0.04,0.00023885,0.192,9.08E-05,2.947368421,0.000324836,0.824,3.823529412,1,0.04,1,1,0.06,0.04,20,12.20981459,8.920759029,8.920759024,6.258509554,6.258509555,5.369069862,3.212539699,3.212539699,3.212539699,3.212539699,3.212539699,0.000105094,1,40.9,0.001343291,0.711237553,282,0.000599035,0.797448166,0.001242019,0.269230769,9.55E-05,0.626,0.009553994,0.013,0.01,0.0087,0.177,0.811,0.811,0.12,0.01,0.0049,0.0072,0.0042,0.118,0.19,0.608,0.76,0.091,0.000124202,0.4,0.00014331,0.002770658,0.14137931,9.55E-05,0.9
63,UNKNOWN,Mouse,Mouse,0.023540222,1,1,0.45,1,1,0.000587994,0.00025565,0.160126582,0.001770194,0.000190464,0.764705882,0.001120376,0.8,0.853,0.002,0.135,0.15,0.15,0.853,0.92,0.0016,0.002024,0.135,0.009,0.03,0.04,0.000280094,0.192,0.000106436,2.947368421,0.000380928,0.824,3.823529412,1,0.04,1,1,0.06,0.04,20,12.20981459,8.920759029,8.920759024,6.258509554,6.258509555,5.369069862,3.212539699,3.212539699,3.212539699,3.212539699,3.212539699,0.000123241,1,40.9,0.001575249,0.711237553,282,0.000702476,0.797448166,0.001456489,0.269230769,0.000112038,0.626,0.011203761,0.013,0.01,0.0087,0.177,0.811,0.811,0.12,0.01,0.0049,0.0072,0.0042,0.118,0.19,0.608,0.76,0.091,0.000145649,0.4,0.000168056,0.003249091,0.14137931,0.000112038,0.9
64,UNKNOWN,Mouse,Mouse,0.021386361,1,1,0.45,1,1,0.000534194,0.000232258,0.160126582,0.001608227,0.000173037,0.764705882,0.001017865,0.8,0.853,0.002,0.135,0.15,0.15,0.853,0.92,0.0016,0.002024,0.135,0.009,0.03,0.04,0.000254466,0.192,9.67E-05,2.947368421,0.000346074,0.824,3.823529412,1,0.04,1,1,0.06,0.04,20,12.20981459,8.920759029,8.920759024,6.258509554,6.258509555,5.369069862,3.212539699,3.212539699,3.212539699,3.212539699,3.212539699,0.000111965,1,40.9,0.001431118,0.711237553,282,0.000638201,0.797448166,0.001323224,0.269230769,0.000101786,0.626,0.01017865,0.013,0.01,0.0087,0.177,0.811,0.811,0.12,0.01,0.0049,0.0072,0.0042,0.118,0.19,0.608,0.76,0.091,0.000132322,0.4,0.00015268,0.002951808,0.14137931,0.000101786,0.9
65,UNKNOWN,Mouse,Mouse,0.027103838,1,1,0.45,1,1,0.000677006,0.000294351,0.160126582,0.002038174,0.000219297,0.764705882,0.001289983,0.8,0.853,0.002,0.135,0.15,0.15,0.853,0.92,0.0016,0.002024,0.135,0.009,0.03,0.04,0.000322496,0.192,0.000122548,2.947368421,0.000438594,0.824,3.823529412,1,0.04,1,1,0.06,0.04,20,12.20981459,8.920759029,8.920759024,6.258509554,6.258509555,5.369069862,3.212539699,3.212539699,3.212539699,3.212539699,3.212539699,0.000141898,1,40.9,0.001813716,0.711237553,282,0.000808819,0.797448166,0.001676978,0.269230769,0.000128998,0.626,0.012899832,0.013,0.01,0.0087,0.177,0.811,0.811,0.12,0.01,0.0049,0.0072,0.0042,0.118,0.19,0.608,0.76,0.091,0.000167698,0.4,0.000193497,0.003740951,0.14137931,0.000128998,0.9
66,UNKNOWN,Mouse,Mouse,0.028924962,1,1,0.45,1,1,0.000722495,0.000314129,0.160126582,0.00217512,0.000234032,0.764705882,0.001376658,0.8,0.853,0.002,0.135,0.15,0.15,0.853,0.92,0.0016,0.002024,0.135,0.009,0.03,0.04,0.000344165,0.192,0.000130783,2.947368421,0.000468064,0.824,3.823529412,1,0.04,1,1,0.06,0.04,20,12.20981459,8.920759029,8.920759024,6.258509554,6.258509555,5.369069862,3.212539699,3.212539699,3.212539699,3.212539699,3.212539699,0.000151432,1,40.9,0.001935581,0.711237553,282,0.000863165,0.797448166,0.001789655,0.269230769,0.000137666,0.626,0.01376658,0.013,0.01,0.0087,0.177,0.811,0.811,0.12,0.01,0.0049,0.0072,0.0042,0.118,0.19,0.608,0.76,0.091,0.000178966,0.4,0.000206499,0.003992308,0.14137931,0.000137666,0.9
67,UNKNOWN,Mouse,Mouse,0.024743521,1,1,0.45,1,1,0.00061805,0.000268718,0.160126582,0.001860681,0.0002002,0.764705882,0.001177646,0.8,0.853,0.002,0.135,0.15,0.15,0.853,0.92,0.0016,0.002024,0.135,0.009,0.03,0.04,0.000294412,0.192,0.000111876,2.947368421,0.0004004,0.824,3.823529412,1,0.04,1,1,0.06,0.04,20,12.20981459,8.920759029,8.920759024,6.258509554,6.258509555,5.369069862,3.212539699,3.212539699,3.212539699,3.212539699,3.212539699,0.000129541,1,40.9,0.00165577,0.711237553,282,0.000738384,0.797448166,0.00153094,0.269230769,0.000117765,0.626,0.01177646,0.013,0.01,0.0087,0.177,0.811,0.811,0.12,0.01,0.0049,0.0072,0.0042,0.118,0.19,0.608,0.76,0.091,0.000153094,0.4,0.000176647,0.003415174,0.14137931,0.000117765,0.9
68,UNKNOWN,Mouse,Mouse,0.02333475,1,1,0.45,1,1,0.000582861,0.000253418,0.160126582,0.001754743,0.000188801,0.764705882,0.001110597,0.8,0.853,0.002,0.135,0.15,0.15,0.853,0.92,0.0016,0.002024,0.135,0.009,0.03,0.04,0.000277649,0.192,0.000105507,2.947368421,0.000377603,0.824,3.823529412,1,0.04,1,1,0.06,0.04,20,12.20981459,8.920759029,8.920759024,6.258509554,6.258509555,5.369069862,3.212539699,3.212539699,3.212539699,3.212539699,3.212539699,0.000122166,1,40.9,0.001561499,0.711237553,282,0.000696344,0.797448166,0.001443776,0.269230769,0.00011106,0.626,0.011105968,0.013,0.01,0.0087,0.177,0.811,0.811,0.12,0.01,0.0049,0.0072,0.0042,0.118,0.19,0.608,0.76,0.091,0.000144378,0.4,0.00016659,0.003220731,0.14137931,0.00011106,0.9
69,UNKNOWN,Mouse,Mouse,0.02545434,1,1,0.45,1,1,0.000635805,0.000276437,0.160126582,0.001914133,0.000205951,0.764705882,0.001211477,0.8,0.853,0.002,0.135,0.15,0.15,0.853,0.92,0.0016,0.002024,0.135,0.009,0.03,0.04,0.000302869,0.192,0.00011509,2.947368421,0.000411902,0.824,3.823529412,1,0.04,1,1,0.06,0.04,20,12.20981459,8.920759029,8.920759024,6.258509554,6.258509555,5.369069862,3.212539699,3.212539699,3.212539699,3.212539699,3.212539699,0.000133262,1,40.9,0.001703336,0.711237553,282,0.000759596,0.797448166,0.00157492,0.269230769,0.000121148,0.626,0.012114768,0.013,0.01,0.0087,0.177,0.811,0.811,0.12,0.01,0.0049,0.0072,0.0042,0.118,0.19,0.608,0.76,0.091,0.000157492,0.4,0.000181722,0.003513283,0.14137931,0.000121148,0.9
70,UNKNOWN,Mouse,Mouse,0.023312346,1,1,0.45,1,1,0.000582302,0.000253175,0.160126582,0.001753058,0.00018862,0.764705882,0.001109531,0.8,0.853,0.002,0.135,0.15,0.15,0.853,0.92,0.0016,0.002024,0.135,0.009,0.03,0.04,0.000277383,0.192,0.000105405,2.947368421,0.00037724,0.824,3.823529412,1,0.04,1,1,0.06,0.04,20,12.20981459,8.920759029,8.920759024,6.258509554,6.258509555,5.369069862,3.212539699,3.212539699,3.212539699,3.212539699,3.212539699,0.000122048,1,40.9,0.00156,0.711237553,282,0.000695676,0.797448166,0.00144239,0.269230769,0.000110953,0.626,0.011095305,0.013,0.01,0.0087,0.177,0.811,0.811,0.12,0.01,0.0049,0.0072,0.0042,0.118,0.19,0.608,0.76,0.091,0.000144239,0.4,0.00016643,0.003217639,0.14137931,0.000110953,0.9
71,UNKNOWN,Mouse,Mouse,0.028614628,1,1,0.45,1,1,0.000714743,0.000310758,0.160126582,0.002151783,0.000231521,0.764705882,0.001361888,0.8,0.853,0.002,0.135,0.15,0.15,0.853,0.92,0.0016,0.002024,0.135,0.009,0.03,0.04,0.000340472,0.192,0.000129379,2.947368421,0.000463042,0.824,3.823529412,1,0.04,1,1,0.06,0.04,20,12.20981459,8.920759029,8.920759024,6.258509554,6.258509555,5.369069862,3.212539699,3.212539699,3.212539699,3.212539699,3.212539699,0.000149808,1,40.9,0.001914814,0.711237553,282,0.000853904,0.797448166,0.001770454,0.269230769,0.000136189,0.626,0.013618879,0.013,0.01,0.0087,0.177,0.811,0.811,0.12,0.01,0.0049,0.0072,0.0042,0.118,0.19,0.608,0.76,0.091,0.000177045,0.4,0.000204283,0.003949475,0.14137931,0.000136189,0.9
72,UNKNOWN,Mouse,Mouse,0.021487765,1,1,0.45,1,1,0.000536727,0.00023336,0.160126582,0.001615852,0.000173858,0.764705882,0.001022691,0.8,0.853,0.002,0.135,0.15,0.15,0.853,0.92,0.0016,0.002024,0.135,0.009,0.03,0.04,0.000255673,0.192,9.72E-05,2.947368421,0.000347715,0.824,3.823529412,1,0.04,1,1,0.06,0.04,20,12.20981459,8.920759029,8.920759024,6.258509554,6.258509555,5.369069862,3.212539699,3.212539699,3.212539699,3.212539699,3.212539699,0.000112496,1,40.9,0.001437904,0.711237553,282,0.000641227,0.797448166,0.001329499,0.269230769,0.000102269,0.626,0.010226912,0.013,0.01,0.0087,0.177,0.811,0.811,0.12,0.01,0.0049,0.0072,0.0042,0.118,0.19,0.608,0.76,0.091,0.00013295,0.4,0.000153404,0.002965805,0.14137931,0.000102269,0.9
73,UNKNOWN,Mouse,Mouse,0.020025544,1,1,0.45,1,1,0.000500203,0.00021748,0.160126582,0.001505895,0.000162027,0.764705882,0.000953098,0.8,0.853,0.002,0.135,0.15,0.15,0.853,0.92,0.0016,0.002024,0.135,0.009,0.03,0.04,0.000238275,0.192,9.05E-05,2.947368421,0.000324053,0.824,3.823529412,1,0.04,1,1,0.06,0.04,20,12.20981459,8.920759029,8.920759024,6.258509554,6.258509555,5.369069862,3.212539699,3.212539699,3.212539699,3.212539699,3.212539699,0.000104841,1,40.9,0.001340056,0.711237553,282,0.000597593,0.797448166,0.001239028,0.269230769,9.53E-05,0.626,0.009530981,0.013,0.01,0.0087,0.177,0.811,0.811,0.12,0.01,0.0049,0.0072,0.0042,0.118,0.19,0.608,0.76,0.091,0.000123903,0.4,0.000142965,0.002763985,0.14137931,9.53E-05,0.9
74,UNKNOWN,Mouse,Mouse,0.020584337,1,1,0.45,1,1,0.000514161,0.000223548,0.160126582,0.001547916,0.000166548,0.764705882,0.000979693,0.8,0.853,0.002,0.135,0.15,0.15,0.853,0.92,0.0016,0.002024,0.135,0.009,0.03,0.04,0.000244923,0.192,9.31E-05,2.947368421,0.000333096,0.824,3.823529412,1,0.04,1,1,0.06,0.04,20,12.20981459,8.920759029,8.920759024,6.258509554,6.258509555,5.369069862,3.212539699,3.212539699,3.212539699,3.212539699,3.212539699,0.000107766,1,40.9,0.001377449,0.711237553,282,0.000614268,0.797448166,0.001273601,0.269230769,9.80E-05,0.626,0.009796934,0.013,0.01,0.0087,0.177,0.811,0.811,0.12,0.01,0.0049,0.0072,0.0042,0.118,0.19,0.608,0.76,0.091,0.00012736,0.4,0.000146954,0.002841111,0.14137931,9.80E-05,0.9
75,UNKNOWN,Mouse,Mouse,0.024601435,1,1,0.45,1,1,0.000614501,0.000267175,0.160126582,0.001849996,0.00019905,0.764705882,0.001170884,0.8,0.853,0.002,0.135,0.15,0.15,0.853,0.92,0.0016,0.002024,0.135,0.009,0.03,0.04,0.000292721,0.192,0.000111234,2.947368421,0.0003981,0.824,3.823529412,1,0.04,1,1,0.06,0.04,20,12.20981459,8.920759029,8.920759024,6.258509554,6.258509555,5.369069862,3.212539699,3.212539699,3.212539699,3.212539699,3.212539699,0.000128797,1,40.9,0.001646262,0.711237553,282,0.000734144,0.797448166,0.001522149,0.269230769,0.000117088,0.626,0.011708836,0.013,0.01,0.0087,0.177,0.811,0.811,0.12,0.01,0.0049,0.0072,0.0042,0.118,0.19,0.608,0.76,0.091,0.000152215,0.4,0.000175633,0.003395562,0.14137931,0.000117088,0.9
76,UNKNOWN,Mouse,Mouse,0.022727864,1,1,0.45,1,1,0.000567702,0.000246827,0.160126582,0.001709106,0.000183891,0.764705882,0.001081713,0.8,0.853,0.002,0.135,0.15,0.15,0.853,0.92,0.0016,0.002024,0.135,0.009,0.03,0.04,0.000270428,0.192,0.000102763,2.947368421,0.000367782,0.824,3.823529412,1,0.04,1,1,0.06,0.04,20,12.20981459,8.920759029,8.920759024,6.258509554,6.258509555,5.369069862,3.212539699,3.212539699,3.212539699,3.212539699,3.212539699,0.000118988,1,40.9,0.001520888,0.711237553,282,0.000678234,0.797448166,0.001406226,0.269230769,0.000108171,0.626,0.010817126,0.013,0.01,0.0087,0.177,0.811,0.811,0.12,0.01,0.0049,0.0072,0.0042,0.118,0.19,0.608,0.76,0.091,0.000140623,0.4,0.000162257,0.003136967,0.14137931,0.000108171,0.9
77,UNKNOWN,Mouse,Mouse,0.028075541,1,1,0.45,1,1,0.000701278,0.000304904,0.160126582,0.002111244,0.000227159,0.764705882,0.001336231,0.8,0.853,0.002,0.135,0.15,0.15,0.853,0.92,0.0016,0.002024,0.135,0.009,0.03,0.04,0.000334058,0.192,0.000126942,2.947368421,0.000454318,0.824,3.823529412,1,0.04,1,1,0.06,0.04,20,12.20981459,8.920759029,8.920759024,6.258509554,6.258509555,5.369069862,3.212539699,3.212539699,3.212539699,3.212539699,3.212539699,0.000146985,1,40.9,0.00187874,0.711237553,282,0.000837817,0.797448166,0.0017371,0.269230769,0.000133623,0.626,0.013362306,0.013,0.01,0.0087,0.177,0.811,0.811,0.12,0.01,0.0049,0.0072,0.0042,0.118,0.19,0.608,0.76,0.091,0.00017371,0.4,0.000200435,0.003875069,0.14137931,0.000133623,0.9
78,UNKNOWN,Mouse,Mouse,0.024939045,1,1,0.45,1,1,0.000622934,0.000270841,0.160126582,0.001875384,0.000201782,0.764705882,0.001186952,0.8,0.853,0.002,0.135,0.15,0.15,0.853,0.92,0.0016,0.002024,0.135,0.009,0.03,0.04,0.000296738,0.192,0.00011276,2.947368421,0.000403564,0.824,3.823529412,1,0.04,1,1,0.06,0.04,20,12.20981459,8.920759029,8.920759024,6.258509554,6.258509555,5.369069862,3.212539699,3.212539699,3.212539699,3.212539699,3.212539699,0.000130565,1,40.9,0.001668854,0.711237553,282,0.000744219,0.797448166,0.001543037,0.269230769,0.000118695,0.626,0.011869518,0.013,0.01,0.0087,0.177,0.811,0.811,0.12,0.01,0.0049,0.0072,0.0042,0.118,0.19,0.608,0.76,0.091,0.000154304,0.4,0.000178043,0.00344216,0.14137931,0.000118695,0.9
79,UNKNOWN,Mouse,Mouse,0.023549517,1,1,0.45,1,1,0.000588226,0.000255751,0.160126582,0.001770893,0.000190539,0.764705882,0.001120818,0.8,0.853,0.002,0.135,0.15,0.15,0.853,0.92,0.0016,0.002024,0.135,0.009,0.03,0.04,0.000280205,0.192,0.000106478,2.947368421,0.000381078,0.824,3.823529412,1,0.04,1,1,0.06,0.04,20,12.20981459,8.920759029,8.920759024,6.258509554,6.258509555,5.369069862,3.212539699,3.212539699,3.212539699,3.212539699,3.212539699,0.00012329,1,40.9,0.001575871,0.711237553,282,0.000702753,0.797448166,0.001457064,0.269230769,0.000112082,0.626,0.011208185,0.013,0.01,0.0087,0.177,0.811,0.811,0.12,0.01,0.0049,0.0072,0.0042,0.118,0.19,0.608,0.76,0.091,0.000145706,0.4,0.000168123,0.003250374,0.14137931,0.000112082,0.9
80,UNKNOWN,Mouse,Mouse,0.029329243,1,1,0.45,1,1,0.000732593,0.000318519,0.160126582,0.002205521,0.000237303,0.764705882,0.001395899,0.8,0.853,0.002,0.135,0.15,0.15,0.853,0.92,0.0016,0.002024,0.135,0.009,0.03,0.04,0.000348975,0.192,0.00013261,2.947368421,0.000474606,0.824,3.823529412,1,0.04,1,1,0.06,0.04,20,12.20981459,8.920759029,8.920759024,6.258509554,6.258509555,5.369069862,3.212539699,3.212539699,3.212539699,3.212539699,3.212539699,0.000153549,1,40.9,0.001962635,0.711237553,282,0.000875229,0.797448166,0.001814669,0.269230769,0.00013959,0.626,0.013958994,0.013,0.01,0.0087,0.177,0.811,0.811,0.12,0.01,0.0049,0.0072,0.0042,0.118,0.19,0.608,0.76,0.091,0.000181467,0.4,0.000209385,0.004048108,0.14137931,0.00013959,0.9
81,UNKNOWN,Mouse,Mouse,0.027837012,1,1,0.45,1,1,0.00069532,0.000302313,0.160126582,0.002093307,0.000225229,0.764705882,0.001324878,0.8,0.853,0.002,0.135,0.15,0.15,0.853,0.92,0.0016,0.002024,0.135,0.009,0.03,0.04,0.00033122,0.192,0.000125863,2.947368421,0.000450459,0.824,3.823529412,1,0.04,1,1,0.06,0.04,20,12.20981459,8.920759029,8.920759024,6.258509554,6.258509555,5.369069862,3.212539699,3.212539699,3.212539699,3.212539699,3.212539699,0.000145737,1,40.9,0.001862778,0.711237553,282,0.000830699,0.797448166,0.001722341,0.269230769,0.000132488,0.626,0.01324878,0.013,0.01,0.0087,0.177,0.811,0.811,0.12,0.01,0.0049,0.0072,0.0042,0.118,0.19,0.608,0.76,0.091,0.000172234,0.4,0.000198732,0.003842146,0.14137931,0.000132488,0.9
82,UNKNOWN,Mouse,Mouse,0.020050621,1,1,0.45,1,1,0.000500829,0.000217752,0.160126582,0.001507781,0.00016223,0.764705882,0.000954292,0.8,0.853,0.002,0.135,0.15,0.15,0.853,0.92,0.0016,0.002024,0.135,0.009,0.03,0.04,0.000238573,0.192,9.07E-05,2.947368421,0.000324459,0.824,3.823529412,1,0.04,1,1,0.06,0.04,20,12.20981459,8.920759029,8.920759024,6.258509554,6.258509555,5.369069862,3.212539699,3.212539699,3.212539699,3.212539699,3.212539699,0.000104972,1,40.9,0.001341734,0.711237553,282,0.000598341,0.797448166,0.001240579,0.269230769,9.54E-05,0.626,0.009542916,0.013,0.01,0.0087,0.177,0.811,0.811,0.12,0.01,0.0049,0.0072,0.0042,0.118,0.19,0.608,0.76,0.091,0.000124058,0.4,0.000143144,0.002767446,0.14137931,9.54E-05,0.9
83,UNKNOWN,Mouse,Mouse,0.025410024,1,1,0.45,1,1,0.000634698,0.000275956,0.160126582,0.001910801,0.000205592,0.764705882,0.001209368,0.8,0.853,0.002,0.135,0.15,0.15,0.853,0.92,0.0016,0.002024,0.135,0.009,0.03,0.04,0.000302342,0.192,0.00011489,2.947368421,0.000411185,0.824,3.823529412,1,0.04,1,1,0.06,0.04,20,12.20981459,8.920759029,8.920759024,6.258509554,6.258509555,5.369069862,3.212539699,3.212539699,3.212539699,3.212539699,3.212539699,0.00013303,1,40.9,0.001700371,0.711237553,282,0.000758274,0.797448166,0.001572178,0.269230769,0.000120937,0.626,0.012093676,0.013,0.01,0.0087,0.177,0.811,0.811,0.12,0.01,0.0049,0.0072,0.0042,0.118,0.19,0.608,0.76,0.091,0.000157218,0.4,0.000181405,0.003507166,0.14137931,0.000120937,0.9
84,UNKNOWN,Mouse,Mouse,0.024480106,1,1,0.45,1,1,0.00061147,0.000265857,0.160126582,0.001840872,0.000198069,0.764705882,0.001165109,0.8,0.853,0.002,0.135,0.15,0.15,0.853,0.92,0.0016,0.002024,0.135,0.009,0.03,0.04,0.000291277,0.192,0.000110685,2.947368421,0.000396137,0.824,3.823529412,1,0.04,1,1,0.06,0.04,20,12.20981459,8.920759029,8.920759024,6.258509554,6.258509555,5.369069862,3.212539699,3.212539699,3.212539699,3.212539699,3.212539699,0.000128162,1,40.9,0.001638143,0.711237553,282,0.000730523,0.797448166,0.001514642,0.269230769,0.000116511,0.626,0.011651091,0.013,0.01,0.0087,0.177,0.811,0.811,0.12,0.01,0.0049,0.0072,0.0042,0.118,0.19,0.608,0.76,0.091,0.000151464,0.4,0.000174766,0.003378816,0.14137931,0.000116511,0.9
85,UNKNOWN,Mouse,Mouse,0.026313567,1,1,0.45,1,1,0.000657267,0.000285769,0.160126582,0.001978746,0.000212903,0.764705882,0.001252371,0.8,0.853,0.002,0.135,0.15,0.15,0.853,0.92,0.0016,0.002024,0.135,0.009,0.03,0.04,0.000313093,0.192,0.000118975,2.947368421,0.000425806,0.824,3.823529412,1,0.04,1,1,0.06,0.04,20,12.20981459,8.920759029,8.920759024,6.258509554,6.258509555,5.369069862,3.212539699,3.212539699,3.212539699,3.212539699,3.212539699,0.000137761,1,40.9,0.001760834,0.711237553,282,0.000785237,0.797448166,0.001628082,0.269230769,0.000125237,0.626,0.01252371,0.013,0.01,0.0087,0.177,0.811,0.811,0.12,0.01,0.0049,0.0072,0.0042,0.118,0.19,0.608,0.76,0.091,0.000162808,0.4,0.000187856,0.003631876,0.14137931,0.000125237,0.9
86,UNKNOWN,Mouse,Mouse,0.020807077,1,1,0.45,1,1,0.000519724,0.000225967,0.160126582,0.001564665,0.00016835,0.764705882,0.000990294,0.8,0.853,0.002,0.135,0.15,0.15,0.853,0.92,0.0016,0.002024,0.135,0.009,0.03,0.04,0.000247574,0.192,9.41E-05,2.947368421,0.0003367,0.824,3.823529412,1,0.04,1,1,0.06,0.04,20,12.20981459,8.920759029,8.920759024,6.258509554,6.258509555,5.369069862,3.212539699,3.212539699,3.212539699,3.212539699,3.212539699,0.000108932,1,40.9,0.001392354,0.711237553,282,0.000620915,0.797448166,0.001287383,0.269230769,9.90E-05,0.626,0.009902945,0.013,0.01,0.0087,0.177,0.811,0.811,0.12,0.01,0.0049,0.0072,0.0042,0.118,0.19,0.608,0.76,0.091,0.000128738,0.4,0.000148544,0.002871854,0.14137931,9.90E-05,0.9
87,UNKNOWN,Mouse,Mouse,0.023240306,1,1,0.45,1,1,0.000580502,0.000252393,0.160126582,0.001747641,0.000188037,0.764705882,0.001106102,0.8,0.853,0.002,0.135,0.15,0.15,0.853,0.92,0.0016,0.002024,0.135,0.009,0.03,0.04,0.000276525,0.192,0.00010508,2.947368421,0.000376075,0.824,3.823529412,1,0.04,1,1,0.06,0.04,20,12.20981459,8.920759029,8.920759024,6.258509554,6.258509555,5.369069862,3.212539699,3.212539699,3.212539699,3.212539699,3.212539699,0.000121671,1,40.9,0.001555179,0.711237553,282,0.000693526,0.797448166,0.001437932,0.269230769,0.00011061,0.626,0.011061018,0.013,0.01,0.0087,0.177,0.811,0.811,0.12,0.01,0.0049,0.0072,0.0042,0.118,0.19,0.608,0.76,0.091,0.000143793,0.4,0.000165915,0.003207695,0.14137931,0.00011061,0.9
88,UNKNOWN,Mouse,Mouse,0.023227317,1,1,0.45,1,1,0.000580178,0.000252251,0.160126582,0.001746664,0.000187932,0.764705882,0.001105484,0.8,0.853,0.002,0.135,0.15,0.15,0.853,0.92,0.0016,0.002024,0.135,0.009,0.03,0.04,0.000276371,0.192,0.000105021,2.947368421,0.000375864,0.824,3.823529412,1,0.04,1,1,0.06,0.04,20,12.20981459,8.920759029,8.920759024,6.258509554,6.258509555,5.369069862,3.212539699,3.212539699,3.212539699,3.212539699,3.212539699,0.000121603,1,40.9,0.00155431,0.711237553,282,0.000693138,0.797448166,0.001437129,0.269230769,0.000110548,0.626,0.011054836,0.013,0.01,0.0087,0.177,0.811,0.811,0.12,0.01,0.0049,0.0072,0.0042,0.118,0.19,0.608,0.76,0.091,0.000143713,0.4,0.000165823,0.003205903,0.14137931,0.000110548,0.9
89,UNKNOWN,Mouse,Mouse,0.026279627,1,1,0.45,1,1,0.000656419,0.0002854,0.160126582,0.001976194,0.000212628,0.764705882,0.001250756,0.8,0.853,0.002,0.135,0.15,0.15,0.853,0.92,0.0016,0.002024,0.135,0.009,0.03,0.04,0.000312689,0.192,0.000118822,2.947368421,0.000425257,0.824,3.823529412,1,0.04,1,1,0.06,0.04,20,12.20981459,8.920759029,8.920759024,6.258509554,6.258509555,5.369069862,3.212539699,3.212539699,3.212539699,3.212539699,3.212539699,0.000137583,1,40.9,0.001758562,0.711237553,282,0.000784224,0.797448166,0.001625982,0.269230769,0.000125076,0.626,0.012507557,0.013,0.01,0.0087,0.177,0.811,0.811,0.12,0.01,0.0049,0.0072,0.0042,0.118,0.19,0.608,0.76,0.091,0.000162598,0.4,0.000187613,0.003627191,0.14137931,0.000125076,0.9
90,UNKNOWN,Mouse,Mouse,0.029574606,1,1,0.45,1,1,0.000738722,0.000321184,0.160126582,0.002223972,0.000239288,0.764705882,0.001407577,0.8,0.853,0.002,0.135,0.15,0.15,0.853,0.92,0.0016,0.002024,0.135,0.009,0.03,0.04,0.000351894,0.192,0.00013372,2.947368421,0.000478576,0.824,3.823529412,1,0.04,1,1,0.06,0.04,20,12.20981459,8.920759029,8.920759024,6.258509554,6.258509555,5.369069862,3.212539699,3.212539699,3.212539699,3.212539699,3.212539699,0.000154833,1,40.9,0.001979054,0.711237553,282,0.000882551,0.797448166,0.00182985,0.269230769,0.000140758,0.626,0.014075772,0.013,0.01,0.0087,0.177,0.811,0.811,0.12,0.01,0.0049,0.0072,0.0042,0.118,0.19,0.608,0.76,0.091,0.000182985,0.4,0.000211137,0.004081974,0.14137931,0.000140758,0.9
91,UNKNOWN,Mouse,Mouse,0.020231023,1,1,0.45,1,1,0.000505336,0.000219711,0.160126582,0.001521347,0.000163689,0.764705882,0.000962878,0.8,0.853,0.002,0.135,0.15,0.15,0.853,0.92,0.0016,0.002024,0.135,0.009,0.03,0.04,0.000240719,0.192,9.15E-05,2.947368421,0.000327378,0.824,3.823529412,1,0.04,1,1,0.06,0.04,20,12.20981459,8.920759029,8.920759024,6.258509554,6.258509555,5.369069862,3.212539699,3.212539699,3.212539699,3.212539699,3.212539699,0.000105917,1,40.9,0.001353806,0.711237553,282,0.000603724,0.797448166,0.001251741,0.269230769,9.63E-05,0.626,0.009628777,0.013,0.01,0.0087,0.177,0.811,0.811,0.12,0.01,0.0049,0.0072,0.0042,0.118,0.19,0.608,0.76,0.091,0.000125174,0.4,0.000144432,0.002792345,0.14137931,9.63E-05,0.9
92,UNKNOWN,Mouse,Mouse,0.029612029,1,1,0.45,1,1,0.000739657,0.00032159,0.160126582,0.002226786,0.000239591,0.764705882,0.001409358,0.8,0.853,0.002,0.135,0.15,0.15,0.853,0.92,0.0016,0.002024,0.135,0.009,0.03,0.04,0.00035234,0.192,0.000133889,2.947368421,0.000479182,0.824,3.823529412,1,0.04,1,1,0.06,0.04,20,12.20981459,8.920759029,8.920759024,6.258509554,6.258509555,5.369069862,3.212539699,3.212539699,3.212539699,3.212539699,3.212539699,0.000155029,1,40.9,0.001981558,0.711237553,282,0.000883668,0.797448166,0.001832166,0.269230769,0.000140936,0.626,0.014093584,0.013,0.01,0.0087,0.177,0.811,0.811,0.12,0.01,0.0049,0.0072,0.0042,0.118,0.19,0.608,0.76,0.091,0.000183217,0.4,0.000211404,0.004087139,0.14137931,0.000140936,0.9
93,UNKNOWN,Mouse,Mouse,0.022264045,1,1,0.45,1,1,0.000556117,0.00024179,0.160126582,0.001674227,0.000180138,0.764705882,0.001059638,0.8,0.853,0.002,0.135,0.15,0.15,0.853,0.92,0.0016,0.002024,0.135,0.009,0.03,0.04,0.000264909,0.192,0.000100666,2.947368421,0.000360277,0.824,3.823529412,1,0.04,1,1,0.06,0.04,20,12.20981459,8.920759029,8.920759024,6.258509554,6.258509555,5.369069862,3.212539699,3.212539699,3.212539699,3.212539699,3.212539699,0.00011656,1,40.9,0.00148985,0.711237553,282,0.000664393,0.797448166,0.001377529,0.269230769,0.000105964,0.626,0.010596376,0.013,0.01,0.0087,0.177,0.811,0.811,0.12,0.01,0.0049,0.0072,0.0042,0.118,0.19,0.608,0.76,0.091,0.000137753,0.4,0.000158946,0.003072949,0.14137931,0.000105964,0.9
94,UNKNOWN,Mouse,Mouse,0.022036314,1,1,0.45,1,1,0.000550429,0.000239317,0.160126582,0.001657102,0.000178296,0.764705882,0.001048799,0.8,0.853,0.002,0.135,0.15,0.15,0.853,0.92,0.0016,0.002024,0.135,0.009,0.03,0.04,0.0002622,0.192,9.96E-05,2.947368421,0.000356592,0.824,3.823529412,1,0.04,1,1,0.06,0.04,20,12.20981459,8.920759029,8.920759024,6.258509554,6.258509555,5.369069862,3.212539699,3.212539699,3.212539699,3.212539699,3.212539699,0.000115368,1,40.9,0.001474611,0.711237553,282,0.000657597,0.797448166,0.001363439,0.269230769,0.00010488,0.626,0.010487989,0.013,0.01,0.0087,0.177,0.811,0.811,0.12,0.01,0.0049,0.0072,0.0042,0.118,0.19,0.608,0.76,0.091,0.000136344,0.4,0.00015732,0.003041517,0.14137931,0.00010488,0.9
95,UNKNOWN,Mouse,Mouse,0.024997751,1,1,0.45,1,1,0.0006244,0.000271479,0.160126582,0.001879799,0.000202257,0.764705882,0.001189746,0.8,0.853,0.002,0.135,0.15,0.15,0.853,0.92,0.0016,0.002024,0.135,0.009,0.03,0.04,0.000297436,0.192,0.000113026,2.947368421,0.000404514,0.824,3.823529412,1,0.04,1,1,0.06,0.04,20,12.20981459,8.920759029,8.920759024,6.258509554,6.258509555,5.369069862,3.212539699,3.212539699,3.212539699,3.212539699,3.212539699,0.000130872,1,40.9,0.001672783,0.711237553,282,0.000745971,0.797448166,0.00154667,0.269230769,0.000118975,0.626,0.011897459,0.013,0.01,0.0087,0.177,0.811,0.811,0.12,0.01,0.0049,0.0072,0.0042,0.118,0.19,0.608,0.76,0.091,0.000154667,0.4,0.000178462,0.003450263,0.14137931,0.000118975,0.9
96,UNKNOWN,Mouse,Mouse,0.020370323,1,1,0.45,1,1,0.000508815,0.000221224,0.160126582,0.001531822,0.000164816,0.764705882,0.000969508,0.8,0.853,0.002,0.135,0.15,0.15,0.853,0.92,0.0016,0.002024,0.135,0.009,0.03,0.04,0.000242377,0.192,9.21E-05,2.947368421,0.000329633,0.824,3.823529412,1,0.04,1,1,0.06,0.04,20,12.20981459,8.920759029,8.920759024,6.258509554,6.258509555,5.369069862,3.212539699,3.212539699,3.212539699,3.212539699,3.212539699,0.000106646,1,40.9,0.001363128,0.711237553,282,0.000607881,0.797448166,0.00126036,0.269230769,9.70E-05,0.626,0.009695075,0.013,0.01,0.0087,0.177,0.811,0.811,0.12,0.01,0.0049,0.0072,0.0042,0.118,0.19,0.608,0.76,0.091,0.000126036,0.4,0.000145426,0.002811572,0.14137931,9.70E-05,0.9
97,UNKNOWN,Mouse,Mouse,0.029854136,1,1,0.45,1,1,0.000745704,0.00032422,0.160126582,0.002244992,0.00024155,0.764705882,0.001420881,0.8,0.853,0.002,0.135,0.15,0.15,0.853,0.92,0.0016,0.002024,0.135,0.009,0.03,0.04,0.00035522,0.192,0.000134984,2.947368421,0.0004831,0.824,3.823529412,1,0.04,1,1,0.06,0.04,20,12.20981459,8.920759029,8.920759024,6.258509554,6.258509555,5.369069862,3.212539699,3.212539699,3.212539699,3.212539699,3.212539699,0.000156297,1,40.9,0.001997759,0.711237553,282,0.000890893,0.797448166,0.001847146,0.269230769,0.000142088,0.626,0.014208813,0.013,0.01,0.0087,0.177,0.811,0.811,0.12,0.01,0.0049,0.0072,0.0042,0.118,0.19,0.608,0.76,0.091,0.000184715,0.4,0.000213132,0.004120556,0.14137931,0.000142088,0.9
98,UNKNOWN,Mouse,Mouse,0.02575783,1,1,0.45,1,1,0.000643386,0.000279733,0.160126582,0.001936955,0.000208407,0.764705882,0.001225921,0.8,0.853,0.002,0.135,0.15,0.15,0.853,0.92,0.0016,0.002024,0.135,0.009,0.03,0.04,0.00030648,0.192,0.000116463,2.947368421,0.000416813,0.824,3.823529412,1,0.04,1,1,0.06,0.04,20,12.20981459,8.920759029,8.920759024,6.258509554,6.258509555,5.369069862,3.212539699,3.212539699,3.212539699,3.212539699,3.212539699,0.000134851,1,40.9,0.001723645,0.711237553,282,0.000768653,0.797448166,0.001593698,0.269230769,0.000122592,0.626,0.012259212,0.013,0.01,0.0087,0.177,0.811,0.811,0.12,0.01,0.0049,0.0072,0.0042,0.118,0.19,0.608,0.76,0.091,0.00015937,0.4,0.000183888,0.003555171,0.14137931,0.000122592,0.9
99,UNKNOWN,Mouse,Mouse,0.027765435,1,1,0.45,1,1,0.000693532,0.000301536,0.160126582,0.002087925,0.00022465,0.764705882,0.001321471,0.8,0.853,0.002,0.135,0.15,0.15,0.853,0.92,0.0016,0.002024,0.135,0.009,0.03,0.04,0.000330368,0.192,0.00012554,2.947368421,0.0004493,0.824,3.823529412,1,0.04,1,1,0.06,0.04,20,12.20981459,8.920759029,8.920759024,6.258509554,6.258509555,5.369069862,3.212539699,3.212539699,3.212539699,3.212539699,3.212539699,0.000145362,1,40.9,0.001857989,0.711237553,282,0.000828563,0.797448166,0.001717913,0.269230769,0.000132147,0.626,0.013214714,0.013,0.01,0.0087,0.177,0.811,0.811,0.12,0.01,0.0049,0.0072,0.0042,0.118,0.19,0.608,0.76,0.091,0.000171791,0.4,0.000198221,0.003832267,0.14137931,0.000132147,0.9
