"Drug","Design","N_per_group","Total_animals","Dose_mgkg","Endpoint","Fraction_within_2fold","Median_fold_error","Fold_error_5th_percentile","Fold_error_95th_percentile"
"Atezolizumab","2 dose groups",2,4,0.3,"AUC0-28d",1,0.996871734820087,0.764352571851504,1.23887542096601
"Atezolizumab","2 dose groups",2,4,0.3,"Cmax",1,0.977938720066155,0.723893202867528,1.33280433111427
"Atezolizumab","2 dose groups",2,4,0.3,"Terminal clearance",1,0.978508795863295,0.700662355793633,1.31452325174762
"Atezolizumab","2 dose groups",2,4,10,"AUC0-28d",1,1.01282879096833,0.761671974571696,1.29104849328878
"Atezolizumab","2 dose groups",2,4,10,"Cmax",1,0.980644395572657,0.721787932005911,1.32726452491937
"Atezolizumab","2 dose groups",2,4,10,"Terminal clearance",0.998,0.962808240214592,0.65338332942111,1.33497652556389
"Atezolizumab","2 dose groups",3,6,0.3,"AUC0-28d",1,1.0086744820529,0.820603235267317,1.23068906059413
"Atezolizumab","2 dose groups",3,6,0.3,"Cmax",1,0.985396951817956,0.776340740172585,1.27067273333486
"Atezolizumab","2 dose groups",3,6,0.3,"Terminal clearance",1,0.984858815876197,0.746492556275337,1.28154519230232
"Atezolizumab","2 dose groups",3,6,10,"AUC0-28d",1,1.00597509515348,0.820267074263262,1.22725187674144
"Atezolizumab","2 dose groups",3,6,10,"Cmax",1,0.983806357582931,0.763840562888111,1.30821578196575
"Atezolizumab","2 dose groups",3,6,10,"Terminal clearance",1,0.977590171307308,0.720826781293424,1.31240958519649
"Atezolizumab","2 dose groups",4,8,0.3,"AUC0-28d",1,1.0027390648682,0.849885446645041,1.1967424789744
"Atezolizumab","2 dose groups",4,8,0.3,"Cmax",1,0.983786322476445,0.790072004511388,1.24125512582647
"Atezolizumab","2 dose groups",4,8,0.3,"Terminal clearance",1,0.985593588368163,0.766127533077471,1.2475831872684
"Atezolizumab","2 dose groups",4,8,10,"AUC0-28d",1,1.00252791460463,0.833381062198698,1.19493775907446
"Atezolizumab","2 dose groups",4,8,10,"Cmax",1,0.995227988311736,0.79521453843011,1.2414680991804
"Atezolizumab","2 dose groups",4,8,10,"Terminal clearance",1,0.983976933767048,0.764800971395267,1.24392511828301
"Atezolizumab","3 dose groups",2,6,0.3,"AUC0-28d",1,0.996224232132743,0.761172261636702,1.26129485716795
"Atezolizumab","3 dose groups",2,6,0.3,"Cmax",1,0.973453452649388,0.733750764033383,1.32558792207447
"Atezolizumab","3 dose groups",2,6,0.3,"Terminal clearance",1,0.965151029939153,0.699973165282845,1.34503393250407
"Atezolizumab","3 dose groups",2,6,3,"AUC0-28d",1,1.00502558870483,0.782405961812663,1.24601714264166
"Atezolizumab","3 dose groups",2,6,3,"Cmax",1,0.984909036147968,0.720033084181364,1.34773139623229
"Atezolizumab","3 dose groups",2,6,3,"Terminal clearance",0.997,0.980896042279029,0.689447547344182,1.35731373810828
"Atezolizumab","3 dose groups",2,6,10,"AUC0-28d",1,0.999155969413373,0.772075713360785,1.25072233241163
"Atezolizumab","3 dose groups",2,6,10,"Cmax",1,0.980573178459001,0.720667819454011,1.34214541095717
"Atezolizumab","3 dose groups",2,6,10,"Terminal clearance",0.996,0.973464831201399,0.670217516176299,1.37732035196529
"Atezolizumab","3 dose groups",3,9,0.3,"AUC0-28d",1,1.00318525184006,0.818954903665138,1.21803496715905
"Atezolizumab","3 dose groups",3,9,0.3,"Cmax",1,0.985621400056244,0.747718951677422,1.26783104503408
"Atezolizumab","3 dose groups",3,9,0.3,"Terminal clearance",0.999,0.975476730738587,0.730829758523579,1.25008132201465
"Atezolizumab","3 dose groups",3,9,3,"AUC0-28d",1,1.00336924208307,0.815341247975136,1.22153251611505
"Atezolizumab","3 dose groups",3,9,3,"Cmax",1,0.985858919580594,0.773129204651978,1.29429961768188
"Atezolizumab","3 dose groups",3,9,3,"Terminal clearance",1,0.98018699968629,0.719090637918842,1.28246171113157
"Atezolizumab","3 dose groups",3,9,10,"AUC0-28d",1,1.00223609924168,0.804977229546623,1.2183413670847
"Atezolizumab","3 dose groups",3,9,10,"Cmax",1,0.982292386741361,0.766142106053064,1.30340997412445
"Atezolizumab","3 dose groups",3,9,10,"Terminal clearance",0.999,0.989972968244328,0.735591239593704,1.31082701891655
"Atezolizumab","3 dose groups",4,12,0.3,"AUC0-28d",1,0.999268932297045,0.835206181870177,1.1816573839528
"Atezolizumab","3 dose groups",4,12,0.3,"Cmax",1,0.991691976790735,0.792333819264463,1.2378543332578
"Atezolizumab","3 dose groups",4,12,0.3,"Terminal clearance",1,0.979844148255424,0.769476554311371,1.21898727743275
"Atezolizumab","3 dose groups",4,12,3,"AUC0-28d",1,1.0059370700331,0.818419444651176,1.208822932466
"Atezolizumab","3 dose groups",4,12,3,"Cmax",1,0.988242809974092,0.798635553513706,1.24229048015589
"Atezolizumab","3 dose groups",4,12,3,"Terminal clearance",1,0.988639139164982,0.758837369642736,1.25063338723737
"Atezolizumab","3 dose groups",4,12,10,"AUC0-28d",1,0.999579617318141,0.841950497294938,1.19372988430997
"Atezolizumab","3 dose groups",4,12,10,"Cmax",1,1.00281354212678,0.806362515931133,1.24995579295865
"Atezolizumab","3 dose groups",4,12,10,"Terminal clearance",1,0.991603511325657,0.764313922870213,1.25976727868327
"Avelumab","2 dose groups",2,4,0.3,"AUC0-28d",0.997,0.983785332537643,0.702844774705928,1.34826997858984
"Avelumab","2 dose groups",2,4,0.3,"Cmax",0.997,0.975856712811881,0.643933297317425,1.39782072107454
"Avelumab","2 dose groups",2,4,0.3,"Terminal clearance",0.997,0.969413507785141,0.701133891946591,1.41779325321343
"Avelumab","2 dose groups",2,4,10,"AUC0-28d",0.997,0.991760756174588,0.679273237878189,1.41745256580258
"Avelumab","2 dose groups",2,4,10,"Cmax",0.999,0.972784261277469,0.679294661442347,1.39454812533601
"Avelumab","2 dose groups",2,4,10,"Terminal clearance",0.997,0.93946630213385,0.669092951855601,1.4782998296968
"Avelumab","2 dose groups",3,6,0.3,"AUC0-28d",1,1.00029444576618,0.754950790517335,1.30736718350143
"Avelumab","2 dose groups",3,6,0.3,"Cmax",0.998,0.988644751775346,0.711897399705437,1.32590509617609
"Avelumab","2 dose groups",3,6,0.3,"Terminal clearance",1,0.979857555626669,0.757289261678048,1.33267576964088
"Avelumab","2 dose groups",3,6,10,"AUC0-28d",1,1.00222686108199,0.749025450770227,1.33513925783526
"Avelumab","2 dose groups",3,6,10,"Cmax",0.999,0.990585381591018,0.703259240705303,1.3299846024207
"Avelumab","2 dose groups",3,6,10,"Terminal clearance",1,0.943781722308712,0.723372364735438,1.33264435238447
"Avelumab","2 dose groups",4,8,0.3,"AUC0-28d",1,0.996077137835044,0.782960848286779,1.27454739121584
"Avelumab","2 dose groups",4,8,0.3,"Cmax",1,1.00396199394352,0.770934710079457,1.28607030225681
"Avelumab","2 dose groups",4,8,0.3,"Terminal clearance",1,0.978348219793437,0.783579718164495,1.2671155897827
"Avelumab","2 dose groups",4,8,10,"AUC0-28d",1,0.9971694280438,0.778367550447575,1.27278134864847
"Avelumab","2 dose groups",4,8,10,"Cmax",1,0.981965747662717,0.737811156107681,1.2857469094205
"Avelumab","2 dose groups",4,8,10,"Terminal clearance",1,0.964120011885351,0.753748064783773,1.2529576679578
"Avelumab","3 dose groups",2,6,0.3,"AUC0-28d",0.999,0.976316487382214,0.672876333433704,1.355098602491
"Avelumab","3 dose groups",2,6,0.3,"Cmax",0.997,0.983359803035027,0.656583922014187,1.41891335307826
"Avelumab","3 dose groups",2,6,0.3,"Terminal clearance",1,0.973334481222447,0.701632202455416,1.4396817494472
"Avelumab","3 dose groups",2,6,3,"AUC0-28d",0.996,0.985415121708038,0.693983555554949,1.42268190444272
"Avelumab","3 dose groups",2,6,3,"Cmax",0.998,0.965858435694131,0.661055845983119,1.43526744139239
"Avelumab","3 dose groups",2,6,3,"Terminal clearance",0.999,0.950100718104014,0.677215827424384,1.43076258658935
"Avelumab","3 dose groups",2,6,10,"AUC0-28d",0.998,0.987062206834281,0.690148861685518,1.42122975270257
"Avelumab","3 dose groups",2,6,10,"Cmax",0.996,0.985268500134767,0.64836876486322,1.42620312365233
"Avelumab","3 dose groups",2,6,10,"Terminal clearance",0.999,0.939192808489716,0.669099473673028,1.4382058128136
"Avelumab","3 dose groups",3,9,0.3,"AUC0-28d",1,0.998176653276298,0.757429888506287,1.31034724224813
"Avelumab","3 dose groups",3,9,0.3,"Cmax",1,0.980270335683241,0.706636531472505,1.33095332977518
"Avelumab","3 dose groups",3,9,0.3,"Terminal clearance",1,0.972524734529426,0.746781606578387,1.32721764735808
"Avelumab","3 dose groups",3,9,3,"AUC0-28d",1,0.996816036462962,0.729749326433014,1.3263204197127
"Avelumab","3 dose groups",3,9,3,"Cmax",1,0.995023830067852,0.711194241037694,1.32118989256352
"Avelumab","3 dose groups",3,9,3,"Terminal clearance",1,0.953062272771323,0.734286144518793,1.32804483985775
"Avelumab","3 dose groups",3,9,10,"AUC0-28d",1,0.996007799353256,0.744801489599823,1.35009869012811
"Avelumab","3 dose groups",3,9,10,"Cmax",0.999,0.981587161397915,0.721369427595859,1.30172823368367
"Avelumab","3 dose groups",3,9,10,"Terminal clearance",1,0.956566077377958,0.72406747072771,1.33611937665231
"Avelumab","3 dose groups",4,12,0.3,"AUC0-28d",1,0.995844326599322,0.787253650325705,1.2773146141222
"Avelumab","3 dose groups",4,12,0.3,"Cmax",1,0.982720668112749,0.739879513309933,1.28116327355011
"Avelumab","3 dose groups",4,12,0.3,"Terminal clearance",1,0.99287406701195,0.769389144041498,1.26326670718196
"Avelumab","3 dose groups",4,12,3,"AUC0-28d",1,1.00241041036982,0.766600495982203,1.30053537022357
"Avelumab","3 dose groups",4,12,3,"Cmax",1,0.998631769956545,0.752713458970606,1.26600868561656
"Avelumab","3 dose groups",4,12,3,"Terminal clearance",1,0.968527195171976,0.761295026660464,1.29848243604982
"Avelumab","3 dose groups",4,12,10,"AUC0-28d",1,1.01007134754424,0.789106187167197,1.2904530016943
"Avelumab","3 dose groups",4,12,10,"Cmax",1,0.992898585018351,0.761046898182838,1.28013418244376
"Avelumab","3 dose groups",4,12,10,"Terminal clearance",1,0.962960978435437,0.74120660147326,1.27915197501807
"Nivolumab","2 dose groups",2,4,0.3,"AUC0-28d",1,0.990785658502594,0.747074251766169,1.30821191561713
"Nivolumab","2 dose groups",2,4,0.3,"Cmax",1,0.972249288048346,0.687248864702438,1.41439936165068
"Nivolumab","2 dose groups",2,4,0.3,"Terminal clearance",0.998,0.977938140648498,0.691519842589082,1.34704814418581
"Nivolumab","2 dose groups",2,4,10,"AUC0-28d",1,0.9792815672655,0.750535789003324,1.30300400141528
"Nivolumab","2 dose groups",2,4,10,"Cmax",1,0.97651580594227,0.681500670077099,1.39483873412422
"Nivolumab","2 dose groups",2,4,10,"Terminal clearance",0.991,0.975371549477983,0.671296895557025,1.35647319741135
"Nivolumab","2 dose groups",3,6,0.3,"AUC0-28d",1,0.997128621123825,0.78912865747854,1.26510467364655
"Nivolumab","2 dose groups",3,6,0.3,"Cmax",1,1.00040108286709,0.722041204747804,1.32566307957851
"Nivolumab","2 dose groups",3,6,0.3,"Terminal clearance",0.999,0.989081174380546,0.724423305890172,1.28098058286559
"Nivolumab","2 dose groups",3,6,10,"AUC0-28d",1,0.993806379268088,0.793218777987848,1.25705027436705
"Nivolumab","2 dose groups",3,6,10,"Cmax",1,0.967664061932579,0.704990676156231,1.31011937232475
"Nivolumab","2 dose groups",3,6,10,"Terminal clearance",0.997,0.98075877271481,0.719571506067436,1.27604948047599
"Nivolumab","2 dose groups",4,8,0.3,"AUC0-28d",1,1.00006319944762,0.825604118450082,1.23014486369648
"Nivolumab","2 dose groups",4,8,0.3,"Cmax",1,0.997205500127826,0.754925192164647,1.2840927975734
"Nivolumab","2 dose groups",4,8,0.3,"Terminal clearance",1,0.981522498925557,0.756451391651237,1.2547565999077
"Nivolumab","2 dose groups",4,8,10,"AUC0-28d",1,0.986737897251076,0.815502777914005,1.21114635788876
"Nivolumab","2 dose groups",4,8,10,"Cmax",1,0.991373814590943,0.759832527567627,1.2792344636315
"Nivolumab","2 dose groups",4,8,10,"Terminal clearance",1,0.987928617269834,0.749807246699403,1.24988054447206
"Nivolumab","3 dose groups",2,6,0.3,"AUC0-28d",1,0.973958530260301,0.761088361719844,1.31975360457496
"Nivolumab","3 dose groups",2,6,0.3,"Cmax",1,0.97615486101474,0.697544558934716,1.39882447937955
"Nivolumab","3 dose groups",2,6,0.3,"Terminal clearance",0.996,0.990631065834952,0.686532449323341,1.37412877723021
"Nivolumab","3 dose groups",2,6,3,"AUC0-28d",1,0.980619424194937,0.748636368412761,1.30282050325081
"Nivolumab","3 dose groups",2,6,3,"Cmax",1,1.00117323195748,0.679702746124604,1.43423276966476
"Nivolumab","3 dose groups",2,6,3,"Terminal clearance",0.995,0.986677242194604,0.67750801383333,1.3459546027829
"Nivolumab","3 dose groups",2,6,10,"AUC0-28d",1,0.981173404284756,0.747570198448255,1.32913981868995
"Nivolumab","3 dose groups",2,6,10,"Cmax",1,0.971523567219802,0.674820641544795,1.42014599584522
"Nivolumab","3 dose groups",2,6,10,"Terminal clearance",0.997,0.982851346978249,0.685894314308918,1.35270544947849
"Nivolumab","3 dose groups",3,9,0.3,"AUC0-28d",1,0.978205057437543,0.786682466705482,1.25509702640169
"Nivolumab","3 dose groups",3,9,0.3,"Cmax",1,0.983447667921413,0.741055712470365,1.31778803908591
"Nivolumab","3 dose groups",3,9,0.3,"Terminal clearance",0.999,0.985351952557517,0.741647398553647,1.27870934484168
"Nivolumab","3 dose groups",3,9,3,"AUC0-28d",1,0.986524608909147,0.785860353417537,1.25127648425752
"Nivolumab","3 dose groups",3,9,3,"Cmax",1,0.993127562323626,0.725521937523305,1.32155083013791
"Nivolumab","3 dose groups",3,9,3,"Terminal clearance",1,0.983347737555894,0.711001649300794,1.28448505069223
"Nivolumab","3 dose groups",3,9,10,"AUC0-28d",1,0.983382402170178,0.802063645514103,1.26155799796229
"Nivolumab","3 dose groups",3,9,10,"Cmax",1,0.989035315799807,0.740668075307351,1.3343752281455
"Nivolumab","3 dose groups",3,9,10,"Terminal clearance",0.999,0.995327359361667,0.715326630533506,1.30325345098586
"Nivolumab","3 dose groups",4,12,0.3,"AUC0-28d",1,0.990655523387888,0.821610313628113,1.22197004636372
"Nivolumab","3 dose groups",4,12,0.3,"Cmax",1,0.990227164126162,0.764402585033746,1.26608988903012
"Nivolumab","3 dose groups",4,12,0.3,"Terminal clearance",0.999,0.990765564970937,0.759403580474494,1.2658612286711
"Nivolumab","3 dose groups",4,12,3,"AUC0-28d",1,0.992394050987509,0.820171456675769,1.2148843507244
"Nivolumab","3 dose groups",4,12,3,"Cmax",1,0.993445547214767,0.760813180915779,1.29371363614916
"Nivolumab","3 dose groups",4,12,3,"Terminal clearance",1,0.987758231777261,0.771050647942269,1.25331733575227
"Nivolumab","3 dose groups",4,12,10,"AUC0-28d",1,0.996441980561953,0.821352482964254,1.19951021099222
"Nivolumab","3 dose groups",4,12,10,"Cmax",1,0.990111093892464,0.741940883055558,1.27690235146897
"Nivolumab","3 dose groups",4,12,10,"Terminal clearance",1,0.993563137601015,0.763010690898287,1.2311930280929
"Pembrolizumab","2 dose groups",2,4,0.3,"AUC0-28d",1,0.984853853800094,0.684050032201237,1.40139582424014
"Pembrolizumab","2 dose groups",2,4,0.3,"Cmax",0.989,0.95361524955955,0.595031747676529,1.58586189411192
"Pembrolizumab","2 dose groups",2,4,0.3,"Terminal clearance",0.994,0.96149688554026,0.630724076491815,1.38368331395156
"Pembrolizumab","2 dose groups",2,4,10,"AUC0-28d",1,0.968876641464139,0.685617294010602,1.36425459529371
"Pembrolizumab","2 dose groups",2,4,10,"Cmax",0.99,0.977377962877564,0.619414110140576,1.54735882646552
"Pembrolizumab","2 dose groups",2,4,10,"Terminal clearance",0.994,0.971183586604744,0.630007300793956,1.40741571974094
"Pembrolizumab","2 dose groups",3,6,0.3,"AUC0-28d",1,0.994124040346059,0.741018788058148,1.33130362365707
"Pembrolizumab","2 dose groups",3,6,0.3,"Cmax",0.998,0.985521911473205,0.666952811034431,1.42678907776112
"Pembrolizumab","2 dose groups",3,6,0.3,"Terminal clearance",0.997,0.982040967288639,0.693952395017487,1.33443097099908
"Pembrolizumab","2 dose groups",3,6,10,"AUC0-28d",1,0.992597960187304,0.740843352944799,1.33109766030688
"Pembrolizumab","2 dose groups",3,6,10,"Cmax",0.999,0.982376299045987,0.675255027096961,1.39759584793464
"Pembrolizumab","2 dose groups",3,6,10,"Terminal clearance",1,0.982260987204498,0.702774369448902,1.31543391619972
"Pembrolizumab","2 dose groups",4,8,0.3,"AUC0-28d",1,0.99409852869589,0.783636982548551,1.26375375006376
"Pembrolizumab","2 dose groups",4,8,0.3,"Cmax",1,0.977881060737821,0.695556728642554,1.32785008931365
"Pembrolizumab","2 dose groups",4,8,0.3,"Terminal clearance",0.999,0.98137781363115,0.723927276269732,1.27038406894672
"Pembrolizumab","2 dose groups",4,8,10,"AUC0-28d",1,1.00388326327671,0.782722129426083,1.28376318888872
"Pembrolizumab","2 dose groups",4,8,10,"Cmax",1,0.978707650671246,0.699006901990598,1.37510838031798
"Pembrolizumab","2 dose groups",4,8,10,"Terminal clearance",1,0.986716289340025,0.743035398455466,1.27689056904135
"Pembrolizumab","3 dose groups",2,6,0.3,"AUC0-28d",1,0.989018233482928,0.700591712831655,1.40506933774715
"Pembrolizumab","3 dose groups",2,6,0.3,"Cmax",0.982,0.969869413048959,0.574313835669164,1.48088368608423
"Pembrolizumab","3 dose groups",2,6,0.3,"Terminal clearance",0.996,0.974212570225061,0.648922035217703,1.40824285720012
"Pembrolizumab","3 dose groups",2,6,3,"AUC0-28d",1,0.98447231756622,0.704624878780594,1.42197224079168
"Pembrolizumab","3 dose groups",2,6,3,"Cmax",0.983,0.959251293662991,0.595040920378236,1.52462249695074
"Pembrolizumab","3 dose groups",2,6,3,"Terminal clearance",0.992,0.989989956742667,0.620734574084337,1.41480193524834
"Pembrolizumab","3 dose groups",2,6,10,"AUC0-28d",1,0.990521060469442,0.682027264951676,1.4275659685272
"Pembrolizumab","3 dose groups",2,6,10,"Cmax",0.988,0.973494101201041,0.597077335890618,1.50991978448453
"Pembrolizumab","3 dose groups",2,6,10,"Terminal clearance",0.995,0.989811510882488,0.64388677483988,1.40803692601888
"Pembrolizumab","3 dose groups",3,9,0.3,"AUC0-28d",1,0.998117951520516,0.738703118465374,1.32080211389315
"Pembrolizumab","3 dose groups",3,9,0.3,"Cmax",0.997,0.984667309736065,0.661662702234293,1.39774748138104
"Pembrolizumab","3 dose groups",3,9,0.3,"Terminal clearance",1,0.974119858917195,0.67971771964727,1.32597182368874
"Pembrolizumab","3 dose groups",3,9,3,"AUC0-28d",1,0.993152151174434,0.741419303285144,1.35169235083964
"Pembrolizumab","3 dose groups",3,9,3,"Cmax",0.994,0.964705040040603,0.648851234940307,1.43972466237455
"Pembrolizumab","3 dose groups",3,9,3,"Terminal clearance",0.997,0.974779537545628,0.673858447669899,1.29765885496285
"Pembrolizumab","3 dose groups",3,9,10,"AUC0-28d",1,1.00522269951903,0.747658232976586,1.32867845149074
"Pembrolizumab","3 dose groups",3,9,10,"Cmax",0.994,0.983418259372094,0.67490632240469,1.47092761032273
"Pembrolizumab","3 dose groups",3,9,10,"Terminal clearance",0.999,0.976187587457471,0.677847531078197,1.35103872732374
"Pembrolizumab","3 dose groups",4,12,0.3,"AUC0-28d",1,0.98952090623527,0.769925121761044,1.25516270746565
"Pembrolizumab","3 dose groups",4,12,0.3,"Cmax",1,0.975962450255854,0.714627575622054,1.36431899133297
"Pembrolizumab","3 dose groups",4,12,0.3,"Terminal clearance",1,0.96658611778711,0.736564603991928,1.24621627560472
"Pembrolizumab","3 dose groups",4,12,3,"AUC0-28d",1,0.999219567630787,0.775510415821984,1.2865623677466
"Pembrolizumab","3 dose groups",4,12,3,"Cmax",1,0.974052228064331,0.718596281708107,1.35847612406386
"Pembrolizumab","3 dose groups",4,12,3,"Terminal clearance",1,0.980815199005853,0.715563923385855,1.27554938804231
"Pembrolizumab","3 dose groups",4,12,10,"AUC0-28d",1,0.995500579784735,0.780935728798709,1.28785533823768
"Pembrolizumab","3 dose groups",4,12,10,"Cmax",0.999,0.97385621016843,0.690422120778855,1.3638965890478
"Pembrolizumab","3 dose groups",4,12,10,"Terminal clearance",1,0.986132166670879,0.715869761057653,1.28434888973422
