"Drug","MW","IndividualId","CL_L_h_kg","Vc_L_kg","Q_L_h_kg","Vp_L_kg","Rtot_nM","kdeg_h","kint_h","Kss_nM"
"Atezolizumab",144000,1,0.000258260372411871,0.0349678307508919,0.00152766471340665,0.020701327979154,0.609,0.0426,0.606,621.638888888889
"Atezolizumab",144000,2,0.000267955331549638,0.0578043397431683,0.000814714994246224,0.0176846912391974,0.609,0.0426,0.606,621.638888888889
"Atezolizumab",144000,3,0.000206779215795225,0.0566824972610344,0.000930645625850993,0.0134601491002862,0.609,0.0426,0.606,621.638888888889
"Atezolizumab",144000,4,0.000310144353657796,0.0446081575054485,0.00111084781055258,0.029826467266847,0.609,0.0426,0.606,621.638888888889
"Atezolizumab",144000,5,0.00034674125776861,0.0443099324339088,0.000982545337040882,0.0228624531284356,0.609,0.0426,0.606,621.638888888889
"Atezolizumab",144000,6,0.000322081845748196,0.0441949974351771,0.00103516584371411,0.0241009431002682,0.609,0.0426,0.606,621.638888888889
"Atezolizumab",144000,7,0.000253119955848925,0.0512213120234241,0.00145812142878182,0.0142060311905938,0.609,0.0426,0.606,621.638888888889
"Atezolizumab",144000,8,0.000179341430824724,0.058959291347277,0.00146899172126514,0.0230979965984164,0.609,0.0426,0.606,621.638888888889
"Atezolizumab",144000,9,0.000303687769513051,0.053843569525499,0.00130863954039254,0.0268494915263196,0.609,0.0426,0.606,621.638888888889
"Atezolizumab",144000,10,0.000207792795996986,0.059129718358098,0.00091768587153318,0.0140233236806108,0.609,0.0426,0.606,621.638888888889
"Atezolizumab",144000,11,0.000345409068488694,0.0441032453132346,0.000457895877870434,0.014778098708185,0.609,0.0426,0.606,621.638888888889
"Atezolizumab",144000,12,0.000205902462676116,0.0358117703150574,0.000754993555427612,0.0258658131479336,0.609,0.0426,0.606,621.638888888889
"Atezolizumab",144000,13,0.000263829603394119,0.0472071627542965,0.000740413353898613,0.0101653728763913,0.609,0.0426,0.606,621.638888888889
"Atezolizumab",144000,14,0.000139811370709571,0.0285860789903667,0.00120162649520745,0.0251061716339928,0.609,0.0426,0.606,621.638888888889
"Atezolizumab",144000,15,0.000162211723127392,0.0473032260842514,0.00114603850674136,0.0235978257972534,0.609,0.0426,0.606,621.638888888889
"Atezolizumab",144000,16,0.000182198043342133,0.039638063335367,0.0010186863725443,0.0445704629262179,0.609,0.0426,0.606,621.638888888889
"Atezolizumab",144000,17,0.000243376604345606,0.0406510689475078,0.000646765057813645,0.0273567002817486,0.609,0.0426,0.606,621.638888888889
"Atezolizumab",144000,18,0.000217742380092426,0.0424208121798698,0.000860423117123273,0.0174204480108912,0.609,0.0426,0.606,621.638888888889
"Atezolizumab",144000,19,0.000155056754563367,0.0441151614427545,0.0011086200247254,0.0335634490845278,0.609,0.0426,0.606,621.638888888889
"Atezolizumab",144000,20,0.000261387041963743,0.0247981373584043,0.000755629076243294,0.0382913533880119,0.609,0.0426,0.606,621.638888888889
"Atezolizumab",144000,21,0.000285858583242454,0.0510119526761377,0.00072010383161919,0.0558447899939943,0.609,0.0426,0.606,621.638888888889
"Atezolizumab",144000,22,0.000178277848096077,0.0449611539817611,0.00109763970403948,0.0295507305265085,0.609,0.0426,0.606,621.638888888889
"Atezolizumab",144000,23,0.000183519274898595,0.0486803777310121,0.000522473663650018,0.0154036124198035,0.609,0.0426,0.606,621.638888888889
"Atezolizumab",144000,24,8.54190204748034e-05,0.0590826484823067,0.00143427432819138,0.0211165518455955,0.609,0.0426,0.606,621.638888888889
"Atezolizumab",144000,25,0.00024255175609235,0.0629720681259707,0.00108096218025253,0.0503333566376484,0.609,0.0426,0.606,621.638888888889
"Atezolizumab",144000,26,0.000453112981058258,0.0291250318714425,0.000880235044313914,0.0209834109513018,0.609,0.0426,0.606,621.638888888889
"Atezolizumab",144000,27,0.000329149833837931,0.025998714903641,0.00157263577237661,0.0309308798072863,0.609,0.0426,0.606,621.638888888889
"Atezolizumab",144000,28,0.000179901047052493,0.0331858565014228,0.000989018196116756,0.0413663594450737,0.609,0.0426,0.606,621.638888888889
"Atezolizumab",144000,29,0.000274370567157362,0.0449418358625769,0.000601099095982417,0.0154832645496533,0.609,0.0426,0.606,621.638888888889
"Atezolizumab",144000,30,0.000257313352546331,0.0312427081434321,0.00062065764652728,0.0223035697120983,0.609,0.0426,0.606,621.638888888889
"Atezolizumab",144000,31,0.000209153981046354,0.0431837902962173,0.0012825914910528,0.0184653315673241,0.609,0.0426,0.606,621.638888888889
"Atezolizumab",144000,32,0.000348174816196689,0.0389207735269724,0.000586584495610583,0.0261533568886633,0.609,0.0426,0.606,621.638888888889
"Atezolizumab",144000,33,0.00025450392262077,0.0424939510248752,0.000301821719413126,0.0147209643307274,0.609,0.0426,0.606,621.638888888889
"Atezolizumab",144000,34,0.000261995349212077,0.0252237010174462,0.0015680094712396,0.0241425937716947,0.609,0.0426,0.606,621.638888888889
"Atezolizumab",144000,35,0.000365892214773894,0.0380244722012085,0.000427313385115239,0.0160712911019101,0.609,0.0426,0.606,621.638888888889
"Atezolizumab",144000,36,0.000173411419769284,0.0473650038268368,0.00110475392500871,0.0191790780594298,0.609,0.0426,0.606,621.638888888889
"Atezolizumab",144000,37,0.000210116236801113,0.0332337822305436,0.000935139609563832,0.016726473092438,0.609,0.0426,0.606,621.638888888889
"Atezolizumab",144000,38,0.000105158425837847,0.0396595044569575,0.000976896300497199,0.0173961478871197,0.609,0.0426,0.606,621.638888888889
"Atezolizumab",144000,39,0.000156696009698441,0.0568252035156666,0.00137264528604272,0.0170342441902156,0.609,0.0426,0.606,621.638888888889
"Atezolizumab",144000,40,0.000192289444174372,0.0317025948968243,0.000580965274571268,0.0355474826138022,0.609,0.0426,0.606,621.638888888889
"Atezolizumab",144000,41,0.000219226029863877,0.0365819815592202,0.00138289070168989,0.0275045203884054,0.609,0.0426,0.606,621.638888888889
"Atezolizumab",144000,42,0.00022208199492932,0.0388945130328005,0.00164316955953647,0.011117208886851,0.609,0.0426,0.606,621.638888888889
"Atezolizumab",144000,43,0.000242786542922065,0.022142694883992,0.000559861161276915,0.0197095011947226,0.609,0.0426,0.606,621.638888888889
"Atezolizumab",144000,44,0.000164073870909859,0.0286540174772848,0.000792711494674302,0.0468062340591013,0.609,0.0426,0.606,621.638888888889
"Atezolizumab",144000,45,0.00025987497993488,0.0379038976492111,0.000872140587227606,0.0235561231763933,0.609,0.0426,0.606,621.638888888889
"Atezolizumab",144000,46,0.000141686635298659,0.052153400460112,0.00191505916159055,0.0220137702572233,0.609,0.0426,0.606,621.638888888889
"Atezolizumab",144000,47,0.00031146506213276,0.0295928153264511,0.000771439182876076,0.0483244953865541,0.609,0.0426,0.606,621.638888888889
"Atezolizumab",144000,48,0.000271283780304129,0.0358055110312563,0.000854011517979724,0.0275294843398379,0.609,0.0426,0.606,621.638888888889
"Atezolizumab",144000,49,0.000237773273345983,0.0389911528954286,0.00135480593595345,0.0273813734267232,0.609,0.0426,0.606,621.638888888889
"Atezolizumab",144000,50,0.00019745271315214,0.0388402021392381,0.000802961929308006,0.0109407143245803,0.609,0.0426,0.606,621.638888888889
"Atezolizumab",144000,51,0.000348616996347058,0.0453581266714638,0.00109117286859871,0.0263402025140173,0.609,0.0426,0.606,621.638888888889
"Atezolizumab",144000,52,0.000166542063967768,0.0446058686771616,0.000893624049563782,0.0335692691310616,0.609,0.0426,0.606,621.638888888889
"Atezolizumab",144000,53,0.000166397621135219,0.0604414267042667,0.000739559295581026,0.0277679187324175,0.609,0.0426,0.606,621.638888888889
"Atezolizumab",144000,54,0.000255867803458701,0.0349041764134151,0.000640581397770374,0.0284845144618703,0.609,0.0426,0.606,621.638888888889
"Atezolizumab",144000,55,0.000133583321177056,0.0450291818762526,0.00051100332777264,0.0273413585104785,0.609,0.0426,0.606,621.638888888889
"Atezolizumab",144000,56,0.000177640319814329,0.0434327165426731,0.00115569771255881,0.0391049084948961,0.609,0.0426,0.606,621.638888888889
"Atezolizumab",144000,57,0.000299289280187802,0.028963226834247,0.000649837731678913,0.0327597922239885,0.609,0.0426,0.606,621.638888888889
"Atezolizumab",144000,58,0.000143388280423865,0.0544154566044228,0.00064541297107652,0.033392915286847,0.609,0.0426,0.606,621.638888888889
"Atezolizumab",144000,59,0.000207821601842284,0.0428432298579244,0.00129094301039701,0.033713120955988,0.609,0.0426,0.606,621.638888888889
"Atezolizumab",144000,60,0.0002313117293051,0.0413660551733314,0.000740552282129147,0.0293058457571187,0.609,0.0426,0.606,621.638888888889
"Atezolizumab",144000,61,0.000193158387428995,0.0342595045301982,0.000706061401144049,0.0239062631781122,0.609,0.0426,0.606,621.638888888889
"Atezolizumab",144000,62,0.000198911783075165,0.0457948788070291,0.000660751789844451,0.0231187908208653,0.609,0.0426,0.606,621.638888888889
"Atezolizumab",144000,63,0.000204843353749828,0.0357828969027486,0.000462773986932397,0.0290306061430628,0.609,0.0426,0.606,621.638888888889
"Atezolizumab",144000,64,0.000203966918901264,0.0229019508934959,0.000546480423899206,0.030423230422052,0.609,0.0426,0.606,621.638888888889
"Atezolizumab",144000,65,0.000187442007482192,0.0445571026323442,0.00072758341162716,0.0290743691924551,0.609,0.0426,0.606,621.638888888889
"Atezolizumab",144000,66,0.000320268611143327,0.0353458460571263,0.00167215640643625,0.0262353542764367,0.609,0.0426,0.606,621.638888888889
"Atezolizumab",144000,67,0.000220037057555947,0.0451673377802341,0.000573621933466102,0.0357676791355228,0.609,0.0426,0.606,621.638888888889
"Atezolizumab",144000,68,0.000295147993182664,0.0501584259066997,0.000840821846871686,0.0222415627930012,0.609,0.0426,0.606,621.638888888889
"Atezolizumab",144000,69,0.000199180469106201,0.0459658511477535,0.00034658942054328,0.0119089987277306,0.609,0.0426,0.606,621.638888888889
"Atezolizumab",144000,70,0.000154641344045133,0.0380721057895455,0.000742704796473164,0.0391883986911218,0.609,0.0426,0.606,621.638888888889
"Atezolizumab",144000,71,0.000206068002460796,0.0528459748273885,0.000675700543834712,0.0111492902569525,0.609,0.0426,0.606,621.638888888889
"Atezolizumab",144000,72,0.000295599127965941,0.0203219924854336,0.00113972372016765,0.0324636964347137,0.609,0.0426,0.606,621.638888888889
"Atezolizumab",144000,73,0.000153767645448309,0.0405096696126508,0.000677493571322021,0.0327581154375572,0.609,0.0426,0.606,621.638888888889
"Atezolizumab",144000,74,0.000336090446901451,0.0312229793680713,0.000782680782110811,0.0203508235405019,0.609,0.0426,0.606,621.638888888889
"Atezolizumab",144000,75,0.000233938476804019,0.0351562061726094,0.000363738332471656,0.0392328784997085,0.609,0.0426,0.606,621.638888888889
"Atezolizumab",144000,76,0.000255236869824863,0.0499209406512592,0.00179037444863267,0.0385917106514432,0.609,0.0426,0.606,621.638888888889
"Atezolizumab",144000,77,0.000102920263382912,0.0429794437884706,0.000863782176550913,0.023199412834564,0.609,0.0426,0.606,621.638888888889
"Atezolizumab",144000,78,0.000188581061953045,0.0685075943100137,0.000719260981189678,0.0272524594654736,0.609,0.0426,0.606,621.638888888889
"Atezolizumab",144000,79,0.00028883330781782,0.028801946041561,0.000738767832983066,0.0283719951509428,0.609,0.0426,0.606,621.638888888889
"Atezolizumab",144000,80,0.000145380891085896,0.0541464183295567,0.000446506272283258,0.0244366186063123,0.609,0.0426,0.606,621.638888888889
"Atezolizumab",144000,81,0.000446515847577486,0.0340756224984872,0.000482380397699236,0.0186008676757299,0.609,0.0426,0.606,621.638888888889
"Atezolizumab",144000,82,0.000262293408009677,0.0268524513664585,0.000884656174892642,0.0182628277389196,0.609,0.0426,0.606,621.638888888889
"Atezolizumab",144000,83,0.000337594252331953,0.0540193027447702,0.00162576183184492,0.0357894551103786,0.609,0.0426,0.606,621.638888888889
"Atezolizumab",144000,84,0.000411979845230456,0.0360768560161406,0.000572245789993281,0.0346493758470177,0.609,0.0426,0.606,621.638888888889
"Atezolizumab",144000,85,0.000237423799416249,0.0283379359634953,0.000887501035973832,0.0222543147620543,0.609,0.0426,0.606,621.638888888889
"Atezolizumab",144000,86,0.000217948346451914,0.0723167598577735,0.00185992362242723,0.0265772330227357,0.609,0.0426,0.606,621.638888888889
"Atezolizumab",144000,87,0.000267083251955789,0.036157696682067,0.00123628708755988,0.0332288771102095,0.609,0.0426,0.606,621.638888888889
"Atezolizumab",144000,88,0.000273768060634892,0.0661348623921966,0.00105108689594875,0.0189903615884776,0.609,0.0426,0.606,621.638888888889
"Atezolizumab",144000,89,0.000206305019404751,0.0324200227462793,0.000948514651384162,0.0185747951416585,0.609,0.0426,0.606,621.638888888889
"Atezolizumab",144000,90,0.000293265257987281,0.0301257787908842,0.00040935392985937,0.0405263059163446,0.609,0.0426,0.606,621.638888888889
"Atezolizumab",144000,91,0.000160665700523317,0.0450591884022952,0.00120310109995789,0.0410186606138122,0.609,0.0426,0.606,621.638888888889
"Atezolizumab",144000,92,0.000101373263961581,0.0665883828874625,0.00104475057091839,0.0379684005030127,0.609,0.0426,0.606,621.638888888889
"Atezolizumab",144000,93,0.000277323624987146,0.0313086857131614,0.00103843440953694,0.0105136972238924,0.609,0.0426,0.606,621.638888888889
"Atezolizumab",144000,94,0.000181060732653544,0.037695281220454,0.000876574829203558,0.0256233745305572,0.609,0.0426,0.606,621.638888888889
"Atezolizumab",144000,95,0.00023751561111005,0.0275328954972183,0.00202118204034967,0.0219245080515277,0.609,0.0426,0.606,621.638888888889
"Atezolizumab",144000,96,0.000266646738532662,0.0654328405780752,0.00058312299840041,0.0248116769865749,0.609,0.0426,0.606,621.638888888889
"Atezolizumab",144000,97,0.000166455800754154,0.0393934589370283,0.00125110222177424,0.0215196079405003,0.609,0.0426,0.606,621.638888888889
"Atezolizumab",144000,98,0.000149518822552796,0.0341150337479851,0.00377970045244085,0.031614008465267,0.609,0.0426,0.606,621.638888888889
"Atezolizumab",144000,99,0.000168492713182104,0.045238962429013,0.000937127915173824,0.0197092589819704,0.609,0.0426,0.606,621.638888888889
"Atezolizumab",144000,100,0.000156995594809283,0.0331392344714105,0.00228848874494038,0.0191785435203952,0.609,0.0426,0.606,621.638888888889
"Avelumab",147000,1,0.000719809911890816,0.0707425995512446,0.00114644743028709,0.0648461610516781,0.609,0.0426,0.25,0.158529501915709
"Avelumab",147000,2,0.000881874042805587,0.0415526059384627,0.00118893291121773,0.0621734216855729,0.609,0.0426,0.25,0.158529501915709
"Avelumab",147000,3,0.000791793312378574,0.0407656273112324,0.00223734725472368,0.0303714567387843,0.609,0.0426,0.25,0.158529501915709
"Avelumab",147000,4,0.000911202278687565,0.0551997355327194,0.00235445854739354,0.0298358826353164,0.609,0.0426,0.25,0.158529501915709
"Avelumab",147000,5,0.00070125004794621,0.0444451371566158,0.00201220823851503,0.0473453904170677,0.609,0.0426,0.25,0.158529501915709
"Avelumab",147000,6,0.00145492760889794,0.0356796491073097,0.00271276801583057,0.0480103103966267,0.609,0.0426,0.25,0.158529501915709
"Avelumab",147000,7,0.000903261380653743,0.0566746948112082,0.000730720195978684,0.0451568962826828,0.609,0.0426,0.25,0.158529501915709
"Avelumab",147000,8,0.00130328641165738,0.0398294342696329,0.00216706652208552,0.0410711098157678,0.609,0.0426,0.25,0.158529501915709
"Avelumab",147000,9,0.000976485666220111,0.0612650047876426,0.0023716670101415,0.0395227849387803,0.609,0.0426,0.25,0.158529501915709
"Avelumab",147000,10,0.00111767792819925,0.0418324866689426,0.00149029733465937,0.0443781388507882,0.609,0.0426,0.25,0.158529501915709
"Avelumab",147000,11,0.00149613073276075,0.0270602727382014,0.00176749286620145,0.0368139491470452,0.609,0.0426,0.25,0.158529501915709
"Avelumab",147000,12,0.00145517910019958,0.0403807840068257,0.000817963397463868,0.0534669876359624,0.609,0.0426,0.25,0.158529501915709
"Avelumab",147000,13,0.00114760408489632,0.0393999046811713,0.00159795163999575,0.0268034087719162,0.609,0.0426,0.25,0.158529501915709
"Avelumab",147000,14,0.000782810668633615,0.0251631875410829,0.00161980398047774,0.0344621774896505,0.609,0.0426,0.25,0.158529501915709
"Avelumab",147000,15,0.000948443382432909,0.0227849531676277,0.00120854267995898,0.049024774946542,0.609,0.0426,0.25,0.158529501915709
"Avelumab",147000,16,0.0011596430406183,0.0526793708930747,0.00134878533294354,0.0211972790623673,0.609,0.0426,0.25,0.158529501915709
"Avelumab",147000,17,0.00159251259119396,0.0273637137455107,0.00263231441198046,0.041197539647852,0.609,0.0426,0.25,0.158529501915709
"Avelumab",147000,18,0.0013974804300061,0.0815664397348436,0.00133718553318774,0.0195451996433366,0.609,0.0426,0.25,0.158529501915709
"Avelumab",147000,19,0.000900155373562623,0.0324095897391596,0.00239844752781955,0.0456819143050623,0.609,0.0426,0.25,0.158529501915709
"Avelumab",147000,20,0.000722527369894724,0.0440145754906004,0.00232342711239126,0.0424615581252202,0.609,0.0426,0.25,0.158529501915709
"Avelumab",147000,21,0.000611965849439346,0.042198681750118,0.0012763825534443,0.0526675231295941,0.609,0.0426,0.25,0.158529501915709
"Avelumab",147000,22,0.000853317626257694,0.0335957144637551,0.000912319519242262,0.0217008603745278,0.609,0.0426,0.25,0.158529501915709
"Avelumab",147000,23,0.00128098297823941,0.0593577650414527,0.00214198234741795,0.0332266813934895,0.609,0.0426,0.25,0.158529501915709
"Avelumab",147000,24,0.002205162688406,0.0366594593849351,0.00104064266423424,0.0550496813551758,0.609,0.0426,0.25,0.158529501915709
"Avelumab",147000,25,0.00127193211555836,0.0548957152185895,0.00121399212698921,0.0392078176362477,0.609,0.0426,0.25,0.158529501915709
"Avelumab",147000,26,0.00166863094847681,0.0794047965033663,0.00359394313392077,0.0404801145347031,0.609,0.0426,0.25,0.158529501915709
"Avelumab",147000,27,0.00163578954553227,0.0337100064878688,0.00264696281857078,0.0332532671715576,0.609,0.0426,0.25,0.158529501915709
"Avelumab",147000,28,0.00110604131300121,0.0415951895528351,0.00131748067732236,0.0305201418319559,0.609,0.0426,0.25,0.158529501915709
"Avelumab",147000,29,0.000845015727192762,0.0314003133966282,0.000930919143490081,0.0490404663442265,0.609,0.0426,0.25,0.158529501915709
"Avelumab",147000,30,0.00148411235192669,0.077454595297835,0.00214762416850933,0.0439308527254192,0.609,0.0426,0.25,0.158529501915709
"Avelumab",147000,31,0.00119335959953604,0.0346530154259092,0.00164781505969357,0.0581831088632823,0.609,0.0426,0.25,0.158529501915709
"Avelumab",147000,32,0.00167302385121914,0.0413129902828222,0.00126363873384556,0.0340143620518601,0.609,0.0426,0.25,0.158529501915709
"Avelumab",147000,33,0.00113429405971885,0.0370459650186271,0.00141042131261932,0.0284846473856853,0.609,0.0426,0.25,0.158529501915709
"Avelumab",147000,34,0.00100867983620261,0.0312102153420024,0.000708458388158062,0.0324071138022635,0.609,0.0426,0.25,0.158529501915709
"Avelumab",147000,35,0.00270552412750802,0.0403413792532133,0.00175655645501836,0.0391469099817422,0.609,0.0426,0.25,0.158529501915709
"Avelumab",147000,36,0.000986228628946201,0.0634465043846018,0.000787353421703002,0.0476647246206571,0.609,0.0426,0.25,0.158529501915709
"Avelumab",147000,37,0.00107155557575547,0.0659935195698551,0.00176979772532364,0.0333759699353857,0.609,0.0426,0.25,0.158529501915709
"Avelumab",147000,38,0.00185951823739125,0.0702013027562118,0.001206178703344,0.0344480107366338,0.609,0.0426,0.25,0.158529501915709
"Avelumab",147000,39,0.00195988697004181,0.0435730618286662,0.00497341242355804,0.0346863621626116,0.609,0.0426,0.25,0.158529501915709
"Avelumab",147000,40,0.00102077342460013,0.0499613069547159,0.00202910427604,0.0511274129397471,0.609,0.0426,0.25,0.158529501915709
"Avelumab",147000,41,0.000964714398973603,0.0405678559471024,0.00149743965767157,0.0886264515412957,0.609,0.0426,0.25,0.158529501915709
"Avelumab",147000,42,0.00105172421186326,0.039669859289735,0.00275227397397366,0.0679532701104919,0.609,0.0426,0.25,0.158529501915709
"Avelumab",147000,43,0.00106893905707989,0.0474355560531062,0.00168750366009131,0.0316236366095147,0.609,0.0426,0.25,0.158529501915709
"Avelumab",147000,44,0.00171082668038665,0.0281081672545149,0.00334287221584638,0.0525065859984935,0.609,0.0426,0.25,0.158529501915709
"Avelumab",147000,45,0.000571700161898465,0.03651053617716,0.00285082475962989,0.0281793515331648,0.609,0.0426,0.25,0.158529501915709
"Avelumab",147000,46,0.00111747841038768,0.0659011937307424,0.000992078310712456,0.0276075056064237,0.609,0.0426,0.25,0.158529501915709
"Avelumab",147000,47,0.000844183955303549,0.0294561815490721,0.00218956310656764,0.0321797321134028,0.609,0.0426,0.25,0.158529501915709
"Avelumab",147000,48,0.001061663954498,0.0297621829264085,0.0028400348887894,0.0417349861410617,0.609,0.0426,0.25,0.158529501915709
"Avelumab",147000,49,0.00190634622454244,0.0817478723218543,0.00221350627158727,0.0391673908560354,0.609,0.0426,0.25,0.158529501915709
"Avelumab",147000,50,0.00102836596642948,0.0890829558874251,0.00199574732172233,0.0531309887765227,0.609,0.0426,0.25,0.158529501915709
"Avelumab",147000,51,0.00260939180928233,0.0558758588093877,0.00134232123913083,0.0365099961344767,0.609,0.0426,0.25,0.158529501915709
"Avelumab",147000,52,0.00173061645019388,0.0561566169642238,0.00155671444099763,0.0347486393972727,0.609,0.0426,0.25,0.158529501915709
"Avelumab",147000,53,0.000885728087659446,0.0213712985934399,0.000776075514780387,0.0368206434464265,0.609,0.0426,0.25,0.158529501915709
"Avelumab",147000,54,0.00117782762014148,0.110635650691558,0.00129753081355239,0.0349243269100906,0.609,0.0426,0.25,0.158529501915709
"Avelumab",147000,55,0.000982631643399024,0.0383702149860826,0.00251280463455001,0.0418366569659849,0.609,0.0426,0.25,0.158529501915709
"Avelumab",147000,56,0.00119757917464581,0.0263689774067487,0.0012126921230154,0.0658370562041772,0.609,0.0426,0.25,0.158529501915709
"Avelumab",147000,57,0.000969537994192295,0.0446193530584611,0.00159927402161416,0.0429557327628642,0.609,0.0426,0.25,0.158529501915709
"Avelumab",147000,58,0.00096889431773722,0.0661245601501411,0.00127853684204552,0.0526070699126497,0.609,0.0426,0.25,0.158529501915709
"Avelumab",147000,59,0.000481236721709938,0.0312103228814347,0.00110613785159687,0.0317658783289916,0.609,0.0426,0.25,0.158529501915709
"Avelumab",147000,60,0.00112412249035945,0.0484738971815492,0.00142208742685615,0.0353756539202543,0.609,0.0426,0.25,0.158529501915709
"Avelumab",147000,61,0.0010389920735439,0.0450344618816041,0.00147332441174644,0.0299580157790446,0.609,0.0426,0.25,0.158529501915709
"Avelumab",147000,62,0.00142386101180035,0.0540227633343513,0.0018899805257289,0.0354450215231114,0.609,0.0426,0.25,0.158529501915709
"Avelumab",147000,63,0.000900713867913284,0.0486396668236109,0.00176705082306922,0.0440295231173911,0.609,0.0426,0.25,0.158529501915709
"Avelumab",147000,64,0.0011740178407341,0.0275540365210378,0.00187394843560274,0.0404612152781312,0.609,0.0426,0.25,0.158529501915709
"Avelumab",147000,65,0.0011786403454071,0.0344495524485854,0.00126506014889164,0.0451445019726426,0.609,0.0426,0.25,0.158529501915709
"Avelumab",147000,66,0.00144139907900749,0.027051902622623,0.0011164632190129,0.0782427027658598,0.609,0.0426,0.25,0.158529501915709
"Avelumab",147000,67,0.00091719509460207,0.0675820455927299,0.0017746550176906,0.0380280252300133,0.609,0.0426,0.25,0.158529501915709
"Avelumab",147000,68,0.00103949760266165,0.0550482929963214,0.00225878076077672,0.069249358020323,0.609,0.0426,0.25,0.158529501915709
"Avelumab",147000,69,0.00121460791115826,0.0513027323603206,0.0010349451098606,0.0434623024091699,0.609,0.0426,0.25,0.158529501915709
"Avelumab",147000,70,0.000960398579065824,0.0509235742149327,0.00135244838202598,0.0366142567064354,0.609,0.0426,0.25,0.158529501915709
"Avelumab",147000,71,0.0013392412321725,0.0459221196195351,0.00147549681450676,0.05811248529104,0.609,0.0426,0.25,0.158529501915709
"Avelumab",147000,72,0.000654144159667496,0.0459660359437006,0.00085228880593096,0.0528845979200492,0.609,0.0426,0.25,0.158529501915709
"Avelumab",147000,73,0.00081697285178668,0.0442988997723677,0.000910104429998442,0.0364673725503311,0.609,0.0426,0.25,0.158529501915709
"Avelumab",147000,74,0.00148462741094786,0.0440495507009229,0.00200954826667019,0.0422698287516868,0.609,0.0426,0.25,0.158529501915709
"Avelumab",147000,75,0.000737603628024816,0.0480748912191238,0.00192817624910972,0.0309988844224319,0.609,0.0426,0.25,0.158529501915709
"Avelumab",147000,76,0.000579785943368748,0.0566804705831784,0.00124951847511837,0.0529065250974637,0.609,0.0426,0.25,0.158529501915709
"Avelumab",147000,77,0.000992914828271977,0.0545889667224919,0.00242537370225692,0.0555823123370464,0.609,0.0426,0.25,0.158529501915709
"Avelumab",147000,78,0.000877344683906132,0.0544045433309287,0.00199426507457448,0.0750539700147439,0.609,0.0426,0.25,0.158529501915709
"Avelumab",147000,79,0.000718314640171881,0.0419944276888062,0.00066925176272142,0.0238680910761005,0.609,0.0426,0.25,0.158529501915709
"Avelumab",147000,80,0.00168425548927402,0.03730633809717,0.0015849040611882,0.0470002478559752,0.609,0.0426,0.25,0.158529501915709
"Avelumab",147000,81,0.00101626359883383,0.0493679647951303,0.00089841266864077,0.0494072531054525,0.609,0.0426,0.25,0.158529501915709
"Avelumab",147000,82,0.000652012608046713,0.0478329476925795,0.000944157595897597,0.0280090716362262,0.609,0.0426,0.25,0.158529501915709
"Avelumab",147000,83,0.00121996298542797,0.0612987667456664,0.00130350039971483,0.0439711254886125,0.609,0.0426,0.25,0.158529501915709
"Avelumab",147000,84,0.0010539849694503,0.0292222651451661,0.00268908932398661,0.0313080070536587,0.609,0.0426,0.25,0.158529501915709
"Avelumab",147000,85,0.0012452635332066,0.0555871819948361,0.00154747610533104,0.0410113477396191,0.609,0.0426,0.25,0.158529501915709
"Avelumab",147000,86,0.000944607170936626,0.0801500202895849,0.00251799733929831,0.0418582860629584,0.609,0.0426,0.25,0.158529501915709
"Avelumab",147000,87,0.000848062588574722,0.0427773491808975,0.00132340935647877,0.0462768917874911,0.609,0.0426,0.25,0.158529501915709
"Avelumab",147000,88,0.00137761097055472,0.0368494392719722,0.00125372574031516,0.0265561785772468,0.609,0.0426,0.25,0.158529501915709
"Avelumab",147000,89,0.0013427680887421,0.0416226086222495,0.00122841675200518,0.0445317702555145,0.609,0.0426,0.25,0.158529501915709
"Avelumab",147000,90,0.000934221314477186,0.0285558879112354,0.00202701164668978,0.0393312140714902,0.609,0.0426,0.25,0.158529501915709
"Avelumab",147000,91,0.00132326700903886,0.0321747942133305,0.00189229921687003,0.0560543229586447,0.609,0.0426,0.25,0.158529501915709
"Avelumab",147000,92,0.00105568298541658,0.049043803398015,0.00141787901873303,0.035477274317163,0.609,0.0426,0.25,0.158529501915709
"Avelumab",147000,93,0.00143380123615003,0.0441308729581648,0.00129976736082302,0.0419761052869214,0.609,0.0426,0.25,0.158529501915709
"Avelumab",147000,94,0.00128156534302725,0.0466738690370966,0.00163143522650887,0.0284122085600414,0.609,0.0426,0.25,0.158529501915709
"Avelumab",147000,95,0.00126212796532696,0.0225585288500733,0.00216379928479976,0.0303061268548033,0.609,0.0426,0.25,0.158529501915709
"Avelumab",147000,96,0.00098812590617073,0.0425754606247889,0.00120001662367923,0.038207036694825,0.609,0.0426,0.25,0.158529501915709
"Avelumab",147000,97,0.000992775902687485,0.026777671535197,0.00144740203599547,0.0556753500153865,0.609,0.0426,0.25,0.158529501915709
"Avelumab",147000,98,0.000943274182910969,0.0728261681847584,0.00128141252199192,0.0376602128646143,0.609,0.0426,0.25,0.158529501915709
"Avelumab",147000,99,0.00121731298078728,0.0728396464875621,0.00138317609232352,0.0312151190235042,0.609,0.0426,0.25,0.158529501915709
"Avelumab",147000,100,0.000806861869256324,0.0373619380769155,0.00153111395435201,0.0401002105305085,0.609,0.0426,0.25,0.158529501915709
"Nivolumab",146000,1,0.000256771334900769,0.0344606271440203,0.000928891695254178,0.0107894330298684,0.0166,0.027,0.027,1.45572368421053
"Nivolumab",146000,2,0.000150164449524026,0.0283402623683702,0.00117809662933137,0.0139086521529434,0.0166,0.027,0.027,1.45572368421053
"Nivolumab",146000,3,0.00022101599059926,0.0253273032439493,0.00131601304614167,0.0162374237377405,0.0166,0.027,0.027,1.45572368421053
"Nivolumab",146000,4,0.000287316571588148,0.0520776455458817,0.00207900560618822,0.0158960556434649,0.0166,0.027,0.027,1.45572368421053
"Nivolumab",146000,5,0.000232167299742047,0.0559916400869489,0.00114415067408854,0.010053661193998,0.0166,0.027,0.027,1.45572368421053
"Nivolumab",146000,6,9.07619365069391e-05,0.0211975058499912,0.0011665732616774,0.023408024356075,0.0166,0.027,0.027,1.45572368421053
"Nivolumab",146000,7,0.000206917103112264,0.0392093013352533,0.00107672111806731,0.0333121584823325,0.0166,0.027,0.027,1.45572368421053
"Nivolumab",146000,8,0.000209938870503105,0.0251274872572934,0.000753469546905183,0.0292591657976284,0.0166,0.027,0.027,1.45572368421053
"Nivolumab",146000,9,0.000168540769506207,0.0361014224858344,0.0013073251410318,0.0238886046363054,0.0166,0.027,0.027,1.45572368421053
"Nivolumab",146000,10,0.00017369326825808,0.0311385908335477,0.00182713199247648,0.0180959403671166,0.0166,0.027,0.027,1.45572368421053
"Nivolumab",146000,11,8.84933775113947e-05,0.0469835249361459,0.00106496614281109,0.0142928936577165,0.0166,0.027,0.027,1.45572368421053
"Nivolumab",146000,12,0.000180614288693938,0.0390583143123026,0.000850920330622408,0.0134757915744342,0.0166,0.027,0.027,1.45572368421053
"Nivolumab",146000,13,0.000211022221309963,0.020002022474454,0.000866076321897138,0.0143454768692833,0.0166,0.027,0.027,1.45572368421053
"Nivolumab",146000,14,0.0002983337051249,0.0295940682869664,0.000977597904362607,0.0135158269973935,0.0166,0.027,0.027,1.45572368421053
"Nivolumab",146000,15,9.7627935437964e-05,0.0367688837660538,0.000798240783459472,0.0155805361234276,0.0166,0.027,0.027,1.45572368421053
"Nivolumab",146000,16,0.000250490443229181,0.029845631278888,0.00107684720399115,0.0175884211029151,0.0166,0.027,0.027,1.45572368421053
"Nivolumab",146000,17,0.00012793239898735,0.0453864935480387,0.00080487453692239,0.0135565658769148,0.0166,0.027,0.027,1.45572368421053
"Nivolumab",146000,18,0.000209074577039679,0.0282599706201836,0.000794373462477679,0.0157950313325504,0.0166,0.027,0.027,1.45572368421053
"Nivolumab",146000,19,0.000218118630697378,0.0320262159679638,0.00083791727492759,0.019998263238489,0.0166,0.027,0.027,1.45572368421053
"Nivolumab",146000,20,0.000252057964491716,0.0427933486805998,0.00075758539963554,0.0135709291611384,0.0166,0.027,0.027,1.45572368421053
"Nivolumab",146000,21,9.68439684351412e-05,0.0345371985568387,0.00106241488402613,0.0242406079399291,0.0166,0.027,0.027,1.45572368421053
"Nivolumab",146000,22,0.000171560586443111,0.0394707789850309,0.000514995359129714,0.0272268440700632,0.0166,0.027,0.027,1.45572368421053
"Nivolumab",146000,23,0.000257520759859064,0.019328595866111,0.000355515248604114,0.00877853598186074,0.0166,0.027,0.027,1.45572368421053
"Nivolumab",146000,24,0.000178712042300212,0.0457632559520546,0.00139395088921689,0.0183695437894893,0.0166,0.027,0.027,1.45572368421053
"Nivolumab",146000,25,0.000195496350322385,0.0201505710001622,0.00372292087631285,0.0242155477374144,0.0166,0.027,0.027,1.45572368421053
"Nivolumab",146000,26,0.000226496079792053,0.0307424622765825,0.000428868046234015,0.0218098510990842,0.0166,0.027,0.027,1.45572368421053
"Nivolumab",146000,27,7.44474677688466e-05,0.0439185076192059,0.0019508237320813,0.0196057928986743,0.0166,0.027,0.027,1.45572368421053
"Nivolumab",146000,28,0.000133972534808573,0.0367078307100428,0.00142795866752418,0.0105565929408845,0.0166,0.027,0.027,1.45572368421053
"Nivolumab",146000,29,0.000210951976584945,0.0342802923710801,0.00170505805054295,0.0210790508526227,0.0166,0.027,0.027,1.45572368421053
"Nivolumab",146000,30,0.00015754036152932,0.0441271859395549,0.000487493894345004,0.0298710290472533,0.0166,0.027,0.027,1.45572368421053
"Nivolumab",146000,31,0.000144821584898373,0.0221570601157143,0.00167971795461272,0.00942785116060803,0.0166,0.027,0.027,1.45572368421053
"Nivolumab",146000,32,0.000170986705062417,0.040107680711484,0.00141971336335945,0.0236809195281911,0.0166,0.027,0.027,1.45572368421053
"Nivolumab",146000,33,0.000154781646224624,0.0432509156665494,0.000948708910856946,0.0193721243076654,0.0166,0.027,0.027,1.45572368421053
"Nivolumab",146000,34,0.00017909389972175,0.0350031214188608,0.00206330014736475,0.019324884045795,0.0166,0.027,0.027,1.45572368421053
"Nivolumab",146000,35,0.000217365497301792,0.0401296955330315,0.00128982467307237,0.0178609878549504,0.0166,0.027,0.027,1.45572368421053
"Nivolumab",146000,36,0.000203428548973238,0.0367323195630179,0.00085262177991704,0.0175021646979634,0.0166,0.027,0.027,1.45572368421053
"Nivolumab",146000,37,0.000214129445424482,0.0184665317824781,0.000738119968051093,0.0139431518194205,0.0166,0.027,0.027,1.45572368421053
"Nivolumab",146000,38,0.000291220310125015,0.0142222448360643,0.00129906149542621,0.0180791888385236,0.0166,0.027,0.027,1.45572368421053
"Nivolumab",146000,39,0.000150086440862608,0.0342606956619659,0.00102307715711193,0.0175025392189556,0.0166,0.027,0.027,1.45572368421053
"Nivolumab",146000,40,0.000194855525619156,0.047805735958139,0.000954286725079891,0.014032730255818,0.0166,0.027,0.027,1.45572368421053
"Nivolumab",146000,41,0.000192904126256589,0.0266869676060148,0.000840101607989821,0.015779119031846,0.0166,0.027,0.027,1.45572368421053
"Nivolumab",146000,42,0.000188939123315004,0.0329728304211798,0.00102531482543551,0.0232742814310811,0.0166,0.027,0.027,1.45572368421053
"Nivolumab",146000,43,0.000245993198263147,0.0193705734151436,0.00110958352117931,0.018425227231276,0.0166,0.027,0.027,1.45572368421053
"Nivolumab",146000,44,0.000275160350266033,0.0349938903335564,0.00123979607514314,0.0164947809725062,0.0166,0.027,0.027,1.45572368421053
"Nivolumab",146000,45,0.000170316017744855,0.0232605803929128,0.00221823859763662,0.0100921434412926,0.0166,0.027,0.027,1.45572368421053
"Nivolumab",146000,46,0.00014480042267689,0.023969490614795,0.00152210026927489,0.0185232058558699,0.0166,0.027,0.027,1.45572368421053
"Nivolumab",146000,47,0.000191370994912053,0.02420197239615,0.00173583409173696,0.011957779132346,0.0166,0.027,0.027,1.45572368421053
"Nivolumab",146000,48,0.000227744740900273,0.0203958380305468,0.0018853539839928,0.0117622419144074,0.0166,0.027,0.027,1.45572368421053
"Nivolumab",146000,49,0.000282489020812197,0.0220072448109716,0.000839240862605455,0.011528754839355,0.0166,0.027,0.027,1.45572368421053
"Nivolumab",146000,50,0.000227235159462708,0.0288733120484044,0.00193981041303526,0.0161042391126027,0.0166,0.027,0.027,1.45572368421053
"Nivolumab",146000,51,0.000222490268066102,0.0348161653339056,0.00105376181811582,0.00767155744698573,0.0166,0.027,0.027,1.45572368421053
"Nivolumab",146000,52,0.000130637599539164,0.0271223388363315,0.000664864179654509,0.0156437671957937,0.0166,0.027,0.027,1.45572368421053
"Nivolumab",146000,53,0.000186861498085352,0.0377393395668396,0.00142840770144057,0.0175280040626653,0.0166,0.027,0.027,1.45572368421053
"Nivolumab",146000,54,0.000201612510527292,0.0386232403998661,0.000740300123256852,0.0125080854760923,0.0166,0.027,0.027,1.45572368421053
"Nivolumab",146000,55,0.000233965696059621,0.020118801004787,0.000433542899666433,0.0105102638205008,0.0166,0.027,0.027,1.45572368421053
"Nivolumab",146000,56,0.000134259652597644,0.0292622129843803,0.000620517591798274,0.0264157803163713,0.0166,0.027,0.027,1.45572368421053
"Nivolumab",146000,57,0.000232321222590016,0.0264932886393693,0.00099771371696617,0.00953176809255809,0.0166,0.027,0.027,1.45572368421053
"Nivolumab",146000,58,0.000263860973660284,0.046081590876984,0.000664365037290782,0.00843947274801554,0.0166,0.027,0.027,1.45572368421053
"Nivolumab",146000,59,0.000268712053933849,0.0350860528804802,0.00154665815487769,0.0225972385330572,0.0166,0.027,0.027,1.45572368421053
"Nivolumab",146000,60,0.000343568797609577,0.0394326656499355,0.000966236345997145,0.0207487896225289,0.0166,0.027,0.027,1.45572368421053
"Nivolumab",146000,61,0.00014228403343327,0.020913117842171,0.00105730183739137,0.0291894710255156,0.0166,0.027,0.027,1.45572368421053
"Nivolumab",146000,62,0.000215571243309505,0.0264887092021474,0.000850048992903781,0.00986091646870871,0.0166,0.027,0.027,1.45572368421053
"Nivolumab",146000,63,0.000219898369907522,0.035572826476925,0.000657243793630599,0.0174092470277833,0.0166,0.027,0.027,1.45572368421053
"Nivolumab",146000,64,0.000239731126800533,0.0403114060030732,0.00132115914010128,0.00818696816682267,0.0166,0.027,0.027,1.45572368421053
"Nivolumab",146000,65,0.000142212475256055,0.0324294052877456,0.00113589419570215,0.013061549424575,0.0166,0.027,0.027,1.45572368421053
"Nivolumab",146000,66,0.000190752290333174,0.0186725497123697,0.00154964367919639,0.0179679839461578,0.0166,0.027,0.027,1.45572368421053
"Nivolumab",146000,67,0.000221939130276209,0.0344646023819002,0.000686887314815107,0.00924342526934441,0.0166,0.027,0.027,1.45572368421053
"Nivolumab",146000,68,0.000209771924742045,0.0533869832099546,0.000833596657390586,0.00838425505170064,0.0166,0.027,0.027,1.45572368421053
"Nivolumab",146000,69,0.000263618383381954,0.0499285318616564,0.00173518855860076,0.0167942116080776,0.0166,0.027,0.027,1.45572368421053
"Nivolumab",146000,70,0.000195526512570098,0.0448744254126942,0.00208053653488814,0.0178753900962888,0.0166,0.027,0.027,1.45572368421053
"Nivolumab",146000,71,0.000328109665847797,0.0521523722456848,0.000858883268479075,0.019713326399405,0.0166,0.027,0.027,1.45572368421053
"Nivolumab",146000,72,0.000400755673922325,0.0379208635032449,0.00136842546396483,0.0160290810227918,0.0166,0.027,0.027,1.45572368421053
"Nivolumab",146000,73,0.000181841320351592,0.03381243835807,0.0010625862712053,0.0163286473551591,0.0166,0.027,0.027,1.45572368421053
"Nivolumab",146000,74,0.000246896272411655,0.0236761244708303,0.000650804683027003,0.00769770236778512,0.0166,0.027,0.027,1.45572368421053
"Nivolumab",146000,75,0.000168855630960584,0.0461860484825059,0.00128589008187877,0.0106682506375129,0.0166,0.027,0.027,1.45572368421053
"Nivolumab",146000,76,0.000211693788597568,0.0397103870519165,0.000531556108179406,0.0190137109148647,0.0166,0.027,0.027,1.45572368421053
"Nivolumab",146000,77,0.000299297630181241,0.0509102598482542,0.0009084570914886,0.049069318930301,0.0166,0.027,0.027,1.45572368421053
"Nivolumab",146000,78,9.71786139516172e-05,0.037662894034881,0.00109231775813664,0.00785626717970983,0.0166,0.027,0.027,1.45572368421053
"Nivolumab",146000,79,0.000193031697218715,0.0247472861196446,0.000719208673373052,0.0147789841102165,0.0166,0.027,0.027,1.45572368421053
"Nivolumab",146000,80,0.000168454622324625,0.0192636092520637,0.00209168488785148,0.0105812190770212,0.0166,0.027,0.027,1.45572368421053
"Nivolumab",146000,81,0.000151755471349832,0.0385002722892289,0.00109701487916269,0.0517917363415743,0.0166,0.027,0.027,1.45572368421053
"Nivolumab",146000,82,0.000130109028596252,0.0264468464920179,0.00105574563251886,0.00644770060953005,0.0166,0.027,0.027,1.45572368421053
"Nivolumab",146000,83,0.000184702750937231,0.0177835922758552,0.00293869854094976,0.00577465941214438,0.0166,0.027,0.027,1.45572368421053
"Nivolumab",146000,84,0.000155391831740969,0.0233356070133569,0.000739637447724735,0.0130596839306199,0.0166,0.027,0.027,1.45572368421053
"Nivolumab",146000,85,0.000219806304744803,0.0328937331009743,0.000748138084504089,0.0196439985544563,0.0166,0.027,0.027,1.45572368421053
"Nivolumab",146000,86,0.000214336338549089,0.0424548110664399,0.000439033842237521,0.0165725819615282,0.0166,0.027,0.027,1.45572368421053
"Nivolumab",146000,87,0.000244386102774745,0.0318573256018719,0.00237390022265095,0.0104782743244758,0.0166,0.027,0.027,1.45572368421053
"Nivolumab",146000,88,0.000196981378038688,0.0191630070854907,0.000744722552746766,0.0197386201999073,0.0166,0.027,0.027,1.45572368421053
"Nivolumab",146000,89,0.000223014959376535,0.0242749002749296,0.000904189755497841,0.0222271873533023,0.0166,0.027,0.027,1.45572368421053
"Nivolumab",146000,90,0.000108269428166816,0.0371849098861414,0.00167423085078223,0.013165792738891,0.0166,0.027,0.027,1.45572368421053
"Nivolumab",146000,91,0.000244790009711509,0.0607361603076125,0.00100807609542843,0.0453820386754438,0.0166,0.027,0.027,1.45572368421053
"Nivolumab",146000,92,0.000117139524465999,0.0213636444616085,0.00151038974511547,0.0108229034471195,0.0166,0.027,0.027,1.45572368421053
"Nivolumab",146000,93,0.000172243066535146,0.0393575423465913,0.000708083710065857,0.00728266590558893,0.0166,0.027,0.027,1.45572368421053
"Nivolumab",146000,94,0.000189253145313249,0.044100305147719,0.000562448840251448,0.00722502313170278,0.0166,0.027,0.027,1.45572368421053
"Nivolumab",146000,95,0.000156077837202047,0.0244534212567121,0.000742959707125196,0.0130327420879706,0.0166,0.027,0.027,1.45572368421053
"Nivolumab",146000,96,0.000356618272659975,0.0232421999530362,0.000789767971637213,0.0173518489389366,0.0166,0.027,0.027,1.45572368421053
"Nivolumab",146000,97,0.000191848854957499,0.0200607888409101,0.00177005826223553,0.0339437105288308,0.0166,0.027,0.027,1.45572368421053
"Nivolumab",146000,98,0.000162074614142164,0.0286341534449984,0.000643949301083176,0.0109742755961794,0.0166,0.027,0.027,1.45572368421053
"Nivolumab",146000,99,0.000219735603515148,0.0292054036547209,0.00146917839446125,0.00991448720875632,0.0166,0.027,0.027,1.45572368421053
"Nivolumab",146000,100,0.000211826452738445,0.0307257782913462,0.00115008628917752,0.0109885176499561,0.0166,0.027,0.027,1.45572368421053
"Pembrolizumab",146000,1,0.000222399952865243,0.00935885635346613,0.000703329769383883,0.0401777302413067,0.0166,0.027,0.027,0.392058823529412
"Pembrolizumab",146000,2,0.000107976173144513,0.0176153955122657,0.000473515989077532,0.0258403611191203,0.0166,0.027,0.027,0.392058823529412
"Pembrolizumab",146000,3,0.000293441525135338,0.0149470069409522,0.00052990941421043,0.0176439532623337,0.0166,0.027,0.027,0.392058823529412
"Pembrolizumab",146000,4,0.000165759562983673,0.0124607164317256,0.000728253609934205,0.0236898583790763,0.0166,0.027,0.027,0.392058823529412
"Pembrolizumab",146000,5,9.61755236436257e-05,0.0217048960137052,0.000620150213766015,0.0115978848897679,0.0166,0.027,0.027,0.392058823529412
"Pembrolizumab",146000,6,0.000162382457647934,0.0163580320876237,0.000528544984551016,0.0118200990315538,0.0166,0.027,0.027,0.392058823529412
"Pembrolizumab",146000,7,0.000286210444569567,0.02681304192694,0.000644204669050184,0.0490332839218317,0.0166,0.027,0.027,0.392058823529412
"Pembrolizumab",146000,8,0.000320770117741763,0.0214310934379074,0.000684281258115386,0.0276717316264524,0.0166,0.027,0.027,0.392058823529412
"Pembrolizumab",146000,9,0.000168927649645123,0.00547172088269366,0.000380154610465155,0.0282022355037,0.0166,0.027,0.027,0.392058823529412
"Pembrolizumab",146000,10,0.000169137836227116,0.0146397697152673,0.000772131860325908,0.0344925249754916,0.0166,0.027,0.027,0.392058823529412
"Pembrolizumab",146000,11,0.00011751653747503,0.00930905066947312,0.000490160816165904,0.0439684646355172,0.0166,0.027,0.027,0.392058823529412
"Pembrolizumab",146000,12,0.000248305539918861,0.0181276317947259,0.000892880851887647,0.0419815781819021,0.0166,0.027,0.027,0.392058823529412
"Pembrolizumab",146000,13,0.000190701385915853,0.0155375607523834,0.000524448157562085,0.0325060845851061,0.0166,0.027,0.027,0.392058823529412
"Pembrolizumab",146000,14,0.000217138679266725,0.025213292215526,0.00080739225006123,0.0488372243683412,0.0166,0.027,0.027,0.392058823529412
"Pembrolizumab",146000,15,0.000253834267248916,0.00953435976260909,0.000735209547306194,0.0285388399253425,0.0166,0.027,0.027,0.392058823529412
"Pembrolizumab",146000,16,0.000325431911932822,0.0128497125998477,0.000807594909395216,0.0267118616033012,0.0166,0.027,0.027,0.392058823529412
"Pembrolizumab",146000,17,0.00020503317914054,0.0190826429165399,0.000449373606710117,0.0136706471681679,0.0166,0.027,0.027,0.392058823529412
"Pembrolizumab",146000,18,0.000128456704868476,0.0124462654964009,0.00117780001346371,0.0190033004401071,0.0166,0.027,0.027,0.392058823529412
"Pembrolizumab",146000,19,0.000194313684703279,0.024053576213189,0.000488019949495652,0.0334878067341195,0.0166,0.027,0.027,0.392058823529412
"Pembrolizumab",146000,20,0.000185425803107677,0.0123662219287918,0.000778304613312306,0.0175500439161274,0.0166,0.027,0.027,0.392058823529412
"Pembrolizumab",146000,21,0.000203150904652352,0.0111877203648697,0.000794873833460761,0.0166105124569068,0.0166,0.027,0.027,0.392058823529412
"Pembrolizumab",146000,22,0.000268648104453323,0.0118786111840349,0.000950707465139643,0.0226106916332786,0.0166,0.027,0.027,0.392058823529412
"Pembrolizumab",146000,23,0.000166278837135113,0.01106650811396,0.000560693778892224,0.0302805108773009,0.0166,0.027,0.027,0.392058823529412
"Pembrolizumab",146000,24,0.000225289243790275,0.0196714620994373,0.000668455762462577,0.0215336967782184,0.0166,0.027,0.027,0.392058823529412
"Pembrolizumab",146000,25,0.000120665979942548,0.0122389932876095,0.000486717244127866,0.0311455334133423,0.0166,0.027,0.027,0.392058823529412
"Pembrolizumab",146000,26,0.000117518634379725,0.0150573201482163,0.000627371096706536,0.0186796958956149,0.0166,0.027,0.027,0.392058823529412
"Pembrolizumab",146000,27,0.000289253905625759,0.012577413547871,0.00101721753123899,0.0322937892670209,0.0166,0.027,0.027,0.392058823529412
"Pembrolizumab",146000,28,0.000276745574971141,0.0101282851158124,0.000886650382017988,0.0232732763351993,0.0166,0.027,0.027,0.392058823529412
"Pembrolizumab",146000,29,0.000162197813169334,0.0204093948965992,0.000867117683069732,0.024410443479952,0.0166,0.027,0.027,0.392058823529412
"Pembrolizumab",146000,30,0.000105727518711142,0.0232234164376765,0.000731764757733719,0.00890131127253089,0.0166,0.027,0.027,0.392058823529412
"Pembrolizumab",146000,31,0.000239009754205112,0.011644080037261,0.000664718466240201,0.0221631815686118,0.0166,0.027,0.027,0.392058823529412
"Pembrolizumab",146000,32,0.000360724675887593,0.0100172683914789,0.00144752454930516,0.0129094924467362,0.0166,0.027,0.027,0.392058823529412
"Pembrolizumab",146000,33,9.83740360631174e-05,0.0111606415477079,0.000634320892286258,0.0263494267165883,0.0166,0.027,0.027,0.392058823529412
"Pembrolizumab",146000,34,0.000150328795932901,0.00811415382156795,0.00152915714315205,0.0293231118818383,0.0166,0.027,0.027,0.392058823529412
"Pembrolizumab",146000,35,0.000136322337487442,0.012388752429165,0.000557496632960628,0.0183597068143942,0.0166,0.027,0.027,0.392058823529412
"Pembrolizumab",146000,36,0.000294442953617998,0.0133760130470537,0.000785736093133125,0.0224651337588771,0.0166,0.027,0.027,0.392058823529412
"Pembrolizumab",146000,37,0.000332208639766891,0.0131200714580304,0.000960037491685242,0.0345605749506613,0.0166,0.027,0.027,0.392058823529412
"Pembrolizumab",146000,38,0.00020733808817876,0.0203171721322782,0.00067776312261295,0.0273006911648289,0.0166,0.027,0.027,0.392058823529412
"Pembrolizumab",146000,39,0.000226092126351229,0.0137268298790516,0.000413385937821356,0.0202075108174746,0.0166,0.027,0.027,0.392058823529412
"Pembrolizumab",146000,40,0.000217716008666514,0.00546135051149339,0.000557496223029415,0.0205278635874388,0.0166,0.027,0.027,0.392058823529412
"Pembrolizumab",146000,41,0.000169217916092991,0.0145142362979973,0.000875286292397089,0.0326243580718971,0.0166,0.027,0.027,0.392058823529412
"Pembrolizumab",146000,42,0.00030018419697978,0.0127666293562456,0.000984853175040132,0.0197517689681509,0.0166,0.027,0.027,0.392058823529412
"Pembrolizumab",146000,43,0.00011022604217566,0.0137804227714788,0.000955846777302962,0.0247523332196969,0.0166,0.027,0.027,0.392058823529412
"Pembrolizumab",146000,44,0.000123761699664752,0.0158816526136285,0.000619415562347984,0.0187180554536931,0.0166,0.027,0.027,0.392058823529412
"Pembrolizumab",146000,45,0.000157805207228789,0.00951598814745624,0.000613613490327845,0.0190224857791641,0.0166,0.027,0.027,0.392058823529412
"Pembrolizumab",146000,46,0.000205162214315042,0.0140265283430119,0.000451397736385419,0.0212974037654649,0.0166,0.027,0.027,0.392058823529412
"Pembrolizumab",146000,47,0.000190094121048005,0.0282418329971536,0.000489640866285167,0.023603886930082,0.0166,0.027,0.027,0.392058823529412
"Pembrolizumab",146000,48,0.000287746312124161,0.0121825003727321,0.00094425331960548,0.0290749636199752,0.0166,0.027,0.027,0.392058823529412
"Pembrolizumab",146000,49,0.0003501800384465,0.0263386662067274,0.00179211558578491,0.0305621796049751,0.0166,0.027,0.027,0.392058823529412
"Pembrolizumab",146000,50,0.000129851613459517,0.0180032263031737,0.00122284843271095,0.0294964497021996,0.0166,0.027,0.027,0.392058823529412
"Pembrolizumab",146000,51,0.000236117117524718,0.0185899014390383,0.000546663561539645,0.0346858349038243,0.0166,0.027,0.027,0.392058823529412
"Pembrolizumab",146000,52,0.000209311733222084,0.00866918506954231,0.00155473181804489,0.0252866320259215,0.0166,0.027,0.027,0.392058823529412
"Pembrolizumab",146000,53,0.000265312461842858,0.0231034445867945,0.000640750455901169,0.02920417488953,0.0166,0.027,0.027,0.392058823529412
"Pembrolizumab",146000,54,0.000300140579116697,0.0188432039789354,0.000753049600903501,0.0121086593107443,0.0166,0.027,0.027,0.392058823529412
"Pembrolizumab",146000,55,0.000226505392947453,0.0081238264264684,0.000638690541552091,0.0161935411012015,0.0166,0.027,0.027,0.392058823529412
"Pembrolizumab",146000,56,0.000156020223751479,0.0275226575514961,0.000891935417039293,0.0247570663310543,0.0166,0.027,0.027,0.392058823529412
"Pembrolizumab",146000,57,0.000135633266098592,0.0100798161569753,0.000733156529698674,0.0228756914793669,0.0166,0.027,0.027,0.392058823529412
"Pembrolizumab",146000,58,0.000310748393487292,0.0174998671221823,0.000756347501741644,0.0106962834394745,0.0166,0.027,0.027,0.392058823529412
"Pembrolizumab",146000,59,0.000333330054575616,0.0143909349104907,0.000692691188067044,0.0141012403251363,0.0166,0.027,0.027,0.392058823529412
"Pembrolizumab",146000,60,0.000192310608607598,0.0148287314050208,0.000843867248252691,0.0353384132643918,0.0166,0.027,0.027,0.392058823529412
"Pembrolizumab",146000,61,0.000214536241689678,0.0115548974374476,0.00122338881138712,0.0379895797996887,0.0166,0.027,0.027,0.392058823529412
"Pembrolizumab",146000,62,0.000233094543379536,0.0239164783065005,0.000920366853943435,0.0137857892487326,0.0166,0.027,0.027,0.392058823529412
"Pembrolizumab",146000,63,0.000200881005351952,0.0129740845903813,0.000653163713469941,0.0496000776418422,0.0166,0.027,0.027,0.392058823529412
"Pembrolizumab",146000,64,0.000219957747986174,0.00894837340648823,0.000787962364070594,0.0355042822907617,0.0166,0.027,0.027,0.392058823529412
"Pembrolizumab",146000,65,0.000265914506876479,0.0125578480620028,0.00081732369457937,0.0388588123776368,0.0166,0.027,0.027,0.392058823529412
"Pembrolizumab",146000,66,0.000162571682014136,0.0198919661308999,0.000361075403045507,0.025686141427634,0.0166,0.027,0.027,0.392058823529412
"Pembrolizumab",146000,67,0.000139618266795141,0.0287271623488904,0.000917763612829429,0.0213698713575103,0.0166,0.027,0.027,0.392058823529412
"Pembrolizumab",146000,68,0.000166747716183417,0.0130717213812024,0.000764282881462922,0.0261930030523365,0.0166,0.027,0.027,0.392058823529412
"Pembrolizumab",146000,69,0.000105413665736326,0.0150501879910769,0.000322796795523421,0.035778910277412,0.0166,0.027,0.027,0.392058823529412
"Pembrolizumab",146000,70,9.10138921544552e-05,0.0152384666294085,0.00070225741240964,0.0223466581307295,0.0166,0.027,0.027,0.392058823529412
"Pembrolizumab",146000,71,0.000243656637021758,0.0178349010092645,0.000434581766866896,0.022747835584334,0.0166,0.027,0.027,0.392058823529412
"Pembrolizumab",146000,72,0.000219682066558929,0.0276031493768043,0.000502249218304266,0.0188081981031108,0.0166,0.027,0.027,0.392058823529412
"Pembrolizumab",146000,73,0.000162133419985908,0.0135793075735455,0.000433113407374785,0.0212852920436166,0.0166,0.027,0.027,0.392058823529412
"Pembrolizumab",146000,74,0.000174225611208145,0.0109836760556282,0.00071620178854418,0.0243847611713517,0.0166,0.027,0.027,0.392058823529412
"Pembrolizumab",146000,75,0.000119178395370961,0.0245091600036568,0.00145431599911723,0.0176641179066024,0.0166,0.027,0.027,0.392058823529412
"Pembrolizumab",146000,76,0.000190557408059378,0.0195390053061803,0.000536079486377582,0.0306194679979543,0.0166,0.027,0.027,0.392058823529412
"Pembrolizumab",146000,77,0.000217983286936522,0.00708708259865111,0.000552848750649801,0.0225094310604383,0.0166,0.027,0.027,0.392058823529412
"Pembrolizumab",146000,78,0.000192760191148847,0.0233054861029805,0.000635147910277021,0.0185892762852541,0.0166,0.027,0.027,0.392058823529412
"Pembrolizumab",146000,79,0.000198396373169143,0.0287077698036826,0.000846653145712867,0.0179105255339325,0.0166,0.027,0.027,0.392058823529412
"Pembrolizumab",146000,80,0.000188443953577567,0.0102370350640168,0.000332460664717491,0.01843047518997,0.0166,0.027,0.027,0.392058823529412
"Pembrolizumab",146000,81,0.000315821433079308,0.0107321675346286,0.000469322683295215,0.00882163899891415,0.0166,0.027,0.027,0.392058823529412
"Pembrolizumab",146000,82,0.000212598910272125,0.0273403756225837,0.000809049364654815,0.0120169442803162,0.0166,0.027,0.027,0.392058823529412
"Pembrolizumab",146000,83,0.000150032726131197,0.0346751422338599,0.00112332687282436,0.0179625653451533,0.0166,0.027,0.027,0.392058823529412
"Pembrolizumab",146000,84,0.000293362474504887,0.0160768578451602,0.00106323773219579,0.0140146085220697,0.0166,0.027,0.027,0.392058823529412
"Pembrolizumab",146000,85,0.000186182580910254,0.0147679782919305,0.000548283162338265,0.0415881917402405,0.0166,0.027,0.027,0.392058823529412
"Pembrolizumab",146000,86,0.000126304822637752,0.0211793262387767,0.000711684320835098,0.0450332643922473,0.0166,0.027,0.027,0.392058823529412
"Pembrolizumab",146000,87,0.000144020553960369,0.0169163307750139,0.00078617483146472,0.0229376108966501,0.0166,0.027,0.027,0.392058823529412
"Pembrolizumab",146000,88,0.000218671540760905,0.0138635553873462,0.000760456615764835,0.0255389189243713,0.0166,0.027,0.027,0.392058823529412
"Pembrolizumab",146000,89,0.000248954716850183,0.0153462079614167,0.000462561066200073,0.0280745882041558,0.0166,0.027,0.027,0.392058823529412
"Pembrolizumab",146000,90,0.000159196089835814,0.015153353133689,0.000423579052995542,0.0403769807271741,0.0166,0.027,0.027,0.392058823529412
"Pembrolizumab",146000,91,7.55752968844227e-05,0.0072145355686343,0.000600331759848753,0.030441475975124,0.0166,0.027,0.027,0.392058823529412
"Pembrolizumab",146000,92,8.90593024199974e-05,0.00826885278588793,0.000691246430123633,0.0330758975807097,0.0166,0.027,0.027,0.392058823529412
"Pembrolizumab",146000,93,0.000163434123497088,0.0216735277486264,0.000702004009355178,0.0154707624611681,0.0166,0.027,0.027,0.392058823529412
"Pembrolizumab",146000,94,0.000212291180944547,0.0112480458993331,0.000498505136572991,0.0213084393816237,0.0166,0.027,0.027,0.392058823529412
"Pembrolizumab",146000,95,0.000157353527006286,0.0277220594189682,0.000793040691235038,0.0161282411150328,0.0166,0.027,0.027,0.392058823529412
"Pembrolizumab",146000,96,0.000157320615962312,0.0158851151867802,0.000443617607066232,0.0396368672979694,0.0166,0.027,0.027,0.392058823529412
"Pembrolizumab",146000,97,0.00017598456200651,0.0461289187526752,0.000658936269570599,0.0315956697173447,0.0166,0.027,0.027,0.392058823529412
"Pembrolizumab",146000,98,0.000162213206895311,0.0163120437968883,0.000520901106737413,0.0328767107157297,0.0166,0.027,0.027,0.392058823529412
"Pembrolizumab",146000,99,0.000379026223276786,0.0100825820061651,0.00083315203660666,0.0206822774242011,0.0166,0.027,0.027,0.392058823529412
"Pembrolizumab",146000,100,0.000289566317323948,0.0119940685846374,0.000672756866783678,0.0228530740512194,0.0166,0.027,0.027,0.392058823529412
