"Drug","MW","IndividualId","Rtot_nM","kdeg_h","kint_h","Kss_nM","CL_L_h_kg","Vc_L_kg","Q_L_h_kg","Vp_L_kg"
"Atezolizumab",144000,1,0.626703921454593,0.0714638697428807,1.00403490898184,976.706521261352,0.000223087615491567,0.0576651157530346,0.000211408004314756,0.0401056012895922
"Atezolizumab",144000,2,0.504190352256852,0.0584366383905504,0.969534807042796,1149.72624716932,0.000200292919460256,0.0603768728550557,0.000122366514574406,0.0601233316912801
"Atezolizumab",144000,3,0.451472320389205,0.0299921114587468,1.64100921394114,811.261922273063,0.000270639928011248,0.0697663322730974,0.000132443093900935,0.0602387082956587
"Atezolizumab",144000,4,0.461241237603516,0.0635457131311599,1.59323327092372,934.724161623066,0.000159527989921529,0.0345951250607756,0.000106670663460554,0.0614458554788045
"Atezolizumab",144000,5,0.866885156371195,0.0418119678523802,1.27891667227049,800.601372193863,0.000173598673688791,0.0517452543179518,0.000148519538439103,0.0768864736050904
"Atezolizumab",144000,6,0.659025975472416,0.0349372569382564,1.88056095354562,744.627027950165,0.000187845966863685,0.0615611590344455,0.000138659951178068,0.109601768506551
"Atezolizumab",144000,7,0.641670922883314,0.0428624000747627,0.92094261911273,835.980990678074,0.000131019428294132,0.0250191542270597,0.000114881318038787,0.0368844403665603
"Atezolizumab",144000,8,0.378559170279954,0.0481561216890704,1.35247733971489,1225.46808464655,0.000188776962066143,0.0206449071178913,0.000134524562074274,0.0992283447052728
"Atezolizumab",144000,9,0.599476010438852,0.0371416791915917,1.53780541436944,1114.01231067586,0.000159819795633009,0.0351357307294975,0.000108963750598021,0.0679970117981412
"Atezolizumab",144000,10,0.647418352368047,0.0355008474808074,1.96553333688765,675.146716159554,0.00012705988582139,0.0299978939098875,0.00012419775723165,0.0609832574152919
"Atezolizumab",144000,11,0.590499097345009,0.0544836603201993,0.588091678367673,1195.72223020441,0.000140342030202187,0.0439093390475741,0.000137392314176327,0.138942111440193
"Atezolizumab",144000,12,0.431098752025627,0.0324936070308459,0.699065528347448,815.602914731036,0.000140489018213573,0.0343350246970236,0.00020510598037941,0.0677145058176815
"Atezolizumab",144000,13,0.839042476355928,0.0396994410255458,1.18720059816366,600.508645902076,8.71881061022395e-05,0.0300328186230382,0.000100447168352919,0.0503022006870018
"Atezolizumab",144000,14,0.486299711891693,0.0407099570352785,1.56006036974568,1131.85780650778,0.000152306330188321,0.0552428198942591,0.000137319820860316,0.041099461882444
"Atezolizumab",144000,15,0.781112951494366,0.0262263086098694,1.28146754958255,854.245664070484,0.000129588749838339,0.051359594000061,0.000125419908084944,0.039476350262878
"Atezolizumab",144000,16,1.02379966949571,0.0404213898999222,1.20215086895135,1162.88629267391,9.35367275951009e-05,0.0699273676722633,0.000138090168063607,0.0538568092463908
"Atezolizumab",144000,17,0.752579399628448,0.0422054467208258,1.22651837827094,1265.28444358171,0.000214951444209541,0.0496264058951953,0.000122530707715644,0.061489012582483
"Atezolizumab",144000,18,1.06246146460184,0.0394409718659314,0.904517646085109,907.808962160548,0.000179936888428733,0.0385832343367542,0.000114839163832254,0.060440022040264
"Atezolizumab",144000,19,0.54519919206117,0.0467223369807362,0.976298117440228,871.096821937172,0.00013821135615598,0.0523914477593242,0.000177660275438543,0.0639781894537326
"Atezolizumab",144000,20,0.892507723040921,0.0287445930376109,1.01646179510867,594.905025069644,0.000142634568552674,0.0449265196275156,0.000154834105225788,0.0600131369097481
"Atezolizumab",144000,21,0.724754716878749,0.0438855750082299,1.39790571136368,1128.27582799016,0.000137524211360051,0.0370852861377895,0.000127374961540898,0.0303002849877268
"Atezolizumab",144000,22,0.70039916339542,0.0337515818795161,0.934955030653323,601.288674954648,0.000203333709085162,0.0556211486091345,0.000142246749879968,0.0977744537282599
"Atezolizumab",144000,23,0.749014472241396,0.0570776126179816,0.546493831552362,1110.25292263645,0.000100002540178858,0.0530455308134495,0.000131886319743741,0.061342518868605
"Atezolizumab",144000,24,0.454184363402719,0.0388310750229105,1.22564863216076,883.395158614136,0.000219147010000445,0.03459353596347,0.000244305708364036,0.0595434065021622
"Atezolizumab",144000,25,0.408121017699628,0.0429567751620334,0.925633014947972,739.582209436878,0.000202931062347773,0.0424979824974283,0.000109409647524448,0.0567442039310465
"Atezolizumab",144000,26,1.25471482357699,0.0428509013213053,1.7341651911858,724.636658073716,0.000200517538763337,0.0443494170039763,0.000154759505602414,0.0603777613896454
"Atezolizumab",144000,27,0.666114935505606,0.0771606269890246,1.10763803605356,916.425594952907,0.000162645692745233,0.0512279506323434,0.000153677938630577,0.0687450008526915
"Atezolizumab",144000,28,0.471084724155306,0.0706879826421034,1.20405218571964,494.787506650094,0.000199831070270503,0.0367414617997226,0.000141950029097009,0.0560698517405566
"Atezolizumab",144000,29,0.657415810393225,0.035303986115668,1.23233853833915,826.71230731184,0.000120791904724234,0.0510094990422343,9.41902213595144e-05,0.0731317838892954
"Atezolizumab",144000,30,0.516237597550477,0.0241974728849695,0.798387456539376,965.087578582826,0.000169464635806855,0.0525115925394147,0.000107434120521636,0.120396723451136
"Atezolizumab",144000,31,1.13191984186754,0.0306240712963852,0.858533937010565,553.04608037987,0.000235419384092051,0.0560485587353956,0.000150168640419298,0.0728750194738739
"Atezolizumab",144000,32,0.722072494833441,0.039801606693577,0.986155053696996,1251.11029478334,0.000134543119905518,0.0768095214584139,0.000100676423453758,0.0585397314516059
"Atezolizumab",144000,33,0.649204572292528,0.0511245280967661,1.0708225482934,927.724200639472,0.000138459784894627,0.0325128420050091,9.96173795367874e-05,0.0550532328353969
"Atezolizumab",144000,34,0.633906235287546,0.0603252930265079,1.57734689821605,1061.66638886172,0.000160847408166924,0.052002026679237,0.000111880909797132,0.0582712816808928
"Atezolizumab",144000,35,0.718338845461412,0.033752109180299,0.84154147018698,631.454098987469,0.000142544594068312,0.0697816930981263,0.000139452204866867,0.0648950840294588
"Atezolizumab",144000,36,0.528410205802447,0.0283606787420019,0.949229166234004,716.544612639803,0.00015519401217489,0.0435941795925132,0.000128080738043578,0.0808638850659438
"Atezolizumab",144000,37,0.464254165184056,0.0407837826406055,1.08248197731281,1029.89193910664,0.000196653591620614,0.0387762914409541,7.15723339543174e-05,0.0301853509921885
"Atezolizumab",144000,38,0.994471385539249,0.0500917871207608,1.5400257845289,1007.79988913622,0.000220324474774959,0.0743817440806627,0.000143361712474443,0.113474783653453
"Atezolizumab",144000,39,0.712372598229257,0.0234510118783507,1.09264446448988,1006.06885010241,0.000248240752117241,0.0691937349039239,0.000187238450130694,0.0786300500222198
"Atezolizumab",144000,40,0.999583122020434,0.0659628031690022,0.974794127933576,458.411408533899,0.000269087258846756,0.0409232408985077,8.15823218997227e-05,0.0873837383218612
"Atezolizumab",144000,41,0.562719377610234,0.0397511783357345,1.53591130049805,802.395622540919,0.000160811163477996,0.0315852954906756,0.000187446122033791,0.0712746681782677
"Atezolizumab",144000,42,0.610088059927033,0.0420390399567658,0.997711415504823,1363.19092863553,0.000189653488137243,0.032166557304378,0.000112952173071364,0.050690655271394
"Atezolizumab",144000,43,0.846577540828571,0.0316554516961133,1.02431579662792,1201.606308163,0.000216184284363531,0.0296702860112971,0.000183071432383143,0.0688205189961186
"Atezolizumab",144000,44,0.460789937474781,0.0730841130699452,1.15282207143819,760.256337680296,0.000170457787789893,0.0716470966493683,0.000193947067218832,0.0564147707452403
"Atezolizumab",144000,45,0.488871187731042,0.0562303202705547,1.49336243787149,747.828691599657,9.56696116280593e-05,0.0362916441407799,0.000128385366314855,0.082995058805285
"Atezolizumab",144000,46,0.468505918011141,0.0416867191567111,1.07047825771142,1098.69934963959,0.000168461992245524,0.0330454192774102,0.000251361766735395,0.0639589867975831
"Atezolizumab",144000,47,0.508718420617889,0.050385839293086,0.925203844610983,1352.35657028788,0.00019894202277314,0.0431138446005173,0.000254791127984837,0.0688493210344629
"Atezolizumab",144000,48,0.462197590957312,0.0366008548662176,0.986313496370846,768.813040555871,0.00019118881631837,0.0392191739814654,7.29574501586157e-05,0.0442386433806521
"Atezolizumab",144000,49,0.728779938420277,0.0383241639973034,0.760618539684231,908.984154551436,0.000142805393248665,0.0317894378638169,0.000131090143437576,0.044284364645236
"Atezolizumab",144000,50,0.529130788382323,0.0355843132006682,0.911691547994449,550.023016342787,0.000164121283627136,0.0375687746776075,0.000254374029176126,0.0415148293419815
"Atezolizumab",144000,51,0.732290031909268,0.0287693151057237,1.92286100948805,939.300473640359,0.000152919424628608,0.0419480371224294,9.17259106045162e-05,0.0676366773976487
"Atezolizumab",144000,52,0.628161151032886,0.0610161787347627,1.06519709611366,929.156870404532,0.000191971394714907,0.0440919979323905,0.000145184227209729,0.0573806491252143
"Atezolizumab",144000,53,0.418304531509471,0.0497564546935036,0.669338376087221,1662.05314544837,0.000145621198571608,0.0360182022348378,0.000153035032751437,0.0849101846178645
"Atezolizumab",144000,54,1.21030139173567,0.0427744564519254,1.30198458151433,600.379012178921,0.000264988152145194,0.0492043450180059,0.000236854220335594,0.0654242906744039
"Atezolizumab",144000,55,0.680555536665511,0.0341558066059719,0.902340116968263,1034.44185943263,0.000195259098751026,0.0519730435835496,0.000190821029461758,0.0774759674556119
"Atezolizumab",144000,56,0.721768977320267,0.0382321903156002,1.0251573685148,731.936590375955,0.000161650814403978,0.052599538511877,0.000208512083502377,0.0630284457993652
"Atezolizumab",144000,57,0.632467429649803,0.107273063215412,1.16886858177114,839.244639336563,0.000191951951984619,0.0442840079431635,0.000123934202660872,0.0804559473566519
"Atezolizumab",144000,58,0.623107472255124,0.0401165216086341,0.904196993593026,1031.55152513391,0.000140058640016501,0.0436562671887833,0.000147351182011251,0.0599805796682915
"Atezolizumab",144000,59,0.690138966666022,0.042694849466419,1.37336528438175,1311.98259970574,0.000176644856796689,0.040876316870921,0.000222000007775882,0.0579166924625653
"Atezolizumab",144000,60,0.874379043233174,0.0647888642887078,1.66292488173,1065.37739904537,0.000156492539515114,0.0575990837499183,0.000149143084131602,0.0771263617339348
"Atezolizumab",144000,61,0.612867469802495,0.033639130103719,0.667069884442514,534.203868256775,0.000169357967757116,0.0484946265904746,0.000146223152213052,0.050945049977732
"Atezolizumab",144000,62,0.720074031846943,0.0355419243559268,0.741026764170655,1101.86640933135,8.46766488010032e-05,0.0468235221257026,0.000168670465189783,0.0713179633786098
"Atezolizumab",144000,63,0.501968952086689,0.0427073682994553,0.795320103485189,1189.30745658606,0.000131628879836597,0.0334572365108134,0.000261651928206264,0.0723996389492521
"Atezolizumab",144000,64,0.60347948046369,0.0487582032808212,1.28063468725666,941.860394803483,0.000220094889156165,0.0323172421035409,0.000132463632017167,0.0456932414561717
"Atezolizumab",144000,65,0.72684559668415,0.0609894259723947,0.98770592611841,939.903350727145,7.65963642099309e-05,0.0380414011585633,0.000254702668117644,0.0572400746016245
"Atezolizumab",144000,66,0.45643497836855,0.0356962448324878,0.975122059090383,862.104448786411,0.000179592950036034,0.0326338907736877,0.000165656128232783,0.0780460907499805
"Atezolizumab",144000,67,0.427477829056374,0.0307682381292823,1.13903832976692,1016.87486702372,0.000139670444816486,0.0400278946926051,0.000101609225529532,0.0554140260413134
"Atezolizumab",144000,68,0.621510398096139,0.0283133256177073,1.20836429566117,770.480170164709,0.000170532861362627,0.0448178624635459,0.000162384531090228,0.072772042722797
"Atezolizumab",144000,69,0.698032372515904,0.0512697285491677,1.27755843376979,1003.4485201401,0.00014538891050527,0.0405363206802882,0.000239466319527534,0.0403701991217758
"Atezolizumab",144000,70,0.386630120918162,0.0522621205520487,1.15007115821033,857.756723591418,0.000223441333268614,0.0363744173242146,0.000192106128363607,0.0664111106242633
"Atezolizumab",144000,71,0.765556604593492,0.0577178950622629,1.15158756497093,1148.96353898764,0.000123068115461804,0.0296640181356165,0.000181717524615195,0.0647775190472998
"Atezolizumab",144000,72,0.772296734741771,0.049648053205928,1.20100432763209,606.872807300112,0.00014685205786906,0.040288539418617,0.000287296404571153,0.101824265836933
"Atezolizumab",144000,73,0.482397275949263,0.0422893329729084,0.969649004640504,741.563600339103,8.2694424193131e-05,0.0353073697624834,8.79304416972383e-05,0.0660974434232885
"Atezolizumab",144000,74,0.545984256732289,0.0394047264112206,2.07292213768583,829.1269129954,0.000146425639663743,0.0387506410100051,0.000197817836965544,0.0724135017924492
"Atezolizumab",144000,75,0.399228367045562,0.03794444789992,1.05404196597739,761.396079128004,0.000141295566946862,0.0485887573945215,0.000224594452550852,0.0940829924059155
"Atezolizumab",144000,76,0.421673939521698,0.0419486071422999,0.883800291435182,1641.65104743828,0.000180304197138741,0.0230003128199115,0.000320221808804498,0.0618933533145976
"Atezolizumab",144000,77,0.96854032831606,0.0312073525551248,1.38774227598604,819.287572292977,0.000236583793276553,0.034460818753842,8.80512692999929e-05,0.0609579805564979
"Atezolizumab",144000,78,0.693752454291781,0.0318590557346042,1.22949057863665,941.102688589015,0.000110095298357613,0.0301095065462593,0.000155365995511007,0.112169317241196
"Atezolizumab",144000,79,0.427870013318369,0.0243056654273852,1.01177608803656,516.56151390037,0.000223807514468615,0.0343856509286427,0.000144359842633056,0.085419607945509
"Atezolizumab",144000,80,0.762904925659838,0.042184874711123,1.4092937165483,892.636312117468,0.000177601351798003,0.0553850217622356,0.000149099840494686,0.0389247362152819
"Atezolizumab",144000,81,0.61222051420133,0.0468838108498899,0.94088497587904,696.400884111364,0.00017610332884816,0.0364006168598663,0.000184118377131111,0.0461051173825005
"Atezolizumab",144000,82,0.743226259862725,0.028431951876769,1.49016007877446,952.435619328083,0.000123798939490597,0.0389070741109797,0.000236746415575544,0.065540686794351
"Atezolizumab",144000,83,0.483547784129818,0.0761267119330627,1.77992148442043,1193.87256268495,0.000202875309210836,0.0484607357685683,0.000164008520489652,0.0591269600014082
"Atezolizumab",144000,84,0.832502943676182,0.026875439575149,1.26761345005853,593.482422617551,0.000141421459641064,0.0335049970291168,0.000138941011598408,0.0555170096685645
"Atezolizumab",144000,85,0.478999820306627,0.0406405149571634,1.54553729775911,1363.9052654209,0.000200087543894589,0.0277496226559656,0.0001555070211649,0.0841155822866002
"Atezolizumab",144000,86,0.819689780980026,0.0540556132480632,0.926422948344842,896.839121287012,0.000121899726931813,0.0333894056664025,0.000152596285881853,0.0487423054958437
"Atezolizumab",144000,87,0.642092047678313,0.0328179004115934,1.40991576875094,885.966644927526,0.000153413624577563,0.0347021500089213,0.000116463442817637,0.0580462165818964
"Atezolizumab",144000,88,0.752588196220479,0.0332068474106335,0.795220088965633,1005.15319852681,0.000179096367707441,0.0617019016120737,0.000192690747460809,0.0734424152459453
"Atezolizumab",144000,89,0.629775061940506,0.0505862922152354,0.886031008966235,482.063626593351,0.000104395094344193,0.0633145355240083,0.000243377543424426,0.0799502030048832
"Atezolizumab",144000,90,0.692353818938691,0.0365089057895505,1.13155644441213,824.308369458053,0.000118394772287001,0.0320539461912535,0.000161613006524817,0.0784998665692863
"Atezolizumab",144000,91,0.626320741055285,0.0339131122577253,1.41419268411041,366.711515078126,0.000165686880331588,0.0658828818348548,0.000166663757644754,0.0550018253857718
"Atezolizumab",144000,92,0.488304286337526,0.0358208932234395,0.776672868266775,493.77511560631,0.000163651228335773,0.0578524184067858,0.000220351999082408,0.0660319666007454
"Atezolizumab",144000,93,0.58153187473227,0.0464797774158979,1.36933433254168,935.335364930929,0.00018232971674272,0.0330733193901209,9.16553533247124e-05,0.0926721519532648
"Atezolizumab",144000,94,0.57577081532682,0.0618559200213558,1.5113403556088,816.95665392976,0.000148192555081237,0.0358388170453772,0.00017542940110657,0.0509564857765642
"Atezolizumab",144000,95,0.515754524080035,0.0341130335751408,1.00193829666838,1497.77110576442,0.000137571882988531,0.0581818494653947,0.000103990926418984,0.0897210577661651
"Atezolizumab",144000,96,0.569161369193214,0.0566326267245745,0.888344727655909,1007.07322813989,0.000183719352187839,0.0384170573878443,0.000160512696365738,0.0615626874917447
"Atezolizumab",144000,97,0.442948371253358,0.0476501124346957,0.665788671864968,606.131811996028,0.000157532096920575,0.0292042464320962,0.000146165666755473,0.0984759778383318
"Atezolizumab",144000,98,0.737685452675826,0.0628858439832475,1.3920557582277,1281.4149823465,0.000265191393303015,0.0514172484075716,0.000176999400555268,0.0612507128889914
"Atezolizumab",144000,99,0.584275323882022,0.0352331232095138,1.20428917952042,1079.91166121359,9.63160880379257e-05,0.0642665830447699,0.000125299485425627,0.0457466712441779
"Atezolizumab",144000,100,0.855282055691537,0.0355283642831169,1.75350047060855,686.71779130313,0.000156729926708148,0.0502752511384593,0.000223692835918772,0.0672258881327544
"Avelumab",147000,1,0.540048080377229,0.0457039151327586,0.0428258767093504,0.0841860468913072,0.00100393559138676,0.0567145094363947,0.000387290695181374,0.0638477213835717
"Avelumab",147000,2,0.73821109976901,0.0284412449986841,0.0671457538722714,0.0562354803784716,0.000730240967416262,0.0496380450460945,0.000442074615848222,0.0715563002598582
"Avelumab",147000,3,0.596929739164447,0.0605838737179684,0.0618013141133915,0.0925765319426863,0.000676801263769454,0.0538241096138768,0.00034629952398162,0.096675983908875
"Avelumab",147000,4,0.522980202648987,0.0324035728420933,0.0417458897112311,0.0572750197135925,0.00103218183636394,0.0568798436260698,0.000275008673610998,0.0446752409166327
"Avelumab",147000,5,0.681923780780672,0.0528335095381384,0.0635821626418635,0.0677983530698878,0.000897676103180097,0.0263172161639728,0.000417431273569246,0.109922900827065
"Avelumab",147000,6,0.985637067867563,0.057265460256618,0.0404462565142282,0.0449588867488294,0.00107682231596396,0.0491164309505622,0.000187840632177188,0.137694883359814
"Avelumab",147000,7,0.837612033214758,0.0296171433418604,0.0428723730097092,0.0718418569928392,0.000789586972997119,0.0346238520675743,0.000418019949546634,0.0844450027180134
"Avelumab",147000,8,1.08456858871029,0.0531315585527705,0.0480725511172065,0.0835431149358574,0.000667341028622579,0.0437403389517381,0.000342958826339074,0.0720153608939965
"Avelumab",147000,9,0.414839359399428,0.0750867861566941,0.0473956284393138,0.0705266265612342,0.000636272341913847,0.0362442051321992,0.000385509147495757,0.075266425705313
"Avelumab",147000,10,0.705413355103389,0.0243929233385404,0.0616435031968084,0.0705759648150054,0.000938137268978964,0.0409966984801843,0.000300576482534064,0.0434911885770269
"Avelumab",147000,11,0.51163596840006,0.0479498147651973,0.0344047574459609,0.066730513012363,0.0010562629163307,0.109351522036482,0.000263846291030003,0.0684162140792749
"Avelumab",147000,12,0.713811377368118,0.0337747279923308,0.0677044914532114,0.0867972843143236,0.00106625866375774,0.039992039771572,0.000123440352891807,0.0951391136378633
"Avelumab",147000,13,0.637224732737595,0.036136581591332,0.0570617606134265,0.0866409392475606,0.00070668501128826,0.0439283344450548,0.000482639112767788,0.066780159035871
"Avelumab",147000,14,0.479104536653051,0.0506308669160905,0.0609791424771513,0.138151806829184,0.00100954910120843,0.0662693414696716,0.000235513098992226,0.0825192429553609
"Avelumab",147000,15,0.692129735568785,0.0350739091171368,0.0579464085235439,0.0905033616077516,0.0011328247499326,0.0598519815898204,0.000330398566742376,0.0678636156622175
"Avelumab",147000,16,0.689334832337549,0.0364998622390122,0.0481933497650349,0.0653318282568622,0.000881808170215251,0.0423667417131418,0.000260230872955293,0.0684796741076204
"Avelumab",147000,17,0.496363984457152,0.0319650391144582,0.0764899621114184,0.0786415444752922,0.000681895457523492,0.0542796643244161,0.000184829123250014,0.0536178630978616
"Avelumab",147000,18,0.47654821895203,0.0456864745952561,0.041019745192031,0.0745717958518041,0.00061426007375371,0.054103188675811,0.000228561083891615,0.0712967399045755
"Avelumab",147000,19,0.794620690796229,0.0514247057429683,0.0651445607379674,0.0770876219177045,0.000704563279535825,0.116390694837684,0.000275111914252448,0.0816080798593397
"Avelumab",147000,20,0.889304888589617,0.0470775459853186,0.0521512428728097,0.0528624796617727,0.00125471055857658,0.0358727298957744,0.000373314735889262,0.109909031718967
"Avelumab",147000,21,0.538970683682839,0.0353665371517496,0.0518049007690135,0.0644316212773324,0.00079364315294175,0.0805585449143063,0.000361632705991418,0.0757134627671237
"Avelumab",147000,22,0.940851657826501,0.061525302048362,0.0403666734446243,0.0634073102603515,0.000890377374186303,0.0370436124117772,0.000282777139086625,0.0772389790351114
"Avelumab",147000,23,0.591938568893893,0.0471731489583825,0.050986556653511,0.0640334878504734,0.00138532293385767,0.0617563237539194,0.000465420426331644,0.0468265490074988
"Avelumab",147000,24,0.548800739014839,0.0364625418470219,0.0409920748792866,0.0727794337416875,0.000748961255395824,0.0607102294089637,0.000442675900322974,0.0517492605929612
"Avelumab",147000,25,0.745965139756891,0.0424549535577365,0.0662426775891382,0.107250724051005,0.000966776692457732,0.0315243475473311,0.000190807948073371,0.109418351129375
"Avelumab",147000,26,0.342138796527377,0.0411510935107736,0.0342590607361972,0.0763857418211341,0.00121271742388355,0.0620252252430325,0.00027509629486183,0.0778477436615832
"Avelumab",147000,27,0.583621834836844,0.0598757331838214,0.0557126081493094,0.0637451372709367,0.00101583676724957,0.0399716448885806,0.000257539117212675,0.0795161816638652
"Avelumab",147000,28,0.447865899096794,0.0320329919935359,0.0642008653839042,0.0763913059082516,0.000623147094530781,0.0421052532706788,0.000423736572556908,0.065517763004141
"Avelumab",147000,29,0.830075097424249,0.0371358250661776,0.0450454042312216,0.0535884944689373,0.00113240774075673,0.0768280354274355,0.000244951183803157,0.0560360701423553
"Avelumab",147000,30,0.719813517527222,0.0475060198632342,0.0608337931917683,0.0992053239227391,0.000412695553362641,0.0312559224965489,0.000214388238905262,0.0504893043066991
"Avelumab",147000,31,0.459310702363577,0.0693285562027174,0.0256249367037245,0.0701090764703612,0.00117213248998568,0.0462360891019209,0.000422869848542199,0.124038606668707
"Avelumab",147000,32,0.673996652292996,0.0360024344207015,0.0258058351391282,0.0714781199051396,0.00057954983124403,0.0390637060258528,0.000151815877915805,0.0574366493826541
"Avelumab",147000,33,0.583736251824584,0.0474741436503343,0.0445458958865323,0.0431129893766351,0.000769860318935269,0.0538256507587892,0.000191344732255705,0.0585065529593853
"Avelumab",147000,34,0.625160653089489,0.0496717733990766,0.0354927241995827,0.071937261721302,0.00110764245522496,0.0447564776807019,0.000179512422686543,0.0655226739746546
"Avelumab",147000,35,1.31558875787661,0.060917868837149,0.0374060245369754,0.0765369769043666,0.000732624466811407,0.0549855361207925,0.000284184749246441,0.074630580355357
"Avelumab",147000,36,0.576737165985616,0.0456489364188253,0.0334683749401774,0.0651183485110452,0.00148071502700771,0.0707497051724294,0.000304629554433449,0.0733455914092103
"Avelumab",147000,37,0.665645815349439,0.0657991640192495,0.0564470999183479,0.125394920393513,0.00117620887181047,0.0518760107682258,0.000360495752768315,0.0794716814969946
"Avelumab",147000,38,0.619973240530192,0.0436039135265201,0.0409317383160724,0.0718744936250639,0.000560034039216402,0.0450414398648625,0.000222767817570326,0.110310939137803
"Avelumab",147000,39,0.470391798175499,0.042537257331491,0.0620402696106867,0.076206961773817,0.000960871493187317,0.0749931152412106,0.000459288766556404,0.0365915309864019
"Avelumab",147000,40,0.603571763789065,0.0274485729927826,0.0396051006868617,0.114150315220214,0.00112773584221291,0.046640789265615,0.000266254509775667,0.0548348444649271
"Avelumab",147000,41,0.866177966658574,0.0377658766918563,0.0776429500319721,0.0610133099200837,0.00101636540351823,0.0756060568370484,0.000234577323152564,0.090236347360948
"Avelumab",147000,42,0.633723213889851,0.0414466973615585,0.0587719380109113,0.0524047789052603,0.000539246120473054,0.0297890221748596,0.000211844172870977,0.0681661989879232
"Avelumab",147000,43,0.423649420643169,0.0626982388584201,0.112503729118713,0.0446407962605099,0.000665788839144489,0.0435691925218913,0.000313572426626384,0.0728068491097255
"Avelumab",147000,44,0.637088857228594,0.0567892515430362,0.0745979597731143,0.0818330519216595,0.000724074955771587,0.059751211445957,0.000247926804500549,0.101685478282703
"Avelumab",147000,45,0.627791137542337,0.0318386546557537,0.0336062331726856,0.13113485073947,0.000652678197669287,0.107112187005696,0.000193224183250699,0.101355732504297
"Avelumab",147000,46,0.353124707015077,0.0605192552572164,0.0448512062484574,0.0867862357106297,0.000954578243030627,0.0589253287022516,0.00015939710162188,0.124886979035148
"Avelumab",147000,47,0.694136755856792,0.0273524017138812,0.0364062007638952,0.113181835779179,0.000580540858634078,0.0523789400082613,0.000191561563352955,0.0578795663744629
"Avelumab",147000,48,0.429587285110842,0.035458842456114,0.051507627508182,0.0832765616118948,0.000728408482399416,0.0752992028218418,0.000282211653994735,0.129168037885087
"Avelumab",147000,49,0.386969020349842,0.0526325397963656,0.0417297181573832,0.20551778444285,0.00101671487343873,0.0448817991749471,0.000290370024871299,0.0489755373557598
"Avelumab",147000,50,0.77197897097708,0.0470684459011921,0.0563120872349061,0.0613124282995467,0.000827948518578078,0.0438866135817535,0.000314872581041856,0.0752428886297237
"Avelumab",147000,51,0.577984238122144,0.0422186717312102,0.0471199121432132,0.0421024118953942,0.00111949391047148,0.0295593958530428,0.000324388579231664,0.103047053979404
"Avelumab",147000,52,0.746887351731831,0.0471017912078904,0.0498158998787844,0.0543932084789011,0.000424088316619546,0.0628758319958751,0.000448487572569186,0.0729262398672547
"Avelumab",147000,53,0.43843948076245,0.0309533040175881,0.0619855715521168,0.0430628991013771,0.00102816730989672,0.0282944429230694,0.000285356018485029,0.0407765257025222
"Avelumab",147000,54,0.61745423049035,0.0510124811977781,0.0652694574704972,0.0620005437300572,0.00102520206338832,0.0407234433176708,0.000184973204994979,0.0771619245277165
"Avelumab",147000,55,0.751333090590021,0.0410574888756736,0.0486859622622799,0.0645736009286419,0.000787974328915918,0.0393781328306335,0.000367457283477973,0.0621879078035115
"Avelumab",147000,56,0.407043770087696,0.0512838670640393,0.0663436844551231,0.0529600150947553,0.00129934355717389,0.0429798675472477,0.00024098576887068,0.0567865850795393
"Avelumab",147000,57,0.613555166798286,0.0369485795507596,0.0669600292573573,0.0555156198173364,0.000821216507090246,0.0585961179027115,0.000354916190060642,0.0863036124538807
"Avelumab",147000,58,0.734144207219665,0.0228984602802831,0.0610602447800248,0.0690529067410214,0.000828807984226369,0.0525757608372419,0.000250987136092314,0.0581424423780572
"Avelumab",147000,59,0.648397316350917,0.0531934146242763,0.0434404862694539,0.0430563438608929,0.00115081128164627,0.0357154810303405,0.000393237141187424,0.116894290127597
"Avelumab",147000,60,0.327668771028218,0.0491209750409172,0.0436438190981341,0.0400694047671584,0.0010535966805609,0.0521351983327274,0.000203224496410539,0.0740137810403479
"Avelumab",147000,61,1.00397684796438,0.0454595479005616,0.0532987724264996,0.0733647329500606,0.000749716566795838,0.0388624891143171,0.000341380900861366,0.0672453248530046
"Avelumab",147000,62,0.580166998770679,0.0391294669966938,0.0644807322353245,0.0665292181899521,0.000831343269814691,0.0525588759842044,0.000322358680050445,0.0808961707966796
"Avelumab",147000,63,0.854762038373724,0.025658458613027,0.0483971375842151,0.0881028412833926,0.00102272449420942,0.0912827478652058,0.000301814227892101,0.0708766068240922
"Avelumab",147000,64,0.619924335774215,0.0450809779155252,0.0432513574491036,0.10098089477501,0.000977289251226157,0.0969229136849897,0.000357866260203036,0.0641605050018144
"Avelumab",147000,65,0.753175774665993,0.034709334634519,0.0592660914696426,0.0764426130795819,0.00112107592662795,0.0330668552416323,0.000346948433765138,0.118594644094995
"Avelumab",147000,66,0.430721307811245,0.0321923375539409,0.0576474850191353,0.122401998406908,0.000588711065818541,0.0495501745127583,0.0003745662097965,0.0774509184014764
"Avelumab",147000,67,0.701785738177303,0.0309771601332905,0.0436264933694827,0.0572538160293975,0.000697931249324206,0.0374040434249649,0.00035733517388424,0.061572126168322
"Avelumab",147000,68,0.74400396329166,0.0343606111875801,0.045181574105762,0.0913082120070403,0.00130449388008966,0.0819356636796453,0.000258338248398502,0.0719335309955288
"Avelumab",147000,69,0.927885732879222,0.0437705605113648,0.0444981811544879,0.0988442366418442,0.000550872720738542,0.0675530653876927,0.000329117682922704,0.14888274017273
"Avelumab",147000,70,0.59179343957879,0.0269145313117699,0.0459305562818221,0.0262396986482138,0.000991015792017278,0.0308549833129764,0.000278228308736946,0.094815627595472
"Avelumab",147000,71,0.540550192527779,0.0419056824381238,0.02902845340826,0.0562545629173294,0.00121108651546541,0.0414980076901555,0.000205056960076308,0.0673131720470736
"Avelumab",147000,72,0.262054186506657,0.0538416087337513,0.0319639113652165,0.0565979398615658,0.00098534474542807,0.0335912859007061,0.000178297072996752,0.109611592040526
"Avelumab",147000,73,0.574128786856279,0.0452225089630507,0.0620911094310997,0.113942987437766,0.00140762211050117,0.0481895087583144,0.000251054719848713,0.0994691206348129
"Avelumab",147000,74,0.523470198700669,0.0469184755903861,0.0433313865708011,0.0729625663422592,0.000919641904462258,0.032805436172328,0.000261533749591894,0.077327972067963
"Avelumab",147000,75,0.43872014592652,0.045521234399058,0.0619294564861097,0.058389596406343,0.000537730619348081,0.07137939032093,0.000231600496734629,0.0616514043023947
"Avelumab",147000,76,0.810345084594606,0.0521937155776075,0.0446027849727802,0.0540867919949199,0.000690747710487525,0.0374003693118287,0.000325340269810903,0.100475525651285
"Avelumab",147000,77,0.516292892155724,0.0774606635275173,0.0529858452737978,0.0515555279318112,0.000782023177359111,0.114180224316288,0.000347616467154737,0.056395842519829
"Avelumab",147000,78,0.572194465352492,0.0373631462430009,0.0715192690798692,0.112866257122861,0.000578517518221617,0.0375604595100543,0.000263313440910746,0.10353932578894
"Avelumab",147000,79,0.664697848700406,0.0462986757615022,0.0480699151291099,0.0779703651841518,0.00116497834356135,0.0363669164903384,0.000190628608922902,0.0504901361394055
"Avelumab",147000,80,0.892667183926517,0.0454201539232023,0.051326627201309,0.0469058430444441,0.000535220703745197,0.0569967389589925,0.000427379022242524,0.0494128551012662
"Avelumab",147000,81,0.511605327984661,0.041719527710534,0.0779715676020439,0.0764691720156851,0.000719351407324666,0.0549155192775848,0.000355801284085029,0.0618498761596978
"Avelumab",147000,82,0.620088502933112,0.0460731887594826,0.0674067977778515,0.0689978491678164,0.00110627059308077,0.0403174193565909,0.000233553744372944,0.0972102164346745
"Avelumab",147000,83,0.470529754491696,0.043928141819348,0.0339493465331661,0.0465379785679917,0.00124911765778903,0.039388742190589,0.000109099039230565,0.0727936504856573
"Avelumab",147000,84,0.372825803803946,0.0370198288021706,0.0475153204346058,0.0556541134291165,0.000776778500032525,0.0422990633105872,0.000237117556304753,0.0775595649131075
"Avelumab",147000,85,0.521402269683665,0.037053688320348,0.0809408774827852,0.0729547480290517,0.00149947036851449,0.046113714416204,0.000278162929113339,0.0807901109849009
"Avelumab",147000,86,0.384875627091674,0.0501904327348708,0.0745079982117239,0.100147419727844,0.000515696160615939,0.039755723456134,0.000252600192189257,0.0582951557383168
"Avelumab",147000,87,0.774152833041757,0.0352591042729541,0.0627558159039688,0.100040932786569,0.00134037475439546,0.0250387155867668,0.000230512893715986,0.128055949962415
"Avelumab",147000,88,0.471877876089568,0.045002126700277,0.0845199115318135,0.0422662313224464,0.00139664434582344,0.036005413664799,0.000181011406189356,0.0427674434526395
"Avelumab",147000,89,0.735354732481102,0.027812297584289,0.0648720083352034,0.0816965257764727,0.000846399970048944,0.0323335447701048,0.000407963277959536,0.0402979719142595
"Avelumab",147000,90,0.347165150777009,0.0448510523176561,0.0605360370538353,0.0812298322260899,0.000777144029332208,0.0593203413246413,0.000328085510608468,0.0726063844565403
"Avelumab",147000,91,0.58682604137274,0.0503267236567356,0.0374769415548564,0.0628638334758862,0.00114971575360187,0.0677645894108269,0.000419495889492246,0.0695279358919901
"Avelumab",147000,92,1.01253576839721,0.04381269971304,0.0886878912606324,0.115704207982561,0.000672660091960668,0.0280535009821587,0.000439535171012677,0.0845554341907932
"Avelumab",147000,93,0.401382332854881,0.0319429216571042,0.0549379636451794,0.0428164707061906,0.000791971919952451,0.0627596389228943,0.000320208213160177,0.0858392796375675
"Avelumab",147000,94,0.745536323617252,0.0407053309497414,0.0758265448438165,0.0946217322552621,0.00069766514315434,0.0504872055519693,0.000210792244668307,0.120091207595822
"Avelumab",147000,95,0.465269024142637,0.0369384480103117,0.0549024182741866,0.140374146300911,0.000533909104105739,0.0505238460005268,0.000212891769605181,0.116334282474043
"Avelumab",147000,96,0.709436658199113,0.0568786878059382,0.0430343279242953,0.0796572738043354,0.000797005808235753,0.0456559311320968,0.000291259106242745,0.0547319690961455
"Avelumab",147000,97,0.449465700522731,0.054592094366857,0.0374213355348678,0.0675160567612992,0.00064623004235855,0.0529831468964088,0.00016082248993142,0.083900943090894
"Avelumab",147000,98,0.62553557694267,0.0306528206623802,0.0713584311230933,0.0748636123640369,0.00102942299424302,0.0364316864736358,0.000219521994197499,0.0749831948097767
"Avelumab",147000,99,0.887456564615203,0.042633918854061,0.0806422889941095,0.079745110972515,0.00106451623328927,0.0546539090417338,0.000352156703041227,0.0669083589991869
"Avelumab",147000,100,0.889349172527358,0.023415484436113,0.0396913741592538,0.0670002691384121,0.000653773296774837,0.0558470784362326,0.000249374983140458,0.0569039835123168
"Nivolumab",146000,1,0.0266280385571743,0.0138871432614388,0.0530188541897523,1.08618155037968,0.0001377434610378,0.0217152207986604,5.76775831631451e-05,0.0411019724820834
"Nivolumab",146000,2,0.0152012085024395,0.0250194808693084,0.0363837840153547,1.4675860357913,0.000198411574790639,0.0313123489422215,0.000162936876963242,0.05620677104743
"Nivolumab",146000,3,0.0145649313753371,0.0291042506216533,0.0463795778154254,1.55962613884824,8.83287882915023e-05,0.0433726150671614,8.19790229488568e-05,0.0235661907057748
"Nivolumab",146000,4,0.0181418148203649,0.0156145426455277,0.053326196054126,2.370472437876,0.000158256287972724,0.0386666226889791,9.64424434975995e-05,0.0376165154991622
"Nivolumab",146000,5,0.0195078407912897,0.0417723702793239,0.0378654643744217,1.06333652911015,0.000112681278031033,0.0123243789297977,8.79652968163958e-05,0.07374374514025
"Nivolumab",146000,6,0.0271577853786548,0.0251126960925668,0.0486230664900113,0.880457620745465,8.15024157272118e-05,0.0248191236260527,9.94538654621036e-05,0.0473242338761693
"Nivolumab",146000,7,0.0219198747643498,0.0136887787154559,0.0452433840172308,1.5130328539083,0.000246605784471239,0.024021263656835,0.000155228926107677,0.0565078774687043
"Nivolumab",146000,8,0.0180926010891556,0.0309162811790795,0.0800304614466703,1.86917429529883,0.000138468490330169,0.0167731691566449,7.05209341010496e-05,0.0483672815932743
"Nivolumab",146000,9,0.0318507935529548,0.018290980518891,0.0735546566158655,1.12635499238335,0.000134644225097108,0.0201023338695593,7.81349480091307e-05,0.0349960852582465
"Nivolumab",146000,10,0.0110729008956305,0.0305594920863031,0.0576582509850884,1.07902337303905,0.000106470674983498,0.0190056816933195,6.86948243570247e-05,0.0524335641264417
"Nivolumab",146000,11,0.0238433667586674,0.0243456158875801,0.0404399748310222,1.03270053332171,0.000152647608122045,0.0248255169249072,8.11816764509927e-05,0.0299910349117652
"Nivolumab",146000,12,0.015763597841267,0.0292013049779472,0.0531325267687329,1.57811482414346,0.00017259579650124,0.0282874282349773,7.28638348536075e-05,0.0515887704406492
"Nivolumab",146000,13,0.0214156311553129,0.019756854809127,0.0404642144132666,1.19316669309036,0.000108633574487189,0.0232178999022354,6.09227053393801e-05,0.0356875918524081
"Nivolumab",146000,14,0.0352912691799419,0.0247015335158953,0.0380476884041914,1.07033637228008,5.37688634179649e-05,0.0353255460999203,8.45789994362659e-05,0.048849186030469
"Nivolumab",146000,15,0.0114915877744596,0.027740489486887,0.0466308255659729,1.39207250922933,0.000129385421765104,0.0198962062948604,6.8786438203477e-05,0.0470876658244525
"Nivolumab",146000,16,0.0131746557365455,0.0223193310440608,0.0591950553483371,1.65213245729844,0.000175548137635523,0.0285280979278752,6.67528553962877e-05,0.0879548197731136
"Nivolumab",146000,17,0.0138138674825498,0.024388489208207,0.0563184643157677,1.14910489968782,0.000112473360441716,0.0215300490403423,8.35149234083227e-05,0.0520493003931818
"Nivolumab",146000,18,0.0242292926273613,0.0228288183257922,0.0215323208319643,1.54960219521465,6.9503794142579e-05,0.0264691529373743,5.52658249750068e-05,0.0296695381970448
"Nivolumab",146000,19,0.0133823834314414,0.0346990742701874,0.0232797408055287,0.763359341769264,0.000172573400264115,0.0249897793560972,9.46932415461376e-05,0.0436080796165387
"Nivolumab",146000,20,0.0298043162572197,0.0206287036762001,0.0368257344500038,1.4082984318382,0.000137261801988604,0.0205934383075303,0.000132040415533474,0.0360620912949151
"Nivolumab",146000,21,0.021412610332984,0.0300520034594917,0.0678323284505526,1.66277161767052,0.000127479168921281,0.0160071630479188,7.09087008760087e-05,0.0723536423957237
"Nivolumab",146000,22,0.0324979660122171,0.0327843494621514,0.0411980518416705,0.963381099093417,0.000186375499638843,0.0200210185905107,7.57748387194562e-05,0.0303309823119402
"Nivolumab",146000,23,0.0130921368347486,0.0243527180504621,0.0574947136365929,1.63273213081025,0.00010101556736117,0.0392713935341085,7.72687995142118e-05,0.035256379944101
"Nivolumab",146000,24,0.0137206649371678,0.0202531949302252,0.0392033329934233,1.32841227346308,0.000122708415583975,0.0312958755830137,7.77612006331294e-05,0.0672657104555362
"Nivolumab",146000,25,0.00935960516486723,0.034352445372768,0.073319667332703,1.80818723741089,0.000164956531289485,0.0276960755687681,9.69714768684595e-05,0.0733029744567905
"Nivolumab",146000,26,0.0222670544605226,0.0197057601133089,0.0604197765855251,1.49963646008263,8.89848235729576e-05,0.0274827522628563,0.000131756280283633,0.0334532130435586
"Nivolumab",146000,27,0.0155702645303715,0.0338873645553911,0.0289947372514946,1.14284654000762,0.000132537535392028,0.0193087369827016,0.000146058141022124,0.0405805726321816
"Nivolumab",146000,28,0.0187031873429117,0.0194772206660097,0.0380602803973032,1.40860174050769,0.000102857497478061,0.0184485363607299,7.60279259080663e-05,0.0279733185381287
"Nivolumab",146000,29,0.0168780339196725,0.0466165169036875,0.085708981596995,1.65992517078699,0.000107620627873438,0.0315058554352315,5.3163083335563e-05,0.0433392259677673
"Nivolumab",146000,30,0.00968377512348925,0.0566209953998938,0.0498152918115075,1.29965478608258,0.000153141447265031,0.0421682585653894,8.80896917915245e-05,0.0443605198966755
"Nivolumab",146000,31,0.0125284882290942,0.0325958472904595,0.112566913571162,1.42015564907942,0.000142181824368885,0.0211724259529664,8.93436196191448e-05,0.0591176906148919
"Nivolumab",146000,32,0.0173627715201086,0.0203464652818136,0.0376875561821702,1.46989921772181,0.00014829684864405,0.0393052624566116,9.24369298926289e-05,0.0474271062845315
"Nivolumab",146000,33,0.0150463230252563,0.015230718414106,0.0440696984086363,1.69945408722462,9.95891899447909e-05,0.0296691493992825,8.48795310526381e-05,0.0229389282486962
"Nivolumab",146000,34,0.0100737563778175,0.0356400402660162,0.0427957181078495,2.15052902451484,0.000155556010264431,0.0289242919848446,0.000106322816534989,0.0424620885950086
"Nivolumab",146000,35,0.0181963552174091,0.00956830727589252,0.0408251088894616,0.837258464414,0.000132188836607966,0.0253300476367238,8.21708914192179e-05,0.044378777739939
"Nivolumab",146000,36,0.0144496961261492,0.0209810971545121,0.0480820098015061,1.39593304806591,0.000122206112728784,0.0157310894172524,7.85447205324148e-05,0.0379832282115429
"Nivolumab",146000,37,0.0131135063065158,0.0354901320849972,0.0347948482903645,0.980410226248712,0.000110702051930115,0.0249061157875957,0.000139437859559347,0.0595580479557631
"Nivolumab",146000,38,0.0157613145997733,0.0261722737368437,0.0324266131177985,1.83510351961369,0.000137753353951031,0.0343356538138616,8.04396826148502e-05,0.0312043937019659
"Nivolumab",146000,39,0.0151998112056343,0.0179145395552782,0.055722815827184,1.14349624767794,0.000114339815778854,0.0380654955063678,0.000130114678282971,0.0194974807229485
"Nivolumab",146000,40,0.0100751865803169,0.0318137143326503,0.0476923622903071,1.25099135256031,0.000159017120361085,0.0245574639910018,7.32245779055149e-05,0.0554486057641637
"Nivolumab",146000,41,0.0235262346784334,0.0495542198992551,0.0774138328753971,1.36580473492904,0.000163407043986866,0.0320668670188254,0.000106767623202262,0.0486648763077312
"Nivolumab",146000,42,0.0229493689911371,0.0192133267038183,0.0360253382138866,0.844159586445631,7.6242166092577e-05,0.0250625119857044,0.00012413737532905,0.0448656566661955
"Nivolumab",146000,43,0.0338013601786944,0.0219167428061556,0.0390748261079058,1.03282395958533,8.8569351547393e-05,0.024663575293424,6.79806575900245e-05,0.0514397061790322
"Nivolumab",146000,44,0.0106186688488704,0.041401757728532,0.0390379703596331,1.19277651271034,0.000214753114542394,0.0469219029311875,5.86265441171317e-05,0.0333142707160591
"Nivolumab",146000,45,0.0104321161631569,0.0148527524499662,0.0708906301861557,2.24054704644647,0.00017736381237287,0.0274904967309413,5.46412219533499e-05,0.0369059951010136
"Nivolumab",146000,46,0.0165422433629979,0.034946647039438,0.0502444636644141,1.99732259791177,0.000118451346931938,0.02714842505484,0.000126730131341768,0.062996387365716
"Nivolumab",146000,47,0.0246621177932954,0.047874456994197,0.0473885954820246,0.932820100559668,9.68562584893339e-05,0.0497541199117947,5.50775494870455e-05,0.0238924808114184
"Nivolumab",146000,48,0.0116955658256186,0.0165118625517642,0.0533665361665687,1.11374116664686,0.000206912632175441,0.0200630955856477,8.5253914938045e-05,0.0540299518654811
"Nivolumab",146000,49,0.0180393345001989,0.0230635972312006,0.0421345917405578,1.07790636379203,7.75507316251646e-05,0.0309785468270053,0.000178980319518861,0.0294546079319032
"Nivolumab",146000,50,0.0229001582577187,0.0232963564630123,0.0533239070229719,1.44132123318402,8.27842170885121e-05,0.0314648147488676,8.20143991002977e-05,0.0922167418024625
"Nivolumab",146000,51,0.021855950589279,0.0222652608763686,0.0426339948769629,1.58301828923638,0.0001445142508048,0.0298718346268852,0.000240718155489018,0.0664835402541961
"Nivolumab",146000,52,0.019459069166947,0.0182928436975699,0.0591353990500486,1.64443752168304,0.00016453101650107,0.0319574164731224,0.000127586675295661,0.0489905214148677
"Nivolumab",146000,53,0.0225240283591249,0.0158219930740124,0.0425868376126771,1.2222012757373,0.000115379916473507,0.0296171041941041,8.5879060549995e-05,0.0399364437619325
"Nivolumab",146000,54,0.0248570208834227,0.0227460364042639,0.0478173076578152,1.64313731893638,0.000157633556445964,0.0299454997107649,8.05670377977142e-05,0.0476204419516031
"Nivolumab",146000,55,0.0133007964763829,0.0222013627214438,0.0580907153943672,1.41720107921794,0.000121762240256264,0.0302616827627082,0.000104738896353666,0.0332847287535469
"Nivolumab",146000,56,0.0151450960372289,0.0262384826274886,0.04475395007017,1.631760659841,0.000107050130255289,0.0258825459707313,7.47531673909523e-05,0.0576470665647022
"Nivolumab",146000,57,0.0105818551688105,0.0367512351985616,0.0583260204255197,1.46354461970199,0.000202582770113616,0.0241080271534535,7.24510529417261e-05,0.0461221310965591
"Nivolumab",146000,58,0.0221025167306498,0.0349433247704694,0.0648237362996532,1.18550799233405,0.000115756055168408,0.0257112302144979,0.000102624533415421,0.0524993559596842
"Nivolumab",146000,59,0.012719564460501,0.0313933460426107,0.0432672003324149,1.46349441169914,0.00010594455663201,0.0404040614393716,9.36982087015265e-05,0.0450293439688587
"Nivolumab",146000,60,0.0316840408572312,0.0209157342298859,0.0479259240115463,1.09669454417464,0.000165563346842412,0.0243889380407911,6.41964949252989e-05,0.0678856443874458
"Nivolumab",146000,61,0.0108190913294104,0.0368067208195394,0.0747676508755221,1.54458926854597,0.000164137991726087,0.027602229261909,7.98820608389453e-05,0.0278198557991656
"Nivolumab",146000,62,0.018536555439078,0.0250667018786142,0.0598385090371514,1.46943629462351,0.000129808163863688,0.0228780852507048,6.40794159978854e-05,0.022370108752842
"Nivolumab",146000,63,0.0158269500173741,0.0339829540416973,0.0558898103070985,1.80145608655351,0.000116301151571812,0.0270210405682114,8.72525403629253e-05,0.0260127563981874
"Nivolumab",146000,64,0.0149642868350373,0.0312220314161621,0.0471371957430419,1.54054100245662,0.000131597552492529,0.0223786755661136,0.000112639346217384,0.0503349350238688
"Nivolumab",146000,65,0.0189079855339279,0.0346421259518462,0.0637702207761246,1.59607055845534,0.000101059888407818,0.0283376728126145,6.91686043131533e-05,0.0414834478902544
"Nivolumab",146000,66,0.0207476305725453,0.0302719055638088,0.0441633676714539,1.15230700220647,6.31659701656793e-05,0.0238583088410926,9.89100981543808e-05,0.0593705223105289
"Nivolumab",146000,67,0.0180482062753001,0.0264973673013335,0.0903862329797993,1.15183964797354,9.54931463779038e-05,0.0329090323745218,8.21163379074691e-05,0.0442201472477975
"Nivolumab",146000,68,0.0192659277781631,0.0224359543288517,0.0399672764918606,0.938251766545619,0.00015284813825566,0.0171919829773458,0.000112792849533331,0.0206610108585654
"Nivolumab",146000,69,0.0160435317080251,0.0268590340460864,0.0421789494783241,1.53308353112555,0.00010578467919398,0.0426237386759475,8.38532248426265e-05,0.0483414453370155
"Nivolumab",146000,70,0.017287768890984,0.0334644319164011,0.0272974805274304,1.81176553990228,0.000182487964662341,0.0181275791615799,9.17801690530981e-05,0.0388700441805981
"Nivolumab",146000,71,0.0152023025065215,0.0386080036850175,0.0255562809696245,1.44247336134705,0.000152929864013697,0.0361418436438483,0.00010362449646188,0.0326182640438952
"Nivolumab",146000,72,0.0192831103885734,0.0217003732603228,0.0433097547399086,1.36246752925638,0.000164888474102605,0.0107965268671367,9.0954273686334e-05,0.0632459406193741
"Nivolumab",146000,73,0.00924042282234775,0.0218376817157539,0.0416523179867643,3.00259437513793,0.000154056027618029,0.0284765925268505,0.000127199460607681,0.0293002012888057
"Nivolumab",146000,74,0.0105949357115768,0.0211293501975653,0.0577201317244742,1.00099689251442,0.000114420375002033,0.023242440690117,6.60181941333747e-05,0.0497954620164886
"Nivolumab",146000,75,0.0227930442601838,0.0166325522565558,0.0525716250737367,2.47162627680932,0.000199212426051622,0.0301407208793195,0.000137271851032962,0.03388784818997
"Nivolumab",146000,76,0.0383139119993874,0.0396085116453641,0.0593908417806843,0.738326953347406,0.000173276329466753,0.0376752647780769,0.000136767461670205,0.0474313068211547
"Nivolumab",146000,77,0.0157456469821811,0.0181757387108451,0.0345677322363847,1.50654986724684,0.000145287797340794,0.0373819560512185,0.0001028087831101,0.0308837646830344
"Nivolumab",146000,78,0.0230053060097697,0.0213504250254648,0.0560760644462649,1.96806128394322,0.000112700974383498,0.032022949384482,0.000130659541463383,0.0634341772030428
"Nivolumab",146000,79,0.0270434295651168,0.0316395089402595,0.0397242846765077,1.41348069791417,0.000208544452570112,0.0301897003486972,9.68341557364462e-05,0.0599399181683963
"Nivolumab",146000,80,0.0137615790563605,0.0227046507274479,0.0620961691998518,2.00961467522177,0.000117642929301955,0.029644789848764,0.000126939890047861,0.0516142511447244
"Nivolumab",146000,81,0.0136067743289522,0.0236508747487699,0.0398231538121915,1.92761940085729,8.88338742954186e-05,0.0341147514881631,0.000129829095672553,0.0627096918404115
"Nivolumab",146000,82,0.0135886401245993,0.0180377989490318,0.0404625332395658,1.33439607056183,0.000109027881850314,0.0221725791428946,0.000103808213090217,0.047490071430881
"Nivolumab",146000,83,0.0109457129587313,0.0381756958037614,0.0512028077095991,2.04986096842172,0.000147952316440557,0.0349312901951597,9.0266598903156e-05,0.0428547470790296
"Nivolumab",146000,84,0.0151813509944891,0.0248046676104248,0.0437190035018186,1.78478052224356,0.000125679139197877,0.0215321385419624,0.000117365321178509,0.0699758171811454
"Nivolumab",146000,85,0.0199383257250441,0.0330531753630775,0.0371817861889373,1.58997918078434,0.000136774800103211,0.0247449572035019,7.77348734902819e-05,0.0282260881113099
"Nivolumab",146000,86,0.0232981910596776,0.0384395860708649,0.041753374533114,1.49164692399373,0.000116447366511238,0.0210910565258762,0.000122051153211717,0.0441684186062893
"Nivolumab",146000,87,0.0174525237318075,0.0207743233328195,0.0547846687685026,1.26894780961485,0.000147752722572053,0.0314945909027314,9.39819733080385e-05,0.0495047799799914
"Nivolumab",146000,88,0.0189204103935442,0.0201907232196568,0.0599185126443925,1.83429520414737,0.000104606968419601,0.0279153042654559,0.000117144959098294,0.0408396610819997
"Nivolumab",146000,89,0.0246556850684867,0.0199566473494478,0.0313387195695514,1.09855678350377,0.000131968218993166,0.027884254923043,8.18536464751159e-05,0.0263901189273653
"Nivolumab",146000,90,0.014773780097095,0.0252477565658792,0.046467843904599,1.41339859223107,0.000140679527120966,0.038876854164509,0.000119362525528816,0.0400137835923071
"Nivolumab",146000,91,0.0156474338721177,0.0261628555755776,0.0485371234041392,0.998162791213442,0.000106118500771903,0.0201886964644781,9.99641200612639e-05,0.0426670678562897
"Nivolumab",146000,92,0.0133756193933378,0.0219552260238641,0.0622714124522629,1.14269886951188,0.000132022065325379,0.0437921238267109,0.000103349150876486,0.0533820935245917
"Nivolumab",146000,93,0.0251251927162473,0.0213119020579646,0.0442478603736207,2.54871891763429,0.00030193110807144,0.031714498528091,9.92312406435037e-05,0.047139724009707
"Nivolumab",146000,94,0.0161126980154235,0.0222998438838264,0.0523283301034225,1.19324487582381,0.000121182187176942,0.0202130206649179,0.000106183580434418,0.0228399590165107
"Nivolumab",146000,95,0.024599064524418,0.0475377829278814,0.0375941971217331,1.08071478053986,0.000134500437004001,0.0310661905645021,0.000116041349836829,0.0404277478379926
"Nivolumab",146000,96,0.00850847647193651,0.0204853455753541,0.0508992892760952,1.46047881711481,0.000114027428432917,0.0327233299478589,9.04493220108784e-05,0.040257355089069
"Nivolumab",146000,97,0.0164335795265341,0.0460177275216578,0.0474546324448221,0.968868467208875,0.000121930284370114,0.0255691686259147,0.000105439729413817,0.0458007038041902
"Nivolumab",146000,98,0.0173143610658237,0.0347506879038987,0.0524430627735299,1.20772860672491,0.000118164574454027,0.0248450222312423,0.000103724264522372,0.0262752233878914
"Nivolumab",146000,99,0.0160600094270543,0.0235663774538272,0.0429344523604201,1.45317278776439,0.000132007878510305,0.0322469418951252,8.27294314121213e-05,0.0449237343103965
"Nivolumab",146000,100,0.0131643685845556,0.0290056803442208,0.0452265650064752,2.2112878074887,0.000159227782308353,0.0259215942737137,0.000176889535672071,0.0681244844983771
"Pembrolizumab",146000,1,0.0173985013626255,0.0247345289396616,0.0114642723688003,0.403370232660545,0.000212226249464269,0.0384385964417902,6.9966272186156e-05,0.0672031743758786
"Pembrolizumab",146000,2,0.0274247315709,0.036469145344945,0.0125352257013211,0.541108271919235,0.000168827964685869,0.0453263353048472,5.66181485696715e-05,0.0714291451522258
"Pembrolizumab",146000,3,0.0288653426882387,0.0305791478057577,0.00997813988352361,0.429559755312015,0.00024801510598935,0.0232429038398452,6.24551076063159e-05,0.0352981005514898
"Pembrolizumab",146000,4,0.00834834486510399,0.0225479470071147,0.00991713435595511,0.359735225255893,0.000177827759526641,0.0556324407790572,7.98236645691919e-05,0.0805766289279142
"Pembrolizumab",146000,5,0.0229775051790205,0.0322823634951034,0.0158868328548291,0.269766355968105,0.000317199460676508,0.059245209972215,7.6555540741899e-05,0.0444019545049153
"Pembrolizumab",146000,6,0.0164665398653864,0.0203997201081946,0.0109097989546755,0.499577608971495,0.000197208623028236,0.0257459969737482,5.59518680375597e-05,0.0695345360699188
"Pembrolizumab",146000,7,0.0154360254589688,0.0289631078222115,0.00838466008117542,0.389942916191851,0.000163905294897124,0.0428863086690864,6.14067614550636e-05,0.0377704936818228
"Pembrolizumab",146000,8,0.0309931685192573,0.0284007668473154,0.0101861507209458,0.477242490225531,0.000214531490037355,0.0743886276414345,0.000103214228006744,0.0630861523291272
"Pembrolizumab",146000,9,0.0160776935295001,0.0283112604246449,0.00730851669385465,0.158866119116667,0.000396962158992295,0.0312716175706156,6.6838925227405e-05,0.0529686499544422
"Pembrolizumab",146000,10,0.016447376731622,0.0379209047405865,0.00963714810440297,0.41813174188098,0.000185725481986221,0.0480676441959184,5.81393083848325e-05,0.0428111259608885
"Pembrolizumab",146000,11,0.0134799511416536,0.0278109952563935,0.0119328181178143,0.302398377184071,0.000145947843299673,0.0207784979208739,5.83151311393272e-05,0.0467882584668753
"Pembrolizumab",146000,12,0.0125834100240747,0.033718006924358,0.0127179251480412,0.295349412267114,0.000169113912669696,0.0320194954218725,8.85886220479621e-05,0.0543234928181645
"Pembrolizumab",146000,13,0.0204934129628681,0.0207334378823452,0.0135173462654886,0.403042234283789,0.00018336806959405,0.0347176835696325,7.73079054504818e-05,0.0565736262188429
"Pembrolizumab",146000,14,0.0180042622993829,0.0305946197060155,0.0133966324395067,0.361287969647056,0.000157069147639388,0.025481821246741,5.99316507574977e-05,0.032683329478694
"Pembrolizumab",146000,15,0.0205863183621317,0.0409399218042151,0.00544300686954194,0.208910101722275,0.000186878505856358,0.0530587210294688,6.98750210568828e-05,0.060949747120468
"Pembrolizumab",146000,16,0.0118202413815029,0.0302606999605858,0.020245674535559,0.255229146247307,0.000230204779893757,0.0528379024377883,6.81571569428029e-05,0.0473571540957575
"Pembrolizumab",146000,17,0.0105189482365676,0.0321806710590521,0.00852072238323528,0.358822352602136,0.000218979521396581,0.037429345398813,3.66637080729804e-05,0.0456615674003967
"Pembrolizumab",146000,18,0.0178445656481949,0.0445989504558921,0.00824251914433014,0.471171225492992,0.000275604457615282,0.0206733243678473,0.000109299781404977,0.0402581748623949
"Pembrolizumab",146000,19,0.0123926601016926,0.0328678989831247,0.0054326556083514,0.3438836079631,0.000239469919427523,0.0280467063017369,6.19151224379579e-05,0.0761002994635818
"Pembrolizumab",146000,20,0.0132328583325922,0.0199017457246508,0.0142319960346001,0.291080835259222,0.000163779472216709,0.0468200816893146,0.000150871104726274,0.0563480640542111
"Pembrolizumab",146000,21,0.025686355427416,0.0433059713679344,0.0126449781232926,0.200198266228257,0.000108095645570576,0.0325466392104197,6.76541658440166e-05,0.0577532034227047
"Pembrolizumab",146000,22,0.0168378681661223,0.0289278746822187,0.020005708886005,0.235743658010463,0.000220494818825189,0.0622806820179333,8.70716996658832e-05,0.0513007906065658
"Pembrolizumab",146000,23,0.0134285656731539,0.0154592687126054,0.00784081215652171,0.22330646732872,0.000136758290876726,0.0450664425482774,8.04185877067882e-05,0.0484618451706345
"Pembrolizumab",146000,24,0.0127797080734671,0.025237109254204,0.00732011536066239,0.431801526923234,0.000307661235983119,0.0312831185393522,7.65483127185816e-05,0.0359497617359263
"Pembrolizumab",146000,25,0.0118062648057293,0.0301287287700884,0.0108748373773633,0.392972290529711,8.68899589707011e-05,0.039852761236279,4.61094547810227e-05,0.0589087359421627
"Pembrolizumab",146000,26,0.0195174192316783,0.0376904225015784,0.00931192668510968,0.801318543552051,0.000164081397554894,0.0388218297107145,7.75569837909818e-05,0.0694907248463451
"Pembrolizumab",146000,27,0.0139996731863333,0.0269690586499279,0.00762029919558156,0.295309707017473,0.000122067939360392,0.0415431028661593,4.76365775883187e-05,0.0497987420891436
"Pembrolizumab",146000,28,0.0163376242520775,0.0271842164127373,0.00926032290540912,0.273563735648084,0.000171332716507749,0.041544874002716,3.41152588352025e-05,0.0639690856647026
"Pembrolizumab",146000,29,0.00730714659321641,0.0223958984942233,0.0108731985027473,0.561381596836949,0.000177586610454642,0.0261146454091352,6.49365009485752e-05,0.0783096442455548
"Pembrolizumab",146000,30,0.0155615345054325,0.0246619490656615,0.0103525057771615,0.398947043015771,0.000164733660594303,0.0377537801191662,4.9191170755352e-05,0.0680010500675473
"Pembrolizumab",146000,31,0.0145809736820281,0.0201700380752142,0.012607152344298,0.31182319879643,0.000128957397035869,0.0195097591496681,6.67152147225217e-05,0.0555649080654886
"Pembrolizumab",146000,32,0.022744007518221,0.0171840848560242,0.0129959680070654,0.31935874062027,0.000153005927659436,0.0509415771552837,3.70063473461798e-05,0.0805973029955594
"Pembrolizumab",146000,33,0.0163215001385037,0.0318999360223717,0.0137092578641135,0.385615554428235,0.000249654251236577,0.018046096692549,9.75822645872851e-05,0.104493930018354
"Pembrolizumab",146000,34,0.0192727656768693,0.0311581507869536,0.0152493524844671,0.380552566097868,0.000207692170111939,0.0395507722811244,7.02496185162387e-05,0.0578734559661996
"Pembrolizumab",146000,35,0.0100358169768675,0.0180549898563597,0.010096656566662,0.257203729362938,0.000283700398389065,0.028412810221691,7.5326235598378e-05,0.0537838340592416
"Pembrolizumab",146000,36,0.0112865287738036,0.0404068901641839,0.0102556461510621,0.432138733825168,0.000191066008378696,0.0452299061615609,4.43128395072975e-05,0.0530612944027477
"Pembrolizumab",146000,37,0.0150067141718812,0.033139207731393,0.013126144766863,0.581053547338125,0.000255006840121682,0.026262048278528,4.88004385180326e-05,0.0399159900752357
"Pembrolizumab",146000,38,0.017601317392768,0.0304223693810467,0.0145335830475614,0.276862379171167,0.000193971693547751,0.0433677548767244,6.63461259684052e-05,0.0587815064575754
"Pembrolizumab",146000,39,0.0181650317759353,0.0441119012757075,0.0159359257645469,0.532795961024758,0.000244062259495827,0.0295042894733552,7.81358382547073e-05,0.0611982357312002
"Pembrolizumab",146000,40,0.0137304489911973,0.0296067162877577,0.0119142547983544,0.395228221041325,0.000232778298932554,0.0228240082227017,9.48309961617669e-05,0.0469407199531398
"Pembrolizumab",146000,41,0.0113689116315867,0.0322943210585849,0.00659837582477932,0.232081653244393,0.000129176892901277,0.0288167697030394,5.08847574144829e-05,0.0590671647912089
"Pembrolizumab",146000,42,0.0271620139315313,0.0238332279239089,0.0155999181297565,0.243726044037456,0.000299408140701554,0.0353411940341372,0.000101952034462287,0.0481103029405959
"Pembrolizumab",146000,43,0.0193579458452845,0.0335767683812026,0.0155066323441343,0.332453176317249,0.000260081545427713,0.0586224654976064,8.74686547634586e-05,0.0465014896299061
"Pembrolizumab",146000,44,0.0131755476696231,0.0191102516047825,0.0101749407482834,0.272571529367444,0.000163711739550001,0.0415038268113334,0.000109788252330876,0.0786297877853362
"Pembrolizumab",146000,45,0.0164652200980777,0.0190980464573284,0.00945008652056385,0.350982755679899,0.000162160587986748,0.0417888003303832,0.000157048621849536,0.0488197991667315
"Pembrolizumab",146000,46,0.0178120534948645,0.0388058180873827,0.00808682078119785,0.45872210505828,0.000169877092439012,0.042499738903164,8.21399149287801e-05,0.0532155207179137
"Pembrolizumab",146000,47,0.0155073389604501,0.0377050852796982,0.015523428886331,0.425390657163365,0.000187869468922937,0.0302595430078462,9.23904616416607e-05,0.0662816486317033
"Pembrolizumab",146000,48,0.0203715598584034,0.0201807815045599,0.0136207981016851,0.24959811853948,0.000157024248911983,0.0260641645214847,7.16873415643608e-05,0.0943314321329312
"Pembrolizumab",146000,49,0.0186671560980461,0.0330424657893669,0.00782807808700873,0.456342369404159,0.000194105310304311,0.0444827870472315,8.7916318997882e-05,0.0361285221834129
"Pembrolizumab",146000,50,0.0203682548902416,0.0186783275569669,0.0105768603942705,0.220486918977557,0.000199261362612576,0.0513660885750726,4.77747471719341e-05,0.0452381846650357
"Pembrolizumab",146000,51,0.0136255646313979,0.0248142442059531,0.0167541240901723,0.478185452412831,0.000158736732789017,0.0331708822265201,6.95804927705361e-05,0.0466789261492863
"Pembrolizumab",146000,52,0.0174887516126206,0.0157369888740595,0.00908821460478182,0.19212231370924,0.000179256944115357,0.0313996741070659,4.71462348888107e-05,0.0601353957378526
"Pembrolizumab",146000,53,0.0249808831679403,0.0367638946078405,0.00897745609098627,0.368093729428762,0.000270161425569112,0.0335216579392751,4.66309448138733e-05,0.0651192935329085
"Pembrolizumab",146000,54,0.0160052112110425,0.0196881380628715,0.0114588745083614,0.399005315900706,0.000215136033277,0.0398013668980178,0.000107167194140568,0.0846419628760428
"Pembrolizumab",146000,55,0.0223515818349808,0.0230640506804296,0.0100576973321597,0.460023172910509,0.000212208650212414,0.0323685552747968,7.46989211279236e-05,0.0380871254239484
"Pembrolizumab",146000,56,0.0123142617384881,0.0153903348907462,0.0167982193662844,0.412801594206865,0.000140867768220059,0.044327217399277,6.4109933997943e-05,0.0647733372102647
"Pembrolizumab",146000,57,0.0176294486457393,0.0239772158088984,0.0110335846020249,0.314117518076384,0.000224429726312798,0.0272987512433872,7.77783394961731e-05,0.0487928588165081
"Pembrolizumab",146000,58,0.0198589130895872,0.0405873570736032,0.0129532236739478,0.296363239745434,0.000195877720041878,0.0510069744321198,7.87646277495572e-05,0.0505336724281563
"Pembrolizumab",146000,59,0.0122198964951525,0.0363682845098735,0.0141946376875268,0.639319393835238,0.000172719118259711,0.043851548529956,6.52433912549958e-05,0.0479650491730584
"Pembrolizumab",146000,60,0.0154923310297006,0.0294165421744389,0.0102315183880876,0.303376338076071,0.000164180496542398,0.0474591132910268,8.51940224628101e-05,0.0626582126295829
"Pembrolizumab",146000,61,0.0108935591013371,0.0237336410945354,0.00743037735613838,0.194761857056099,0.00013397426471248,0.022551441149344,6.09449894870879e-05,0.067027740029426
"Pembrolizumab",146000,62,0.0176625444462765,0.0185708007482359,0.0157035084037057,0.336476708481436,0.000171660529853304,0.0267150306588177,6.63413565700905e-05,0.0406093765948769
"Pembrolizumab",146000,63,0.0143605380952393,0.0223636989582844,0.0138653768679294,0.47221559383195,0.000141703602855299,0.0304167963922783,8.4762980355579e-05,0.0599866364887551
"Pembrolizumab",146000,64,0.0184828021330071,0.0343081147242602,0.0227158281921924,0.321437476476117,0.000194271651502417,0.046340512510048,8.09047599693617e-05,0.055490578082689
"Pembrolizumab",146000,65,0.0139408166003551,0.0168618524766894,0.0156919590281142,0.247780279297605,0.000268847795053239,0.0430232536353763,7.60653901962389e-05,0.0835804117137807
"Pembrolizumab",146000,66,0.0128218236582553,0.0236945954158175,0.0167585879055124,0.374242295816893,0.000167644473985717,0.0355238510410968,9.77347901218268e-05,0.0746374193851874
"Pembrolizumab",146000,67,0.0146011378069589,0.0319470693802591,0.0172629804725412,0.32141220101125,0.000185687848197444,0.036193198840922,8.52493368890117e-05,0.0553110807954196
"Pembrolizumab",146000,68,0.0214063384934458,0.0179724525645975,0.0128032193303685,0.23752160423473,0.000108487663879976,0.0410437759588698,5.86244287893594e-05,0.0485786293126045
"Pembrolizumab",146000,69,0.0180458165127541,0.032770271431303,0.0103903597226937,0.612491869212883,0.000145672144894749,0.0306205475345736,6.80083363773662e-05,0.0644373845117001
"Pembrolizumab",146000,70,0.0144407282169686,0.0229279064275662,0.00865949527434492,0.440552203147426,0.000159886771951592,0.0370595666700462,6.18900821089037e-05,0.0487299199138098
"Pembrolizumab",146000,71,0.0146569373306797,0.0210771255766172,0.0117969938678767,0.272046015269606,0.000146017630520807,0.0452303572043584,0.000115991863579288,0.071181962447603
"Pembrolizumab",146000,72,0.0196937266182388,0.0281363926587052,0.0123413770466198,0.406557509087826,0.00021310209641306,0.079843797155579,5.97795149495579e-05,0.067421618076584
"Pembrolizumab",146000,73,0.0157260162869766,0.0246177505462375,0.00909926499390689,0.304612727403593,0.000127805086794461,0.0474086518439524,6.64203830205862e-05,0.110953841113984
"Pembrolizumab",146000,74,0.0125008371668925,0.033120499823606,0.0103910817845952,0.371166717285821,0.000170531881647854,0.0492607002198015,5.36637188909328e-05,0.0389807093552264
"Pembrolizumab",146000,75,0.0180152404640397,0.029622700942206,0.0151120897409662,0.252294042875041,0.000180942572920925,0.0440892915412636,6.78406279090103e-05,0.0748765390997072
"Pembrolizumab",146000,76,0.0350219226124711,0.0213861549611644,0.0197374723973276,0.206870369395377,0.000183977540959781,0.0270961583416787,7.86807524165604e-05,0.0480813701197559
"Pembrolizumab",146000,77,0.0144389857474415,0.0291339724658813,0.0123316362456829,0.438550540210811,0.000166495897401271,0.0250110647885183,6.44082331393056e-05,0.0523415013709516
"Pembrolizumab",146000,78,0.0188160385368566,0.0319634551508229,0.00953197118930139,0.207338069075806,0.00017025662666392,0.037279033161782,6.3650763677711e-05,0.0338739157176511
"Pembrolizumab",146000,79,0.0155357786300436,0.0185616128320608,0.0179435829058867,0.263197847896764,0.000216004911294654,0.0433096580586657,9.71673075232916e-05,0.0426277726392212
"Pembrolizumab",146000,80,0.0148207236139518,0.0228201493872783,0.00910673398893566,0.363064509509238,0.000236335918297636,0.0405560491652961,8.23560331739438e-05,0.0599468956524264
"Pembrolizumab",146000,81,0.0141995072273261,0.016605545849652,0.0156664756945487,0.440217950903332,0.000152933899448286,0.0529454507906899,9.93769842897922e-05,0.0826018058361818
"Pembrolizumab",146000,82,0.0150353663344436,0.0188816367891437,0.0156510630362736,0.21761951865047,0.00014655871761293,0.025423972364699,0.000107876834190114,0.0284526568091613
"Pembrolizumab",146000,83,0.0109276108845886,0.0191656191377542,0.0144281769265517,0.299629330684977,0.000184176047226216,0.0477123755800353,9.76355193125221e-05,0.0492107146187952
"Pembrolizumab",146000,84,0.0121313469341749,0.0354287051298013,0.011291437355659,0.601359401631449,0.000335845346471387,0.0229871774804377,7.49232280830134e-05,0.0569769270749958
"Pembrolizumab",146000,85,0.015314513353308,0.0278906123459602,0.0126994354179819,0.299703779286203,0.000138138863194455,0.0293850564336119,4.7702848688586e-05,0.0708176303878915
"Pembrolizumab",146000,86,0.0172533343496031,0.0242720844465543,0.00874796390510359,0.185175511620313,0.000149101248629515,0.0303240507664085,5.66101352888883e-05,0.0762026991184978
"Pembrolizumab",146000,87,0.0153387532673016,0.0183889999658543,0.00822839624164417,0.409600578693815,0.000226348745411222,0.0366468795977255,0.000139411341796303,0.0445690797422609
"Pembrolizumab",146000,88,0.0131944063172006,0.0277751944078842,0.0112921079873516,0.377598993213021,0.000109360084048229,0.052363292324162,9.19928842766883e-05,0.0591077778161566
"Pembrolizumab",146000,89,0.014143700294562,0.0202571001179269,0.00776558907101677,0.27488012435817,0.000228429462754709,0.0342590938390648,8.50707131958869e-05,0.0993881132734741
"Pembrolizumab",146000,90,0.0142192682874407,0.0301841407485001,0.0174444701622687,0.398058492934279,0.000244688311599744,0.030373748483638,9.71801144415308e-05,0.0997163678320373
"Pembrolizumab",146000,91,0.0183123688562813,0.0348331501649115,0.015291745187525,0.298367251878324,9.74042205102216e-05,0.0825807624080064,7.8348085621298e-05,0.0434175570968032
"Pembrolizumab",146000,92,0.0136386364891453,0.0329058359559453,0.0088727510586179,0.382003447144667,0.000148090876763266,0.0268646242700643,0.000128929457447574,0.0518993420246402
"Pembrolizumab",146000,93,0.0132218954490028,0.0257676425144512,0.0114867500045323,0.354950991718611,0.000182839568221965,0.0288853155535076,9.19351817345609e-05,0.03527266187897
"Pembrolizumab",146000,94,0.0131953869984599,0.0217521925748409,0.00771987461904121,0.245879327355588,0.000138341264625412,0.0229373332172673,6.90228170216019e-05,0.122403763715535
"Pembrolizumab",146000,95,0.0206838787412867,0.0242854367490275,0.00804961438406553,0.506857673222334,0.000260073320288189,0.0364213977086884,8.29653450432183e-05,0.0443532424717724
"Pembrolizumab",146000,96,0.0171476205542749,0.0215900149402434,0.0156824358772516,0.252909673999281,0.000358481416346798,0.0337281183952566,0.000113181281049311,0.0509378256972936
"Pembrolizumab",146000,97,0.0184837518625852,0.0325969561128257,0.00771658681705151,0.299937527155224,0.000230661218022392,0.0434649660557973,4.05426105851513e-05,0.0566890427864772
"Pembrolizumab",146000,98,0.0196219535452861,0.0393303363665178,0.0126514547923562,0.277336690805964,0.000213494497485652,0.0355097982790005,0.000109821929868727,0.101018164282398
"Pembrolizumab",146000,99,0.0191023317429183,0.0233445781783737,0.00946238095832118,0.317564708029028,0.000122252970221452,0.0552645255958962,6.70283049673286e-05,0.0574639336013734
"Pembrolizumab",146000,100,0.0192011039861593,0.0236970642363795,0.0168373772413189,0.1638739289391,0.000252140508293199,0.0327218471612751,0.000101273244426856,0.0377904596924873
