"Scenario_name","Drug","IndividualId","Dose_mgkg","Sparse_AUC_ug_h_mL"
"Atezolizumab_Monkey_Dose0.3","Atezolizumab","1",0.3,842.160459735802
"Atezolizumab_Monkey_Dose0.3","Atezolizumab","10",0.3,1394.06229991153
"Atezolizumab_Monkey_Dose0.3","Atezolizumab","100",0.3,1025.2528120293
"Atezolizumab_Monkey_Dose0.3","Atezolizumab","11",0.3,1133.82953598462
"Atezolizumab_Monkey_Dose0.3","Atezolizumab","12",0.3,1318.89466618488
"Atezolizumab_Monkey_Dose0.3","Atezolizumab","13",0.3,1829.2020439583
"Atezolizumab_Monkey_Dose0.3","Atezolizumab","14",0.3,1146.42932405861
"Atezolizumab_Monkey_Dose0.3","Atezolizumab","15",0.3,1273.31575623397
"Atezolizumab_Monkey_Dose0.3","Atezolizumab","16",0.3,1283.99090018334
"Atezolizumab_Monkey_Dose0.3","Atezolizumab","17",0.3,874.645962704368
"Atezolizumab_Monkey_Dose0.3","Atezolizumab","18",0.3,1029.34061184724
"Atezolizumab_Monkey_Dose0.3","Atezolizumab","19",0.3,1202.16460296754
"Atezolizumab_Monkey_Dose0.3","Atezolizumab","2",0.3,914.830701070998
"Atezolizumab_Monkey_Dose0.3","Atezolizumab","20",0.3,1175.69768727083
"Atezolizumab_Monkey_Dose0.3","Atezolizumab","21",0.3,1340.18236889534
"Atezolizumab_Monkey_Dose0.3","Atezolizumab","22",0.3,853.719300718429
"Atezolizumab_Monkey_Dose0.3","Atezolizumab","23",0.3,1478.6855609678
"Atezolizumab_Monkey_Dose0.3","Atezolizumab","24",0.3,906.060052790644
"Atezolizumab_Monkey_Dose0.3","Atezolizumab","25",0.3,957.594075652619
"Atezolizumab_Monkey_Dose0.3","Atezolizumab","26",0.3,842.539454074257
"Atezolizumab_Monkey_Dose0.3","Atezolizumab","27",0.3,1053.43521394422
"Atezolizumab_Monkey_Dose0.3","Atezolizumab","28",0.3,953.550059880347
"Atezolizumab_Monkey_Dose0.3","Atezolizumab","29",0.3,1269.88911024627
"Atezolizumab_Monkey_Dose0.3","Atezolizumab","3",0.3,688.446382787081
"Atezolizumab_Monkey_Dose0.3","Atezolizumab","30",0.3,994.257547526518
"Atezolizumab_Monkey_Dose0.3","Atezolizumab","31",0.3,748.076324785323
"Atezolizumab_Monkey_Dose0.3","Atezolizumab","32",0.3,1087.49980064729
"Atezolizumab_Monkey_Dose0.3","Atezolizumab","33",0.3,1334.30533200618
"Atezolizumab_Monkey_Dose0.3","Atezolizumab","34",0.3,1065.21431765653
"Atezolizumab_Monkey_Dose0.3","Atezolizumab","35",0.3,1049.87417938387
"Atezolizumab_Monkey_Dose0.3","Atezolizumab","36",0.3,1137.12539160276
"Atezolizumab_Monkey_Dose0.3","Atezolizumab","37",0.3,1010.55030025859
"Atezolizumab_Monkey_Dose0.3","Atezolizumab","38",0.3,708.785719761583
"Atezolizumab_Monkey_Dose0.3","Atezolizumab","39",0.3,730.801751536429
"Atezolizumab_Monkey_Dose0.3","Atezolizumab","4",0.3,1173.32103050784
"Atezolizumab_Monkey_Dose0.3","Atezolizumab","40",0.3,689.598728023329
"Atezolizumab_Monkey_Dose0.3","Atezolizumab","41",0.3,1159.40414579941
"Atezolizumab_Monkey_Dose0.3","Atezolizumab","42",0.3,1048.94349201149
"Atezolizumab_Monkey_Dose0.3","Atezolizumab","43",0.3,918.294641765093
"Atezolizumab_Monkey_Dose0.3","Atezolizumab","44",0.3,959.036418522805
"Atezolizumab_Monkey_Dose0.3","Atezolizumab","45",0.3,1569.44315075619
"Atezolizumab_Monkey_Dose0.3","Atezolizumab","46",0.3,1146.19325706409
"Atezolizumab_Monkey_Dose0.3","Atezolizumab","47",0.3,968.026290702614
"Atezolizumab_Monkey_Dose0.3","Atezolizumab","48",0.3,1023.80495162765
"Atezolizumab_Monkey_Dose0.3","Atezolizumab","49",0.3,1333.83623033058
"Atezolizumab_Monkey_Dose0.3","Atezolizumab","5",0.3,965.244250353977
"Atezolizumab_Monkey_Dose0.3","Atezolizumab","50",0.3,1156.98649442548
"Atezolizumab_Monkey_Dose0.3","Atezolizumab","51",0.3,1137.45577721559
"Atezolizumab_Monkey_Dose0.3","Atezolizumab","52",0.3,977.560004917087
"Atezolizumab_Monkey_Dose0.3","Atezolizumab","53",0.3,1257.46255960752
"Atezolizumab_Monkey_Dose0.3","Atezolizumab","54",0.3,668.137183418621
"Atezolizumab_Monkey_Dose0.3","Atezolizumab","55",0.3,932.877408778104
"Atezolizumab_Monkey_Dose0.3","Atezolizumab","56",0.3,1053.82700014395
"Atezolizumab_Monkey_Dose0.3","Atezolizumab","57",0.3,944.379127207482
"Atezolizumab_Monkey_Dose0.3","Atezolizumab","58",0.3,1259.53532512648
"Atezolizumab_Monkey_Dose0.3","Atezolizumab","59",0.3,1059.13756532005
"Atezolizumab_Monkey_Dose0.3","Atezolizumab","6",0.3,846.016615134208
"Atezolizumab_Monkey_Dose0.3","Atezolizumab","60",0.3,991.151629536107
"Atezolizumab_Monkey_Dose0.3","Atezolizumab","61",0.3,1073.17089776068
"Atezolizumab_Monkey_Dose0.3","Atezolizumab","62",0.3,1628.87411169978
"Atezolizumab_Monkey_Dose0.3","Atezolizumab","63",0.3,1379.3838451927
"Atezolizumab_Monkey_Dose0.3","Atezolizumab","64",0.3,903.180212732131
"Atezolizumab_Monkey_Dose0.3","Atezolizumab","65",0.3,1855.83178774258
"Atezolizumab_Monkey_Dose0.3","Atezolizumab","66",0.3,1073.08864175999
"Atezolizumab_Monkey_Dose0.3","Atezolizumab","67",0.3,1307.74073663253
"Atezolizumab_Monkey_Dose0.3","Atezolizumab","68",0.3,1051.21121308429
"Atezolizumab_Monkey_Dose0.3","Atezolizumab","69",0.3,1244.31387649904
"Atezolizumab_Monkey_Dose0.3","Atezolizumab","7",0.3,1483.88525510252
"Atezolizumab_Monkey_Dose0.3","Atezolizumab","70",0.3,886.932405295347
"Atezolizumab_Monkey_Dose0.3","Atezolizumab","71",0.3,1452.45495551053
"Atezolizumab_Monkey_Dose0.3","Atezolizumab","72",0.3,1104.3747315319
"Atezolizumab_Monkey_Dose0.3","Atezolizumab","73",0.3,1826.15604161502
"Atezolizumab_Monkey_Dose0.3","Atezolizumab","74",0.3,1189.28715712864
"Atezolizumab_Monkey_Dose0.3","Atezolizumab","75",0.3,1165.48010308466
"Atezolizumab_Monkey_Dose0.3","Atezolizumab","76",0.3,1125.58758225635
"Atezolizumab_Monkey_Dose0.3","Atezolizumab","77",0.3,819.298288533452
"Atezolizumab_Monkey_Dose0.3","Atezolizumab","78",0.3,1434.1219954473
"Atezolizumab_Monkey_Dose0.3","Atezolizumab","79",0.3,878.248606201994
"Atezolizumab_Monkey_Dose0.3","Atezolizumab","8",0.3,1052.26832582843
"Atezolizumab_Monkey_Dose0.3","Atezolizumab","80",0.3,982.954013342777
"Atezolizumab_Monkey_Dose0.3","Atezolizumab","81",0.3,1085.92975764275
"Atezolizumab_Monkey_Dose0.3","Atezolizumab","82",0.3,1357.89781588482
"Atezolizumab_Monkey_Dose0.3","Atezolizumab","83",0.3,919.905123029795
"Atezolizumab_Monkey_Dose0.3","Atezolizumab","84",0.3,1269.92289081994
"Atezolizumab_Monkey_Dose0.3","Atezolizumab","85",0.3,987.759464428843
"Atezolizumab_Monkey_Dose0.3","Atezolizumab","86",0.3,1459.97886573111
"Atezolizumab_Monkey_Dose0.3","Atezolizumab","87",0.3,1208.17767437557
"Atezolizumab_Monkey_Dose0.3","Atezolizumab","88",0.3,959.844657177911
"Atezolizumab_Monkey_Dose0.3","Atezolizumab","89",0.3,1220.3428992134
"Atezolizumab_Monkey_Dose0.3","Atezolizumab","9",0.3,1162.38543221439
"Atezolizumab_Monkey_Dose0.3","Atezolizumab","90",0.3,1435.78444143764
"Atezolizumab_Monkey_Dose0.3","Atezolizumab","91",0.3,932.474430009844
"Atezolizumab_Monkey_Dose0.3","Atezolizumab","92",0.3,1040.28904062161
"Atezolizumab_Monkey_Dose0.3","Atezolizumab","93",0.3,1028.98856631251
"Atezolizumab_Monkey_Dose0.3","Atezolizumab","94",0.3,1228.9708109079
"Atezolizumab_Monkey_Dose0.3","Atezolizumab","95",0.3,1153.14674595422
"Atezolizumab_Monkey_Dose0.3","Atezolizumab","96",0.3,1044.36955830562
"Atezolizumab_Monkey_Dose0.3","Atezolizumab","97",0.3,1178.87181718693
"Atezolizumab_Monkey_Dose0.3","Atezolizumab","98",0.3,723.661368873006
"Atezolizumab_Monkey_Dose0.3","Atezolizumab","99",0.3,1414.92806949794
"Atezolizumab_Monkey_Dose10","Atezolizumab","1",10,29437.2560117403
"Atezolizumab_Monkey_Dose10","Atezolizumab","10",10,49866.3980700034
"Atezolizumab_Monkey_Dose10","Atezolizumab","100",10,38727.9091352876
"Atezolizumab_Monkey_Dose10","Atezolizumab","11",10,38467.4299355617
"Atezolizumab_Monkey_Dose10","Atezolizumab","12",10,44936.4168564173
"Atezolizumab_Monkey_Dose10","Atezolizumab","13",10,66619.3208173151
"Atezolizumab_Monkey_Dose10","Atezolizumab","14",10,40388.8353523941
"Atezolizumab_Monkey_Dose10","Atezolizumab","15",10,46166.7219812934
"Atezolizumab_Monkey_Dose10","Atezolizumab","16",10,48112.0427971403
"Atezolizumab_Monkey_Dose10","Atezolizumab","17",10,30552.8960798387
"Atezolizumab_Monkey_Dose10","Atezolizumab","18",10,36445.272628091
"Atezolizumab_Monkey_Dose10","Atezolizumab","19",10,42161.4856746465
"Atezolizumab_Monkey_Dose10","Atezolizumab","2",10,31537.3368477495
"Atezolizumab_Monkey_Dose10","Atezolizumab","20",10,42881.717074725
"Atezolizumab_Monkey_Dose10","Atezolizumab","21",10,47454.3552847855
"Atezolizumab_Monkey_Dose10","Atezolizumab","22",10,30430.7333175158
"Atezolizumab_Monkey_Dose10","Atezolizumab","23",10,51088.8974182076
"Atezolizumab_Monkey_Dose10","Atezolizumab","24",10,31037.888581585
"Atezolizumab_Monkey_Dose10","Atezolizumab","25",10,32863.5013945489
"Atezolizumab_Monkey_Dose10","Atezolizumab","26",10,32577.6648093647
"Atezolizumab_Monkey_Dose10","Atezolizumab","27",10,37359.4450403204
"Atezolizumab_Monkey_Dose10","Atezolizumab","28",10,33582.9544040383
"Atezolizumab_Monkey_Dose10","Atezolizumab","29",10,45530.9896450615
"Atezolizumab_Monkey_Dose10","Atezolizumab","3",10,24287.5714788537
"Atezolizumab_Monkey_Dose10","Atezolizumab","30",10,34088.9045085105
"Atezolizumab_Monkey_Dose10","Atezolizumab","31",10,27591.1445640196
"Atezolizumab_Monkey_Dose10","Atezolizumab","32",10,38554.5370351937
"Atezolizumab_Monkey_Dose10","Atezolizumab","33",10,46499.0296178472
"Atezolizumab_Monkey_Dose10","Atezolizumab","34",10,38197.8384703244
"Atezolizumab_Monkey_Dose10","Atezolizumab","35",10,38158.622619906
"Atezolizumab_Monkey_Dose10","Atezolizumab","36",10,39492.856115683
"Atezolizumab_Monkey_Dose10","Atezolizumab","37",10,34626.3774845994
"Atezolizumab_Monkey_Dose10","Atezolizumab","38",10,26502.231152585
"Atezolizumab_Monkey_Dose10","Atezolizumab","39",10,25712.3342891564
"Atezolizumab_Monkey_Dose10","Atezolizumab","4",10,40846.8455573175
"Atezolizumab_Monkey_Dose10","Atezolizumab","40",10,25031.1632947311
"Atezolizumab_Monkey_Dose10","Atezolizumab","41",10,40510.1863302479
"Atezolizumab_Monkey_Dose10","Atezolizumab","42",10,35757.2754380217
"Atezolizumab_Monkey_Dose10","Atezolizumab","43",10,31493.7539076142
"Atezolizumab_Monkey_Dose10","Atezolizumab","44",10,34171.8920196166
"Atezolizumab_Monkey_Dose10","Atezolizumab","45",10,55618.5413961626
"Atezolizumab_Monkey_Dose10","Atezolizumab","46",10,39150.2790591309
"Atezolizumab_Monkey_Dose10","Atezolizumab","47",10,32962.4833385349
"Atezolizumab_Monkey_Dose10","Atezolizumab","48",10,35234.5874317788
"Atezolizumab_Monkey_Dose10","Atezolizumab","49",10,46097.2876630104
"Atezolizumab_Monkey_Dose10","Atezolizumab","5",10,35291.4319979698
"Atezolizumab_Monkey_Dose10","Atezolizumab","50",10,40401.4535595728
"Atezolizumab_Monkey_Dose10","Atezolizumab","51",10,40877.5288123132
"Atezolizumab_Monkey_Dose10","Atezolizumab","52",10,34117.5680773451
"Atezolizumab_Monkey_Dose10","Atezolizumab","53",10,42341.7572063704
"Atezolizumab_Monkey_Dose10","Atezolizumab","54",10,25189.9258001558
"Atezolizumab_Monkey_Dose10","Atezolizumab","55",10,32386.7353668728
"Atezolizumab_Monkey_Dose10","Atezolizumab","56",10,37806.5948923298
"Atezolizumab_Monkey_Dose10","Atezolizumab","57",10,33207.4617998147
"Atezolizumab_Monkey_Dose10","Atezolizumab","58",10,43731.5094999039
"Atezolizumab_Monkey_Dose10","Atezolizumab","59",10,36927.519046018
"Atezolizumab_Monkey_Dose10","Atezolizumab","6",10,31150.8812538062
"Atezolizumab_Monkey_Dose10","Atezolizumab","60",10,36868.4632780001
"Atezolizumab_Monkey_Dose10","Atezolizumab","61",10,37685.3100186943
"Atezolizumab_Monkey_Dose10","Atezolizumab","62",10,56744.3268904303
"Atezolizumab_Monkey_Dose10","Atezolizumab","63",10,46966.8803350111
"Atezolizumab_Monkey_Dose10","Atezolizumab","64",10,31159.806675222
"Atezolizumab_Monkey_Dose10","Atezolizumab","65",10,66094.0013900776
"Atezolizumab_Monkey_Dose10","Atezolizumab","66",10,36647.3192628517
"Atezolizumab_Monkey_Dose10","Atezolizumab","67",10,44955.9738690031
"Atezolizumab_Monkey_Dose10","Atezolizumab","68",10,36995.8545726553
"Atezolizumab_Monkey_Dose10","Atezolizumab","69",10,44160.7201352112
"Atezolizumab_Monkey_Dose10","Atezolizumab","7",10,51213.260417734
"Atezolizumab_Monkey_Dose10","Atezolizumab","70",10,30291.3811923137
"Atezolizumab_Monkey_Dose10","Atezolizumab","71",10,50686.467553629
"Atezolizumab_Monkey_Dose10","Atezolizumab","72",10,40068.0412231299
"Atezolizumab_Monkey_Dose10","Atezolizumab","73",10,63612.8042845827
"Atezolizumab_Monkey_Dose10","Atezolizumab","74",10,42406.5188890689
"Atezolizumab_Monkey_Dose10","Atezolizumab","75",10,40344.6449091284
"Atezolizumab_Monkey_Dose10","Atezolizumab","76",10,37851.3876421448
"Atezolizumab_Monkey_Dose10","Atezolizumab","77",10,28954.9967925225
"Atezolizumab_Monkey_Dose10","Atezolizumab","78",10,49899.9965202578
"Atezolizumab_Monkey_Dose10","Atezolizumab","79",10,30094.8664792339
"Atezolizumab_Monkey_Dose10","Atezolizumab","8",10,35517.2699595717
"Atezolizumab_Monkey_Dose10","Atezolizumab","80",10,35853.1045780046
"Atezolizumab_Monkey_Dose10","Atezolizumab","81",10,37888.3441647036
"Atezolizumab_Monkey_Dose10","Atezolizumab","82",10,48342.3612721142
"Atezolizumab_Monkey_Dose10","Atezolizumab","83",10,32165.4894167061
"Atezolizumab_Monkey_Dose10","Atezolizumab","84",10,45543.1425684252
"Atezolizumab_Monkey_Dose10","Atezolizumab","85",10,33617.1585035498
"Atezolizumab_Monkey_Dose10","Atezolizumab","86",10,51533.8005540842
"Atezolizumab_Monkey_Dose10","Atezolizumab","87",10,42363.9967279327
"Atezolizumab_Monkey_Dose10","Atezolizumab","88",10,33593.9736676795
"Atezolizumab_Monkey_Dose10","Atezolizumab","89",10,45115.0643055579
"Atezolizumab_Monkey_Dose10","Atezolizumab","9",10,40453.5443897271
"Atezolizumab_Monkey_Dose10","Atezolizumab","90",10,50362.5895496023
"Atezolizumab_Monkey_Dose10","Atezolizumab","91",10,35780.0126479664
"Atezolizumab_Monkey_Dose10","Atezolizumab","92",10,36709.0683800933
"Atezolizumab_Monkey_Dose10","Atezolizumab","93",10,35636.5461312976
"Atezolizumab_Monkey_Dose10","Atezolizumab","94",10,43633.9694352966
"Atezolizumab_Monkey_Dose10","Atezolizumab","95",10,39600.9665291646
"Atezolizumab_Monkey_Dose10","Atezolizumab","96",10,35859.9159060406
"Atezolizumab_Monkey_Dose10","Atezolizumab","97",10,40178.7663102331
"Atezolizumab_Monkey_Dose10","Atezolizumab","98",10,25256.4151468603
"Atezolizumab_Monkey_Dose10","Atezolizumab","99",10,50480.5374146245
"Atezolizumab_Monkey_Dose3","Atezolizumab","1",3,8694.66951775223
"Atezolizumab_Monkey_Dose3","Atezolizumab","10",3,14820.3871167592
"Atezolizumab_Monkey_Dose3","Atezolizumab","100",3,11396.7454417928
"Atezolizumab_Monkey_Dose3","Atezolizumab","11",3,11461.7343427825
"Atezolizumab_Monkey_Dose3","Atezolizumab","12",3,13416.3292109196
"Atezolizumab_Monkey_Dose3","Atezolizumab","13",3,19736.6100447905
"Atezolizumab_Monkey_Dose3","Atezolizumab","14",3,11978.1551768305
"Atezolizumab_Monkey_Dose3","Atezolizumab","15",3,13668.549962866
"Atezolizumab_Monkey_Dose3","Atezolizumab","16",3,14048.9090898831
"Atezolizumab_Monkey_Dose3","Atezolizumab","17",3,9050.69255885082
"Atezolizumab_Monkey_Dose3","Atezolizumab","18",3,10775.1329871621
"Atezolizumab_Monkey_Dose3","Atezolizumab","19",3,12494.135097542
"Atezolizumab_Monkey_Dose3","Atezolizumab","2",3,9356.23425412992
"Atezolizumab_Monkey_Dose3","Atezolizumab","20",3,12681.1366755069
"Atezolizumab_Monkey_Dose3","Atezolizumab","21",3,14060.1790047841
"Atezolizumab_Monkey_Dose3","Atezolizumab","22",3,9003.42100625985
"Atezolizumab_Monkey_Dose3","Atezolizumab","23",3,15129.4022356387
"Atezolizumab_Monkey_Dose3","Atezolizumab","24",3,9257.22113980821
"Atezolizumab_Monkey_Dose3","Atezolizumab","25",3,9792.30667998956
"Atezolizumab_Monkey_Dose3","Atezolizumab","26",3,9506.63831167809
"Atezolizumab_Monkey_Dose3","Atezolizumab","27",3,10998.1251930695
"Atezolizumab_Monkey_Dose3","Atezolizumab","28",3,9956.49107122156
"Atezolizumab_Monkey_Dose3","Atezolizumab","29",3,13480.3859963109
"Atezolizumab_Monkey_Dose3","Atezolizumab","3",3,7208.25132581569
"Atezolizumab_Monkey_Dose3","Atezolizumab","30",3,10160.9965210015
"Atezolizumab_Monkey_Dose3","Atezolizumab","31",3,8106.48889945939
"Atezolizumab_Monkey_Dose3","Atezolizumab","32",3,11365.0038997337
"Atezolizumab_Monkey_Dose3","Atezolizumab","33",3,13807.7599304752
"Atezolizumab_Monkey_Dose3","Atezolizumab","34",3,11254.5846476513
"Atezolizumab_Monkey_Dose3","Atezolizumab","35",3,11247.2182902746
"Atezolizumab_Monkey_Dose3","Atezolizumab","36",3,11759.4439099981
"Atezolizumab_Monkey_Dose3","Atezolizumab","37",3,10321.7746149283
"Atezolizumab_Monkey_Dose3","Atezolizumab","38",3,7705.77039914245
"Atezolizumab_Monkey_Dose3","Atezolizumab","39",3,7621.92980172985
"Atezolizumab_Monkey_Dose3","Atezolizumab","4",3,12135.2548843164
"Atezolizumab_Monkey_Dose3","Atezolizumab","40",3,7350.9326233003
"Atezolizumab_Monkey_Dose3","Atezolizumab","41",3,12052.4999628852
"Atezolizumab_Monkey_Dose3","Atezolizumab","42",3,10662.3928859731
"Atezolizumab_Monkey_Dose3","Atezolizumab","43",3,9384.3774230542
"Atezolizumab_Monkey_Dose3","Atezolizumab","44",3,10058.9035239814
"Atezolizumab_Monkey_Dose3","Atezolizumab","45",3,16505.6639840992
"Atezolizumab_Monkey_Dose3","Atezolizumab","46",3,11676.6265022248
"Atezolizumab_Monkey_Dose3","Atezolizumab","47",3,9820.68530401753
"Atezolizumab_Monkey_Dose3","Atezolizumab","48",3,10500.0343713874
"Atezolizumab_Monkey_Dose3","Atezolizumab","49",3,13714.2709147874
"Atezolizumab_Monkey_Dose3","Atezolizumab","5",3,10382.468514223
"Atezolizumab_Monkey_Dose3","Atezolizumab","50",3,12020.5123140451
"Atezolizumab_Monkey_Dose3","Atezolizumab","51",3,12124.217842118
"Atezolizumab_Monkey_Dose3","Atezolizumab","52",3,10104.6514593481
"Atezolizumab_Monkey_Dose3","Atezolizumab","53",3,12654.3719335703
"Atezolizumab_Monkey_Dose3","Atezolizumab","54",3,7364.41202823971
"Atezolizumab_Monkey_Dose3","Atezolizumab","55",3,9614.21293697997
"Atezolizumab_Monkey_Dose3","Atezolizumab","56",3,11170.0372588349
"Atezolizumab_Monkey_Dose3","Atezolizumab","57",3,9786.06410209398
"Atezolizumab_Monkey_Dose3","Atezolizumab","58",3,12989.0780685129
"Atezolizumab_Monkey_Dose3","Atezolizumab","59",3,10957.8268956496
"Atezolizumab_Monkey_Dose3","Atezolizumab","6",3,9189.43139052513
"Atezolizumab_Monkey_Dose3","Atezolizumab","60",3,10749.6528653735
"Atezolizumab_Monkey_Dose3","Atezolizumab","61",3,11185.9569848309
"Atezolizumab_Monkey_Dose3","Atezolizumab","62",3,16841.9800718253
"Atezolizumab_Monkey_Dose3","Atezolizumab","63",3,14008.3197091832
"Atezolizumab_Monkey_Dose3","Atezolizumab","64",3,9274.7012452278
"Atezolizumab_Monkey_Dose3","Atezolizumab","65",3,19525.4687920971
"Atezolizumab_Monkey_Dose3","Atezolizumab","66",3,10936.4464091923
"Atezolizumab_Monkey_Dose3","Atezolizumab","67",3,13407.6500097417
"Atezolizumab_Monkey_Dose3","Atezolizumab","68",3,10994.4029565742
"Atezolizumab_Monkey_Dose3","Atezolizumab","69",3,13061.7377823469
"Atezolizumab_Monkey_Dose3","Atezolizumab","7",3,15255.6446629101
"Atezolizumab_Monkey_Dose3","Atezolizumab","70",3,9032.92777854151
"Atezolizumab_Monkey_Dose3","Atezolizumab","71",3,15031.6535265617
"Atezolizumab_Monkey_Dose3","Atezolizumab","72",3,11823.076747353
"Atezolizumab_Monkey_Dose3","Atezolizumab","73",3,18935.0555763851
"Atezolizumab_Monkey_Dose3","Atezolizumab","74",3,12590.0373833093
"Atezolizumab_Monkey_Dose3","Atezolizumab","75",3,12011.1482036712
"Atezolizumab_Monkey_Dose3","Atezolizumab","76",3,11326.034002147
"Atezolizumab_Monkey_Dose3","Atezolizumab","77",3,8590.7186589223
"Atezolizumab_Monkey_Dose3","Atezolizumab","78",3,14857.9745956703
"Atezolizumab_Monkey_Dose3","Atezolizumab","79",3,8988.08488571977
"Atezolizumab_Monkey_Dose3","Atezolizumab","8",3,10622.1987858132
"Atezolizumab_Monkey_Dose3","Atezolizumab","80",3,10555.0397418417
"Atezolizumab_Monkey_Dose3","Atezolizumab","81",3,11252.7227231632
"Atezolizumab_Monkey_Dose3","Atezolizumab","82",3,14354.8983498862
"Atezolizumab_Monkey_Dose3","Atezolizumab","83",3,9520.4232665102
"Atezolizumab_Monkey_Dose3","Atezolizumab","84",3,13524.0785292247
"Atezolizumab_Monkey_Dose3","Atezolizumab","85",3,10036.3883307216
"Atezolizumab_Monkey_Dose3","Atezolizumab","86",3,15249.9439197841
"Atezolizumab_Monkey_Dose3","Atezolizumab","87",3,12598.1558790046
"Atezolizumab_Monkey_Dose3","Atezolizumab","88",3,9946.67810460114
"Atezolizumab_Monkey_Dose3","Atezolizumab","89",3,13261.7214432682
"Atezolizumab_Monkey_Dose3","Atezolizumab","9",3,12033.1858925018
"Atezolizumab_Monkey_Dose3","Atezolizumab","90",3,14970.7732245823
"Atezolizumab_Monkey_Dose3","Atezolizumab","91",3,10536.7354263904
"Atezolizumab_Monkey_Dose3","Atezolizumab","92",3,10891.8569581927
"Atezolizumab_Monkey_Dose3","Atezolizumab","93",3,10599.769253231
"Atezolizumab_Monkey_Dose3","Atezolizumab","94",3,12918.7623087834
"Atezolizumab_Monkey_Dose3","Atezolizumab","95",3,11782.0263892526
"Atezolizumab_Monkey_Dose3","Atezolizumab","96",3,10664.7048339562
"Atezolizumab_Monkey_Dose3","Atezolizumab","97",3,11988.5341060393
"Atezolizumab_Monkey_Dose3","Atezolizumab","98",3,7468.37266285043
"Atezolizumab_Monkey_Dose3","Atezolizumab","99",3,14940.3151603548
"Avelumab_Monkey_Dose0.3","Avelumab","1",0.3,190.203792968144
"Avelumab_Monkey_Dose0.3","Avelumab","10",0.3,217.84191739708
"Avelumab_Monkey_Dose0.3","Avelumab","100",0.3,284.259217202969
"Avelumab_Monkey_Dose0.3","Avelumab","11",0.3,152.208584707457
"Avelumab_Monkey_Dose0.3","Avelumab","12",0.3,187.664324152772
"Avelumab_Monkey_Dose0.3","Avelumab","13",0.3,273.136944444143
"Avelumab_Monkey_Dose0.3","Avelumab","14",0.3,182.013888382622
"Avelumab_Monkey_Dose0.3","Avelumab","15",0.3,167.203412261924
"Avelumab_Monkey_Dose0.3","Avelumab","16",0.3,223.162732662704
"Avelumab_Monkey_Dose0.3","Avelumab","17",0.3,284.58250808659
"Avelumab_Monkey_Dose0.3","Avelumab","18",0.3,301.404907947521
"Avelumab_Monkey_Dose0.3","Avelumab","19",0.3,158.517383208292
"Avelumab_Monkey_Dose0.3","Avelumab","2",0.3,259.68025362862
"Avelumab_Monkey_Dose0.3","Avelumab","20",0.3,156.298526683166
"Avelumab_Monkey_Dose0.3","Avelumab","21",0.3,220.154691189351
"Avelumab_Monkey_Dose0.3","Avelumab","22",0.3,207.611318212247
"Avelumab_Monkey_Dose0.3","Avelumab","23",0.3,136.814326446221
"Avelumab_Monkey_Dose0.3","Avelumab","24",0.3,251.157623828291
"Avelumab_Monkey_Dose0.3","Avelumab","25",0.3,205.08379498432
"Avelumab_Monkey_Dose0.3","Avelumab","26",0.3,167.913039783223
"Avelumab_Monkey_Dose0.3","Avelumab","27",0.3,191.181058222494
"Avelumab_Monkey_Dose0.3","Avelumab","28",0.3,322.033171970576
"Avelumab_Monkey_Dose0.3","Avelumab","29",0.3,153.859510219792
"Avelumab_Monkey_Dose0.3","Avelumab","3",0.3,248.227185664697
"Avelumab_Monkey_Dose0.3","Avelumab","30",0.3,453.728599227402
"Avelumab_Monkey_Dose0.3","Avelumab","31",0.3,169.475843035193
"Avelumab_Monkey_Dose0.3","Avelumab","32",0.3,341.340283601474
"Avelumab_Monkey_Dose0.3","Avelumab","33",0.3,240.277973168033
"Avelumab_Monkey_Dose0.3","Avelumab","34",0.3,180.203928538258
"Avelumab_Monkey_Dose0.3","Avelumab","35",0.3,198.365114187168
"Avelumab_Monkey_Dose0.3","Avelumab","36",0.3,129.133783328352
"Avelumab_Monkey_Dose0.3","Avelumab","37",0.3,155.381523560404
"Avelumab_Monkey_Dose0.3","Avelumab","38",0.3,320.956382334959
"Avelumab_Monkey_Dose0.3","Avelumab","39",0.3,190.820203930635
"Avelumab_Monkey_Dose0.3","Avelumab","4",0.3,192.943741778783
"Avelumab_Monkey_Dose0.3","Avelumab","40",0.3,183.192131604587
"Avelumab_Monkey_Dose0.3","Avelumab","41",0.3,160.570483164873
"Avelumab_Monkey_Dose0.3","Avelumab","42",0.3,365.804804447938
"Avelumab_Monkey_Dose0.3","Avelumab","43",0.3,281.34839931087
"Avelumab_Monkey_Dose0.3","Avelumab","44",0.3,225.042960043931
"Avelumab_Monkey_Dose0.3","Avelumab","45",0.3,228.336624522628
"Avelumab_Monkey_Dose0.3","Avelumab","46",0.3,198.565090938284
"Avelumab_Monkey_Dose0.3","Avelumab","47",0.3,326.718725933813
"Avelumab_Monkey_Dose0.3","Avelumab","48",0.3,244.573928776136
"Avelumab_Monkey_Dose0.3","Avelumab","49",0.3,201.819311356136
"Avelumab_Monkey_Dose0.3","Avelumab","5",0.3,223.919033245958
"Avelumab_Monkey_Dose0.3","Avelumab","50",0.3,222.46370330719
"Avelumab_Monkey_Dose0.3","Avelumab","51",0.3,186.975673568351
"Avelumab_Monkey_Dose0.3","Avelumab","52",0.3,345.639463934385
"Avelumab_Monkey_Dose0.3","Avelumab","53",0.3,209.723680108018
"Avelumab_Monkey_Dose0.3","Avelumab","54",0.3,190.447467388584
"Avelumab_Monkey_Dose0.3","Avelumab","55",0.3,245.077111906739
"Avelumab_Monkey_Dose0.3","Avelumab","56",0.3,158.605898890484
"Avelumab_Monkey_Dose0.3","Avelumab","57",0.3,223.048898869581
"Avelumab_Monkey_Dose0.3","Avelumab","58",0.3,236.510273939546
"Avelumab_Monkey_Dose0.3","Avelumab","59",0.3,173.032868826872
"Avelumab_Monkey_Dose0.3","Avelumab","6",0.3,158.86674552408
"Avelumab_Monkey_Dose0.3","Avelumab","60",0.3,193.069388732524
"Avelumab_Monkey_Dose0.3","Avelumab","61",0.3,242.836494442884
"Avelumab_Monkey_Dose0.3","Avelumab","62",0.3,226.91669547037
"Avelumab_Monkey_Dose0.3","Avelumab","63",0.3,165.07625417382
"Avelumab_Monkey_Dose0.3","Avelumab","64",0.3,163.127197926986
"Avelumab_Monkey_Dose0.3","Avelumab","65",0.3,181.118432831054
"Avelumab_Monkey_Dose0.3","Avelumab","66",0.3,331.585927049402
"Avelumab_Monkey_Dose0.3","Avelumab","67",0.3,286.528108649639
"Avelumab_Monkey_Dose0.3","Avelumab","68",0.3,137.530956210983
"Avelumab_Monkey_Dose0.3","Avelumab","69",0.3,244.525364784704
"Avelumab_Monkey_Dose0.3","Avelumab","7",0.3,253.663351482382
"Avelumab_Monkey_Dose0.3","Avelumab","70",0.3,213.2876531939
"Avelumab_Monkey_Dose0.3","Avelumab","71",0.3,172.622642447102
"Avelumab_Monkey_Dose0.3","Avelumab","72",0.3,217.051235299475
"Avelumab_Monkey_Dose0.3","Avelumab","73",0.3,141.175360901835
"Avelumab_Monkey_Dose0.3","Avelumab","74",0.3,223.955821855829
"Avelumab_Monkey_Dose0.3","Avelumab","75",0.3,317.404625564489
"Avelumab_Monkey_Dose0.3","Avelumab","76",0.3,262.397982595632
"Avelumab_Monkey_Dose0.3","Avelumab","77",0.3,160.209134724577
"Avelumab_Monkey_Dose0.3","Avelumab","78",0.3,330.978426734878
"Avelumab_Monkey_Dose0.3","Avelumab","79",0.3,175.972547779038
"Avelumab_Monkey_Dose0.3","Avelumab","8",0.3,248.718794865323
"Avelumab_Monkey_Dose0.3","Avelumab","80",0.3,298.022002398651
"Avelumab_Monkey_Dose0.3","Avelumab","81",0.3,260.041894951577
"Avelumab_Monkey_Dose0.3","Avelumab","82",0.3,177.705806781312
"Avelumab_Monkey_Dose0.3","Avelumab","83",0.3,169.437086641576
"Avelumab_Monkey_Dose0.3","Avelumab","84",0.3,264.020539748656
"Avelumab_Monkey_Dose0.3","Avelumab","85",0.3,136.748312044267
"Avelumab_Monkey_Dose0.3","Avelumab","86",0.3,378.462630319019
"Avelumab_Monkey_Dose0.3","Avelumab","87",0.3,156.936571775552
"Avelumab_Monkey_Dose0.3","Avelumab","88",0.3,149.894292927458
"Avelumab_Monkey_Dose0.3","Avelumab","89",0.3,243.727752199084
"Avelumab_Monkey_Dose0.3","Avelumab","9",0.3,301.932387764684
"Avelumab_Monkey_Dose0.3","Avelumab","90",0.3,248.302954034927
"Avelumab_Monkey_Dose0.3","Avelumab","91",0.3,159.111221216653
"Avelumab_Monkey_Dose0.3","Avelumab","92",0.3,281.421191162592
"Avelumab_Monkey_Dose0.3","Avelumab","93",0.3,244.923113489846
"Avelumab_Monkey_Dose0.3","Avelumab","94",0.3,247.845025396639
"Avelumab_Monkey_Dose0.3","Avelumab","95",0.3,344.97248257735
"Avelumab_Monkey_Dose0.3","Avelumab","96",0.3,230.943159293318
"Avelumab_Monkey_Dose0.3","Avelumab","97",0.3,285.196414801243
"Avelumab_Monkey_Dose0.3","Avelumab","98",0.3,200.102603268555
"Avelumab_Monkey_Dose0.3","Avelumab","99",0.3,168.505652806766
"Avelumab_Monkey_Dose10","Avelumab","1",10,7330.5367151966
"Avelumab_Monkey_Dose10","Avelumab","10",10,7899.36332996951
"Avelumab_Monkey_Dose10","Avelumab","100",10,11231.1055480506
"Avelumab_Monkey_Dose10","Avelumab","11",10,6875.69015198456
"Avelumab_Monkey_Dose10","Avelumab","12",10,7105.26615150539
"Avelumab_Monkey_Dose10","Avelumab","13",10,10415.1946900353
"Avelumab_Monkey_Dose10","Avelumab","14",10,7330.99360924198
"Avelumab_Monkey_Dose10","Avelumab","15",10,6510.38082175017
"Avelumab_Monkey_Dose10","Avelumab","16",10,8411.06938124215
"Avelumab_Monkey_Dose10","Avelumab","17",10,10839.5960638962
"Avelumab_Monkey_Dose10","Avelumab","18",10,11991.1497547725
"Avelumab_Monkey_Dose10","Avelumab","19",10,9985.91615359149
"Avelumab_Monkey_Dose10","Avelumab","2",10,10066.5404469694
"Avelumab_Monkey_Dose10","Avelumab","20",10,5947.30408279123
"Avelumab_Monkey_Dose10","Avelumab","21",10,9190.83890102591
"Avelumab_Monkey_Dose10","Avelumab","22",10,8301.21441533368
"Avelumab_Monkey_Dose10","Avelumab","23",10,5308.01311211835
"Avelumab_Monkey_Dose10","Avelumab","24",10,9774.45359967434
"Avelumab_Monkey_Dose10","Avelumab","25",10,7748.59621327872
"Avelumab_Monkey_Dose10","Avelumab","26",10,6133.8959446473
"Avelumab_Monkey_Dose10","Avelumab","27",10,7317.57226721643
"Avelumab_Monkey_Dose10","Avelumab","28",10,11837.4942546178
"Avelumab_Monkey_Dose10","Avelumab","29",10,6465.9102666995
"Avelumab_Monkey_Dose10","Avelumab","3",10,10787.1050989707
"Avelumab_Monkey_Dose10","Avelumab","30",10,17819.4233778227
"Avelumab_Monkey_Dose10","Avelumab","31",10,6342.88218028273
"Avelumab_Monkey_Dose10","Avelumab","32",10,12843.2110359564
"Avelumab_Monkey_Dose10","Avelumab","33",10,9591.71609188891
"Avelumab_Monkey_Dose10","Avelumab","34",10,6749.21007005072
"Avelumab_Monkey_Dose10","Avelumab","35",10,9839.90916840947
"Avelumab_Monkey_Dose10","Avelumab","36",10,4997.0739070124
"Avelumab_Monkey_Dose10","Avelumab","37",10,6271.09660747212
"Avelumab_Monkey_Dose10","Avelumab","38",10,13135.2674755857
"Avelumab_Monkey_Dose10","Avelumab","39",10,7589.20133204248
"Avelumab_Monkey_Dose10","Avelumab","4",10,7148.81261969444
"Avelumab_Monkey_Dose10","Avelumab","40",10,6593.58469354876
"Avelumab_Monkey_Dose10","Avelumab","41",10,7229.67698047308
"Avelumab_Monkey_Dose10","Avelumab","42",10,13761.3354631532
"Avelumab_Monkey_Dose10","Avelumab","43",10,11054.9806564117
"Avelumab_Monkey_Dose10","Avelumab","44",10,10123.2373075253
"Avelumab_Monkey_Dose10","Avelumab","45",10,10971.2068920575
"Avelumab_Monkey_Dose10","Avelumab","46",10,7877.68117842896
"Avelumab_Monkey_Dose10","Avelumab","47",10,12706.1273003075
"Avelumab_Monkey_Dose10","Avelumab","48",10,10065.7971759948
"Avelumab_Monkey_Dose10","Avelumab","49",10,7292.006561528
"Avelumab_Monkey_Dose10","Avelumab","5",10,8322.83252866966
"Avelumab_Monkey_Dose10","Avelumab","50",10,8900.33175988033
"Avelumab_Monkey_Dose10","Avelumab","51",10,6704.89872094916
"Avelumab_Monkey_Dose10","Avelumab","52",10,16813.0253628117
"Avelumab_Monkey_Dose10","Avelumab","53",10,7277.51373993175
"Avelumab_Monkey_Dose10","Avelumab","54",10,7290.42248567606
"Avelumab_Monkey_Dose10","Avelumab","55",10,9364.38209851974
"Avelumab_Monkey_Dose10","Avelumab","56",10,5743.2705549277
"Avelumab_Monkey_Dose10","Avelumab","57",10,8948.56725817533
"Avelumab_Monkey_Dose10","Avelumab","58",10,8916.0405464497
"Avelumab_Monkey_Dose10","Avelumab","59",10,6483.51815658347
"Avelumab_Monkey_Dose10","Avelumab","6",10,6917.32681011405
"Avelumab_Monkey_Dose10","Avelumab","60",10,7095.21916814343
"Avelumab_Monkey_Dose10","Avelumab","61",10,9804.92989754177
"Avelumab_Monkey_Dose10","Avelumab","62",10,8871.3649753603
"Avelumab_Monkey_Dose10","Avelumab","63",10,7136.91210169342
"Avelumab_Monkey_Dose10","Avelumab","64",10,7406.04841912916
"Avelumab_Monkey_Dose10","Avelumab","65",10,6673.40109954041
"Avelumab_Monkey_Dose10","Avelumab","66",10,12498.0716133561
"Avelumab_Monkey_Dose10","Avelumab","67",10,10596.2923932879
"Avelumab_Monkey_Dose10","Avelumab","68",10,5643.57424100468
"Avelumab_Monkey_Dose10","Avelumab","69",10,12815.4894120322
"Avelumab_Monkey_Dose10","Avelumab","7",10,9399.50996984277
"Avelumab_Monkey_Dose10","Avelumab","70",10,7565.63045134568
"Avelumab_Monkey_Dose10","Avelumab","71",10,6186.01881090976
"Avelumab_Monkey_Dose10","Avelumab","72",10,7652.69332832325
"Avelumab_Monkey_Dose10","Avelumab","73",10,5312.98929919364
"Avelumab_Monkey_Dose10","Avelumab","74",10,8119.74009744859
"Avelumab_Monkey_Dose10","Avelumab","75",10,13526.6427474233
"Avelumab_Monkey_Dose10","Avelumab","76",10,10663.0802216562
"Avelumab_Monkey_Dose10","Avelumab","77",10,9041.02134241342
"Avelumab_Monkey_Dose10","Avelumab","78",10,12773.217415083
"Avelumab_Monkey_Dose10","Avelumab","79",10,6413.77144013868
"Avelumab_Monkey_Dose10","Avelumab","8",10,10928.3806412481
"Avelumab_Monkey_Dose10","Avelumab","80",10,13495.5148228161
"Avelumab_Monkey_Dose10","Avelumab","81",10,10198.5755489666
"Avelumab_Monkey_Dose10","Avelumab","82",10,6754.07740927617
"Avelumab_Monkey_Dose10","Avelumab","83",10,6075.57649811038
"Avelumab_Monkey_Dose10","Avelumab","84",10,9590.13530355795
"Avelumab_Monkey_Dose10","Avelumab","85",10,4989.67497514227
"Avelumab_Monkey_Dose10","Avelumab","86",10,14296.0187705143
"Avelumab_Monkey_Dose10","Avelumab","87",10,5618.62336688681
"Avelumab_Monkey_Dose10","Avelumab","88",10,5360.39468367418
"Avelumab_Monkey_Dose10","Avelumab","89",10,8758.27362675864
"Avelumab_Monkey_Dose10","Avelumab","9",10,11589.4618162315
"Avelumab_Monkey_Dose10","Avelumab","90",10,9475.12867679479
"Avelumab_Monkey_Dose10","Avelumab","91",10,6379.73293659987
"Avelumab_Monkey_Dose10","Avelumab","92",10,10996.6783688693
"Avelumab_Monkey_Dose10","Avelumab","93",10,9320.9759288302
"Avelumab_Monkey_Dose10","Avelumab","94",10,10603.0791575228
"Avelumab_Monkey_Dose10","Avelumab","95",10,13721.4346939384
"Avelumab_Monkey_Dose10","Avelumab","96",10,9215.34589963537
"Avelumab_Monkey_Dose10","Avelumab","97",10,11498.9027561955
"Avelumab_Monkey_Dose10","Avelumab","98",10,7268.03202658363
"Avelumab_Monkey_Dose10","Avelumab","99",10,6903.93247142396
"Avelumab_Monkey_Dose3","Avelumab","1",3,2167.88927199126
"Avelumab_Monkey_Dose3","Avelumab","10",3,2349.96520068641
"Avelumab_Monkey_Dose3","Avelumab","100",3,3305.00018193351
"Avelumab_Monkey_Dose3","Avelumab","11",3,1989.70274906927
"Avelumab_Monkey_Dose3","Avelumab","12",3,2100.11437880138
"Avelumab_Monkey_Dose3","Avelumab","13",3,3074.1835001548
"Avelumab_Monkey_Dose3","Avelumab","14",3,2151.89037657504
"Avelumab_Monkey_Dose3","Avelumab","15",3,1922.75874211023
"Avelumab_Monkey_Dose3","Avelumab","16",3,2492.21151204862
"Avelumab_Monkey_Dose3","Avelumab","17",3,3203.6902533038
"Avelumab_Monkey_Dose3","Avelumab","18",3,3525.7059165742
"Avelumab_Monkey_Dose3","Avelumab","19",3,2766.82550664206
"Avelumab_Monkey_Dose3","Avelumab","2",3,2964.55613535867
"Avelumab_Monkey_Dose3","Avelumab","20",3,1759.47931135523
"Avelumab_Monkey_Dose3","Avelumab","21",3,2687.54391329021
"Avelumab_Monkey_Dose3","Avelumab","22",3,2441.63699394895
"Avelumab_Monkey_Dose3","Avelumab","23",3,1567.99077478248
"Avelumab_Monkey_Dose3","Avelumab","24",3,2878.69210516743
"Avelumab_Monkey_Dose3","Avelumab","25",3,2290.72881620782
"Avelumab_Monkey_Dose3","Avelumab","26",3,1822.80843258965
"Avelumab_Monkey_Dose3","Avelumab","27",3,2164.50208246302
"Avelumab_Monkey_Dose3","Avelumab","28",3,3514.05981212528
"Avelumab_Monkey_Dose3","Avelumab","29",3,1891.71279636763
"Avelumab_Monkey_Dose3","Avelumab","3",3,3135.59390177523
"Avelumab_Monkey_Dose3","Avelumab","30",3,5248.7593534923
"Avelumab_Monkey_Dose3","Avelumab","31",3,1876.99617690567
"Avelumab_Monkey_Dose3","Avelumab","32",3,3800.64540561804
"Avelumab_Monkey_Dose3","Avelumab","33",3,2819.36574193958
"Avelumab_Monkey_Dose3","Avelumab","34",3,1999.30050333967
"Avelumab_Monkey_Dose3","Avelumab","35",3,2819.5354179361
"Avelumab_Monkey_Dose3","Avelumab","36",3,1474.10915812161
"Avelumab_Monkey_Dose3","Avelumab","37",3,1840.35606842253
"Avelumab_Monkey_Dose3","Avelumab","38",3,3860.40800875271
"Avelumab_Monkey_Dose3","Avelumab","39",3,2239.79917163819
"Avelumab_Monkey_Dose3","Avelumab","4",3,2122.38213873441
"Avelumab_Monkey_Dose3","Avelumab","40",3,1962.67184048899
"Avelumab_Monkey_Dose3","Avelumab","41",3,2095.45776869163
"Avelumab_Monkey_Dose3","Avelumab","42",3,4074.03015865666
"Avelumab_Monkey_Dose3","Avelumab","43",3,3250.10751072125
"Avelumab_Monkey_Dose3","Avelumab","44",3,2930.21755585766
"Avelumab_Monkey_Dose3","Avelumab","45",3,3173.00143619845
"Avelumab_Monkey_Dose3","Avelumab","46",3,2315.44323610636
"Avelumab_Monkey_Dose3","Avelumab","47",3,3747.1262995834
"Avelumab_Monkey_Dose3","Avelumab","48",3,2959.18765126662
"Avelumab_Monkey_Dose3","Avelumab","49",3,2168.78429580764
"Avelumab_Monkey_Dose3","Avelumab","5",3,2464.92459758622
"Avelumab_Monkey_Dose3","Avelumab","50",3,2619.78744817313
"Avelumab_Monkey_Dose3","Avelumab","51",3,1995.69733261312
"Avelumab_Monkey_Dose3","Avelumab","52",3,4846.62512602525
"Avelumab_Monkey_Dose3","Avelumab","53",3,2174.68029434206
"Avelumab_Monkey_Dose3","Avelumab","54",3,2156.25003502638
"Avelumab_Monkey_Dose3","Avelumab","55",3,2772.74239600858
"Avelumab_Monkey_Dose3","Avelumab","56",3,1707.66351637494
"Avelumab_Monkey_Dose3","Avelumab","57",3,2624.87735579769
"Avelumab_Monkey_Dose3","Avelumab","58",3,2638.66869168736
"Avelumab_Monkey_Dose3","Avelumab","59",3,1920.60698440233
"Avelumab_Monkey_Dose3","Avelumab","6",3,2002.57715882668
"Avelumab_Monkey_Dose3","Avelumab","60",3,2105.95329829429
"Avelumab_Monkey_Dose3","Avelumab","61",3,2885.75504399143
"Avelumab_Monkey_Dose3","Avelumab","62",3,2609.91873315674
"Avelumab_Monkey_Dose3","Avelumab","63",3,2079.68340321026
"Avelumab_Monkey_Dose3","Avelumab","64",3,2144.77706656738
"Avelumab_Monkey_Dose3","Avelumab","65",3,1979.27591385129
"Avelumab_Monkey_Dose3","Avelumab","66",3,3699.05955467031
"Avelumab_Monkey_Dose3","Avelumab","67",3,3140.98606871533
"Avelumab_Monkey_Dose3","Avelumab","68",3,1656.48242170557
"Avelumab_Monkey_Dose3","Avelumab","69",3,3674.78158541341
"Avelumab_Monkey_Dose3","Avelumab","7",3,2785.20386706998
"Avelumab_Monkey_Dose3","Avelumab","70",3,2253.59369124096
"Avelumab_Monkey_Dose3","Avelumab","71",3,1841.63870631398
"Avelumab_Monkey_Dose3","Avelumab","72",3,2281.65055632537
"Avelumab_Monkey_Dose3","Avelumab","73",3,1573.59648395849
"Avelumab_Monkey_Dose3","Avelumab","74",3,2414.27411210477
"Avelumab_Monkey_Dose3","Avelumab","75",3,3944.79653265181
"Avelumab_Monkey_Dose3","Avelumab","76",3,3124.57314006347
"Avelumab_Monkey_Dose3","Avelumab","77",3,2528.59446733874
"Avelumab_Monkey_Dose3","Avelumab","78",3,3775.36585239412
"Avelumab_Monkey_Dose3","Avelumab","79",3,1905.6605673686
"Avelumab_Monkey_Dose3","Avelumab","8",3,3175.99454370845
"Avelumab_Monkey_Dose3","Avelumab","80",3,3893.97586211677
"Avelumab_Monkey_Dose3","Avelumab","81",3,2997.73623915784
"Avelumab_Monkey_Dose3","Avelumab","82",3,1997.46346969562
"Avelumab_Monkey_Dose3","Avelumab","83",3,1807.67411815867
"Avelumab_Monkey_Dose3","Avelumab","84",3,2850.22565003662
"Avelumab_Monkey_Dose3","Avelumab","85",3,1482.4423646584
"Avelumab_Monkey_Dose3","Avelumab","86",3,4229.23790207629
"Avelumab_Monkey_Dose3","Avelumab","87",3,1671.77375160235
"Avelumab_Monkey_Dose3","Avelumab","88",3,1596.47017303846
"Avelumab_Monkey_Dose3","Avelumab","89",3,2607.42922491638
"Avelumab_Monkey_Dose3","Avelumab","9",3,3417.95565816082
"Avelumab_Monkey_Dose3","Avelumab","90",3,2799.51409800064
"Avelumab_Monkey_Dose3","Avelumab","91",3,1876.68074120715
"Avelumab_Monkey_Dose3","Avelumab","92",3,3236.82757872609
"Avelumab_Monkey_Dose3","Avelumab","93",3,2755.82496535222
"Avelumab_Monkey_Dose3","Avelumab","94",3,3091.3438036529
"Avelumab_Monkey_Dose3","Avelumab","95",3,4056.69402847481
"Avelumab_Monkey_Dose3","Avelumab","96",3,2714.29905066086
"Avelumab_Monkey_Dose3","Avelumab","97",3,3374.72469986977
"Avelumab_Monkey_Dose3","Avelumab","98",3,2161.83655731847
"Avelumab_Monkey_Dose3","Avelumab","99",3,2023.97383405378
"Nivolumab_Monkey_Dose0.3","Nivolumab","1",0.3,1458.91384067842
"Nivolumab_Monkey_Dose0.3","Nivolumab","10",0.3,1804.0751242776
"Nivolumab_Monkey_Dose0.3","Nivolumab","100",0.3,1232.23759167372
"Nivolumab_Monkey_Dose0.3","Nivolumab","11",0.3,1328.51433142994
"Nivolumab_Monkey_Dose0.3","Nivolumab","12",0.3,1160.1233468641
"Nivolumab_Monkey_Dose0.3","Nivolumab","13",0.3,1785.33452835594
"Nivolumab_Monkey_Dose0.3","Nivolumab","14",0.3,2331.2137184714
"Nivolumab_Monkey_Dose0.3","Nivolumab","15",0.3,1541.03486831329
"Nivolumab_Monkey_Dose0.3","Nivolumab","16",0.3,1105.03102046749
"Nivolumab_Monkey_Dose0.3","Nivolumab","17",0.3,1703.53111741397
"Nivolumab_Monkey_Dose0.3","Nivolumab","18",0.3,2436.65971791786
"Nivolumab_Monkey_Dose0.3","Nivolumab","19",0.3,1177.73996485025
"Nivolumab_Monkey_Dose0.3","Nivolumab","2",0.3,1013.94922919394
"Nivolumab_Monkey_Dose0.3","Nivolumab","20",0.3,1473.93343428149
"Nivolumab_Monkey_Dose0.3","Nivolumab","21",0.3,1532.07218628346
"Nivolumab_Monkey_Dose0.3","Nivolumab","22",0.3,1108.2633507044
"Nivolumab_Monkey_Dose0.3","Nivolumab","23",0.3,1695.99002967959
"Nivolumab_Monkey_Dose0.3","Nivolumab","24",0.3,1470.58670831694
"Nivolumab_Monkey_Dose0.3","Nivolumab","25",0.3,1182.25374474797
"Nivolumab_Monkey_Dose0.3","Nivolumab","26",0.3,2026.37039899154
"Nivolumab_Monkey_Dose0.3","Nivolumab","27",0.3,1522.15585411683
"Nivolumab_Monkey_Dose0.3","Nivolumab","28",0.3,1940.28832000341
"Nivolumab_Monkey_Dose0.3","Nivolumab","29",0.3,1681.09566508881
"Nivolumab_Monkey_Dose0.3","Nivolumab","3",0.3,1832.9596628364
"Nivolumab_Monkey_Dose0.3","Nivolumab","30",0.3,1225.57621979221
"Nivolumab_Monkey_Dose0.3","Nivolumab","31",0.3,1392.41391287647
"Nivolumab_Monkey_Dose0.3","Nivolumab","32",0.3,1267.9872251148
"Nivolumab_Monkey_Dose0.3","Nivolumab","33",0.3,1884.50310434464
"Nivolumab_Monkey_Dose0.3","Nivolumab","34",0.3,1278.15217842445
"Nivolumab_Monkey_Dose0.3","Nivolumab","35",0.3,1485.02848165215
"Nivolumab_Monkey_Dose0.3","Nivolumab","36",0.3,1662.17847079327
"Nivolumab_Monkey_Dose0.3","Nivolumab","37",0.3,1666.91277971788
"Nivolumab_Monkey_Dose0.3","Nivolumab","38",0.3,1404.52042617328
"Nivolumab_Monkey_Dose0.3","Nivolumab","39",0.3,1622.63829069757
"Nivolumab_Monkey_Dose0.3","Nivolumab","4",0.3,1223.37843168481
"Nivolumab_Monkey_Dose0.3","Nivolumab","40",0.3,1256.72026712589
"Nivolumab_Monkey_Dose0.3","Nivolumab","41",0.3,1198.54954460963
"Nivolumab_Monkey_Dose0.3","Nivolumab","42",0.3,2222.32691835411
"Nivolumab_Monkey_Dose0.3","Nivolumab","43",0.3,1985.42262741052
"Nivolumab_Monkey_Dose0.3","Nivolumab","44",0.3,926.724062104177
"Nivolumab_Monkey_Dose0.3","Nivolumab","45",0.3,1148.36654840133
"Nivolumab_Monkey_Dose0.3","Nivolumab","46",0.3,1553.8382737126
"Nivolumab_Monkey_Dose0.3","Nivolumab","47",0.3,1640.18630608207
"Nivolumab_Monkey_Dose0.3","Nivolumab","48",0.3,998.249784143168
"Nivolumab_Monkey_Dose0.3","Nivolumab","49",0.3,2176.66176110248
"Nivolumab_Monkey_Dose0.3","Nivolumab","5",0.3,1722.14873655222
"Nivolumab_Monkey_Dose0.3","Nivolumab","50",0.3,1753.45110037472
"Nivolumab_Monkey_Dose0.3","Nivolumab","51",0.3,1313.18255263785
"Nivolumab_Monkey_Dose0.3","Nivolumab","52",0.3,1197.43843410462
"Nivolumab_Monkey_Dose0.3","Nivolumab","53",0.3,1630.12793811804
"Nivolumab_Monkey_Dose0.3","Nivolumab","54",0.3,1251.35403176298
"Nivolumab_Monkey_Dose0.3","Nivolumab","55",0.3,1575.94295063457
"Nivolumab_Monkey_Dose0.3","Nivolumab","56",0.3,1703.94809943344
"Nivolumab_Monkey_Dose0.3","Nivolumab","57",0.3,1015.05851814445
"Nivolumab_Monkey_Dose0.3","Nivolumab","58",0.3,1622.26153020038
"Nivolumab_Monkey_Dose0.3","Nivolumab","59",0.3,1597.03493584633
"Nivolumab_Monkey_Dose0.3","Nivolumab","6",0.3,2116.70145281665
"Nivolumab_Monkey_Dose0.3","Nivolumab","60",0.3,1199.54857751545
"Nivolumab_Monkey_Dose0.3","Nivolumab","61",0.3,1236.71923328299
"Nivolumab_Monkey_Dose0.3","Nivolumab","62",0.3,1558.61465404722
"Nivolumab_Monkey_Dose0.3","Nivolumab","63",0.3,1679.61362210051
"Nivolumab_Monkey_Dose0.3","Nivolumab","64",0.3,1496.10471103924
"Nivolumab_Monkey_Dose0.3","Nivolumab","65",0.3,1804.01890982373
"Nivolumab_Monkey_Dose0.3","Nivolumab","66",0.3,2387.02756626751
"Nivolumab_Monkey_Dose0.3","Nivolumab","67",0.3,1802.70560895364
"Nivolumab_Monkey_Dose0.3","Nivolumab","68",0.3,1351.46369831498
"Nivolumab_Monkey_Dose0.3","Nivolumab","69",0.3,1562.50474922727
"Nivolumab_Monkey_Dose0.3","Nivolumab","7",0.3,837.822549848485
"Nivolumab_Monkey_Dose0.3","Nivolumab","70",0.3,1133.65483045696
"Nivolumab_Monkey_Dose0.3","Nivolumab","71",0.3,1277.36585203444
"Nivolumab_Monkey_Dose0.3","Nivolumab","72",0.3,1253.2280677541
"Nivolumab_Monkey_Dose0.3","Nivolumab","73",0.3,1307.34338471081
"Nivolumab_Monkey_Dose0.3","Nivolumab","74",0.3,1672.73387139745
"Nivolumab_Monkey_Dose0.3","Nivolumab","75",0.3,1024.77121684403
"Nivolumab_Monkey_Dose0.3","Nivolumab","76",0.3,1117.47911081095
"Nivolumab_Monkey_Dose0.3","Nivolumab","77",0.3,1329.17574329818
"Nivolumab_Monkey_Dose0.3","Nivolumab","78",0.3,1559.96356454781
"Nivolumab_Monkey_Dose0.3","Nivolumab","79",0.3,968.688258535156
"Nivolumab_Monkey_Dose0.3","Nivolumab","8",0.3,1463.88400370905
"Nivolumab_Monkey_Dose0.3","Nivolumab","80",0.3,1573.04491214287
"Nivolumab_Monkey_Dose0.3","Nivolumab","81",0.3,1783.03135261724
"Nivolumab_Monkey_Dose0.3","Nivolumab","82",0.3,1754.63494263726
"Nivolumab_Monkey_Dose0.3","Nivolumab","83",0.3,1301.97124378912
"Nivolumab_Monkey_Dose0.3","Nivolumab","84",0.3,1515.24981416646
"Nivolumab_Monkey_Dose0.3","Nivolumab","85",0.3,1469.9727172065
"Nivolumab_Monkey_Dose0.3","Nivolumab","86",0.3,1679.7342344269
"Nivolumab_Monkey_Dose0.3","Nivolumab","87",0.3,1310.63781763733
"Nivolumab_Monkey_Dose0.3","Nivolumab","88",0.3,1769.17914612635
"Nivolumab_Monkey_Dose0.3","Nivolumab","89",0.3,1503.66565546001
"Nivolumab_Monkey_Dose0.3","Nivolumab","9",0.3,1502.54803742549
"Nivolumab_Monkey_Dose0.3","Nivolumab","90",0.3,1336.1491513564
"Nivolumab_Monkey_Dose0.3","Nivolumab","91",0.3,1828.01947579046
"Nivolumab_Monkey_Dose0.3","Nivolumab","92",0.3,1334.95108198957
"Nivolumab_Monkey_Dose0.3","Nivolumab","93",0.3,685.424965954442
"Nivolumab_Monkey_Dose0.3","Nivolumab","94",0.3,1673.3630327272
"Nivolumab_Monkey_Dose0.3","Nivolumab","95",0.3,1429.47958979602
"Nivolumab_Monkey_Dose0.3","Nivolumab","96",0.3,1615.51200499823
"Nivolumab_Monkey_Dose0.3","Nivolumab","97",0.3,1577.69373105388
"Nivolumab_Monkey_Dose0.3","Nivolumab","98",0.3,1673.09261200739
"Nivolumab_Monkey_Dose0.3","Nivolumab","99",0.3,1437.90099332343
"Nivolumab_Monkey_Dose10","Nivolumab","1",10,48704.2405920247
"Nivolumab_Monkey_Dose10","Nivolumab","10",10,60201.8746970328
"Nivolumab_Monkey_Dose10","Nivolumab","100",10,41126.7354206704
"Nivolumab_Monkey_Dose10","Nivolumab","11",10,44379.8808056886
"Nivolumab_Monkey_Dose10","Nivolumab","12",10,38750.0198652989
"Nivolumab_Monkey_Dose10","Nivolumab","13",10,59608.3661868465
"Nivolumab_Monkey_Dose10","Nivolumab","14",10,78102.4389465508
"Nivolumab_Monkey_Dose10","Nivolumab","15",10,51415.3694579966
"Nivolumab_Monkey_Dose10","Nivolumab","16",10,36884.7114829995
"Nivolumab_Monkey_Dose10","Nivolumab","17",10,56857.4778709798
"Nivolumab_Monkey_Dose10","Nivolumab","18",10,81366.9154694342
"Nivolumab_Monkey_Dose10","Nivolumab","19",10,39281.1853635686
"Nivolumab_Monkey_Dose10","Nivolumab","2",10,33845.5170724563
"Nivolumab_Monkey_Dose10","Nivolumab","20",10,49211.1304774818
"Nivolumab_Monkey_Dose10","Nivolumab","21",10,51150.3649406217
"Nivolumab_Monkey_Dose10","Nivolumab","22",10,37021.1759237849
"Nivolumab_Monkey_Dose10","Nivolumab","23",10,56668.0372721181
"Nivolumab_Monkey_Dose10","Nivolumab","24",10,49085.4885664013
"Nivolumab_Monkey_Dose10","Nivolumab","25",10,39468.852588284
"Nivolumab_Monkey_Dose10","Nivolumab","26",10,67709.7105563574
"Nivolumab_Monkey_Dose10","Nivolumab","27",10,50780.7366799855
"Nivolumab_Monkey_Dose10","Nivolumab","28",10,64742.5748546828
"Nivolumab_Monkey_Dose10","Nivolumab","29",10,56304.0013432189
"Nivolumab_Monkey_Dose10","Nivolumab","3",10,61298.3639353475
"Nivolumab_Monkey_Dose10","Nivolumab","30",10,40998.988435054
"Nivolumab_Monkey_Dose10","Nivolumab","31",10,46498.3427303817
"Nivolumab_Monkey_Dose10","Nivolumab","32",10,42360.312328234
"Nivolumab_Monkey_Dose10","Nivolumab","33",10,62899.6874637147
"Nivolumab_Monkey_Dose10","Nivolumab","34",10,42663.2946672551
"Nivolumab_Monkey_Dose10","Nivolumab","35",10,49541.3857701945
"Nivolumab_Monkey_Dose10","Nivolumab","36",10,55444.8992129954
"Nivolumab_Monkey_Dose10","Nivolumab","37",10,55646.7945511479
"Nivolumab_Monkey_Dose10","Nivolumab","38",10,46908.564176669
"Nivolumab_Monkey_Dose10","Nivolumab","39",10,54205.8301334807
"Nivolumab_Monkey_Dose10","Nivolumab","4",10,40864.7157414144
"Nivolumab_Monkey_Dose10","Nivolumab","40",10,41938.19858431
"Nivolumab_Monkey_Dose10","Nivolumab","41",10,40226.0316540721
"Nivolumab_Monkey_Dose10","Nivolumab","42",10,74211.512529989
"Nivolumab_Monkey_Dose10","Nivolumab","43",10,66374.4576347187
"Nivolumab_Monkey_Dose10","Nivolumab","44",10,30978.3098161371
"Nivolumab_Monkey_Dose10","Nivolumab","45",10,38311.9690557802
"Nivolumab_Monkey_Dose10","Nivolumab","46",10,51917.7140265369
"Nivolumab_Monkey_Dose10","Nivolumab","47",10,55231.7096282541
"Nivolumab_Monkey_Dose10","Nivolumab","48",10,33292.5944648296
"Nivolumab_Monkey_Dose10","Nivolumab","49",10,72724.2157591162
"Nivolumab_Monkey_Dose10","Nivolumab","5",10,57438.87205456
"Nivolumab_Monkey_Dose10","Nivolumab","50",10,58613.9746596812
"Nivolumab_Monkey_Dose10","Nivolumab","51",10,43868.3919788685
"Nivolumab_Monkey_Dose10","Nivolumab","52",10,40001.2903414121
"Nivolumab_Monkey_Dose10","Nivolumab","53",10,54442.2469659833
"Nivolumab_Monkey_Dose10","Nivolumab","54",10,41827.4629418887
"Nivolumab_Monkey_Dose10","Nivolumab","55",10,52623.8644860456
"Nivolumab_Monkey_Dose10","Nivolumab","56",10,56889.8077046808
"Nivolumab_Monkey_Dose10","Nivolumab","57",10,33879.1669226125
"Nivolumab_Monkey_Dose10","Nivolumab","58",10,54272.708374092
"Nivolumab_Monkey_Dose10","Nivolumab","59",10,53376.1467737454
"Nivolumab_Monkey_Dose10","Nivolumab","6",10,70768.7333305759
"Nivolumab_Monkey_Dose10","Nivolumab","60",10,40081.703052256
"Nivolumab_Monkey_Dose10","Nivolumab","61",10,41309.6475552313
"Nivolumab_Monkey_Dose10","Nivolumab","62",10,52060.1077423249
"Nivolumab_Monkey_Dose10","Nivolumab","63",10,56133.2684602601
"Nivolumab_Monkey_Dose10","Nivolumab","64",10,49946.9885325951
"Nivolumab_Monkey_Dose10","Nivolumab","65",10,60340.8304685868
"Nivolumab_Monkey_Dose10","Nivolumab","66",10,79756.6767397546
"Nivolumab_Monkey_Dose10","Nivolumab","67",10,60288.6772332943
"Nivolumab_Monkey_Dose10","Nivolumab","68",10,45087.6677247507
"Nivolumab_Monkey_Dose10","Nivolumab","69",10,52242.4805989458
"Nivolumab_Monkey_Dose10","Nivolumab","7",10,27949.5509656751
"Nivolumab_Monkey_Dose10","Nivolumab","70",10,37796.2238218283
"Nivolumab_Monkey_Dose10","Nivolumab","71",10,42670.9912681466
"Nivolumab_Monkey_Dose10","Nivolumab","72",10,41778.5404087643
"Nivolumab_Monkey_Dose10","Nivolumab","73",10,43613.250803686
"Nivolumab_Monkey_Dose10","Nivolumab","74",10,55812.3807700949
"Nivolumab_Monkey_Dose10","Nivolumab","75",10,34222.2932329754
"Nivolumab_Monkey_Dose10","Nivolumab","76",10,37647.1838495901
"Nivolumab_Monkey_Dose10","Nivolumab","77",10,44382.1689035308
"Nivolumab_Monkey_Dose10","Nivolumab","78",10,52145.3488527284
"Nivolumab_Monkey_Dose10","Nivolumab","79",10,32383.9915317195
"Nivolumab_Monkey_Dose10","Nivolumab","8",10,48877.4330333716
"Nivolumab_Monkey_Dose10","Nivolumab","80",10,52525.6543323578
"Nivolumab_Monkey_Dose10","Nivolumab","81",10,59535.8272949861
"Nivolumab_Monkey_Dose10","Nivolumab","82",10,58537.882963129
"Nivolumab_Monkey_Dose10","Nivolumab","83",10,43497.8988395048
"Nivolumab_Monkey_Dose10","Nivolumab","84",10,50562.9495122889
"Nivolumab_Monkey_Dose10","Nivolumab","85",10,49104.6327075527
"Nivolumab_Monkey_Dose10","Nivolumab","86",10,56135.1109967964
"Nivolumab_Monkey_Dose10","Nivolumab","87",10,43781.0927171136
"Nivolumab_Monkey_Dose10","Nivolumab","88",10,59095.0034633814
"Nivolumab_Monkey_Dose10","Nivolumab","89",10,50222.1327018619
"Nivolumab_Monkey_Dose10","Nivolumab","9",10,50209.4124855206
"Nivolumab_Monkey_Dose10","Nivolumab","90",10,44651.5586439537
"Nivolumab_Monkey_Dose10","Nivolumab","91",10,61018.9044782476
"Nivolumab_Monkey_Dose10","Nivolumab","92",10,44611.4484460187
"Nivolumab_Monkey_Dose10","Nivolumab","93",10,22880.3325028225
"Nivolumab_Monkey_Dose10","Nivolumab","94",10,55853.8854340148
"Nivolumab_Monkey_Dose10","Nivolumab","95",10,47891.7608934351
"Nivolumab_Monkey_Dose10","Nivolumab","96",10,53908.0516253232
"Nivolumab_Monkey_Dose10","Nivolumab","97",10,52750.5634981488
"Nivolumab_Monkey_Dose10","Nivolumab","98",10,55919.6707341945
"Nivolumab_Monkey_Dose10","Nivolumab","99",10,48026.9776925268
"Nivolumab_Monkey_Dose3","Nivolumab","1",3,14609.5814845519
"Nivolumab_Monkey_Dose3","Nivolumab","10",3,18059.0460246323
"Nivolumab_Monkey_Dose3","Nivolumab","100",3,12336.661609211
"Nivolumab_Monkey_Dose3","Nivolumab","11",3,13311.6021191021
"Nivolumab_Monkey_Dose3","Nivolumab","12",3,11622.9921738087
"Nivolumab_Monkey_Dose3","Nivolumab","13",3,17880.265112515
"Nivolumab_Monkey_Dose3","Nivolumab","14",3,23421.8088470944
"Nivolumab_Monkey_Dose3","Nivolumab","15",3,15423.4667688086
"Nivolumab_Monkey_Dose3","Nivolumab","16",3,11064.1952772275
"Nivolumab_Monkey_Dose3","Nivolumab","17",3,17055.5689065152
"Nivolumab_Monkey_Dose3","Nivolumab","18",3,24406.6435134721
"Nivolumab_Monkey_Dose3","Nivolumab","19",3,11783.7832694718
"Nivolumab_Monkey_Dose3","Nivolumab","2",3,10152.416799944
"Nivolumab_Monkey_Dose3","Nivolumab","20",3,14761.3669432085
"Nivolumab_Monkey_Dose3","Nivolumab","21",3,15343.1739051268
"Nivolumab_Monkey_Dose3","Nivolumab","22",3,11104.1311408189
"Nivolumab_Monkey_Dose3","Nivolumab","23",3,16997.2946410045
"Nivolumab_Monkey_Dose3","Nivolumab","24",3,14724.1105293721
"Nivolumab_Monkey_Dose3","Nivolumab","25",3,11839.1604671323
"Nivolumab_Monkey_Dose3","Nivolumab","26",3,20309.2094199176
"Nivolumab_Monkey_Dose3","Nivolumab","27",3,15233.1668668267
"Nivolumab_Monkey_Dose3","Nivolumab","28",3,19421.2128496751
"Nivolumab_Monkey_Dose3","Nivolumab","29",3,16884.8759401266
"Nivolumab_Monkey_Dose3","Nivolumab","3",3,18384.8374642298
"Nivolumab_Monkey_Dose3","Nivolumab","30",3,12295.8928962404
"Nivolumab_Monkey_Dose3","Nivolumab","31",3,13947.539287439
"Nivolumab_Monkey_Dose3","Nivolumab","32",3,12705.8294190927
"Nivolumab_Monkey_Dose3","Nivolumab","33",3,18868.0033924199
"Nivolumab_Monkey_Dose3","Nivolumab","34",3,12797.385600355
"Nivolumab_Monkey_Dose3","Nivolumab","35",3,14861.5116435764
"Nivolumab_Monkey_Dose3","Nivolumab","36",3,16632.5411704804
"Nivolumab_Monkey_Dose3","Nivolumab","37",3,16692.0778683206
"Nivolumab_Monkey_Dose3","Nivolumab","38",3,14070.2206842186
"Nivolumab_Monkey_Dose3","Nivolumab","39",3,16259.0881140113
"Nivolumab_Monkey_Dose3","Nivolumab","4",3,12257.3468889508
"Nivolumab_Monkey_Dose3","Nivolumab","40",3,12580.2841429626
"Nivolumab_Monkey_Dose3","Nivolumab","41",3,12060.9566238051
"Nivolumab_Monkey_Dose3","Nivolumab","42",3,22260.4623583653
"Nivolumab_Monkey_Dose3","Nivolumab","43",3,19907.9515312051
"Nivolumab_Monkey_Dose3","Nivolumab","44",3,9291.07607274094
"Nivolumab_Monkey_Dose3","Nivolumab","45",3,11492.7744813879
"Nivolumab_Monkey_Dose3","Nivolumab","46",3,15572.2653669855
"Nivolumab_Monkey_Dose3","Nivolumab","47",3,16556.4018505455
"Nivolumab_Monkey_Dose3","Nivolumab","48",3,9987.33998594915
"Nivolumab_Monkey_Dose3","Nivolumab","49",3,21813.4631698114
"Nivolumab_Monkey_Dose3","Nivolumab","5",3,17230.8875885633
"Nivolumab_Monkey_Dose3","Nivolumab","50",3,17580.4106847839
"Nivolumab_Monkey_Dose3","Nivolumab","51",3,13158.2199542291
"Nivolumab_Monkey_Dose3","Nivolumab","52",3,11998.3261757621
"Nivolumab_Monkey_Dose3","Nivolumab","53",3,16330.2879660741
"Nivolumab_Monkey_Dose3","Nivolumab","54",3,12545.4001770677
"Nivolumab_Monkey_Dose3","Nivolumab","55",3,15785.0171241264
"Nivolumab_Monkey_Dose3","Nivolumab","56",3,17064.778157476
"Nivolumab_Monkey_Dose3","Nivolumab","57",3,10162.528853776
"Nivolumab_Monkey_Dose3","Nivolumab","58",3,16277.2334058118
"Nivolumab_Monkey_Dose3","Nivolumab","59",3,16009.4670477061
"Nivolumab_Monkey_Dose3","Nivolumab","6",3,21225.8721655865
"Nivolumab_Monkey_Dose3","Nivolumab","60",3,12022.2268150483
"Nivolumab_Monkey_Dose3","Nivolumab","61",3,12390.6971060155
"Nivolumab_Monkey_Dose3","Nivolumab","62",3,15615.4523149555
"Nivolumab_Monkey_Dose3","Nivolumab","63",3,16836.3932626846
"Nivolumab_Monkey_Dose3","Nivolumab","64",3,14982.2032054564
"Nivolumab_Monkey_Dose3","Nivolumab","65",3,18097.400236054
"Nivolumab_Monkey_Dose3","Nivolumab","66",3,23922.7088807826
"Nivolumab_Monkey_Dose3","Nivolumab","67",3,18082.1693247586
"Nivolumab_Monkey_Dose3","Nivolumab","68",3,13525.2748981331
"Nivolumab_Monkey_Dose3","Nivolumab","69",3,15668.9751460561
"Nivolumab_Monkey_Dose3","Nivolumab","7",3,8384.28294212304
"Nivolumab_Monkey_Dose3","Nivolumab","70",3,11338.6667085926
"Nivolumab_Monkey_Dose3","Nivolumab","71",3,12798.7440582275
"Nivolumab_Monkey_Dose3","Nivolumab","72",3,12533.4896202669
"Nivolumab_Monkey_Dose3","Nivolumab","73",3,13083.0165543852
"Nivolumab_Monkey_Dose3","Nivolumab","74",3,16742.4849250945
"Nivolumab_Monkey_Dose3","Nivolumab","75",3,10264.9877304046
"Nivolumab_Monkey_Dose3","Nivolumab","76",3,11284.7394934792
"Nivolumab_Monkey_Dose3","Nivolumab","77",3,13312.8084283654
"Nivolumab_Monkey_Dose3","Nivolumab","78",3,15640.1773339057
"Nivolumab_Monkey_Dose3","Nivolumab","79",3,9712.63183454282
"Nivolumab_Monkey_Dose3","Nivolumab","8",3,14661.2263413934
"Nivolumab_Monkey_Dose3","Nivolumab","80",3,15755.563399806
"Nivolumab_Monkey_Dose3","Nivolumab","81",3,17858.3396866398
"Nivolumab_Monkey_Dose3","Nivolumab","82",3,17560.2115948325
"Nivolumab_Monkey_Dose3","Nivolumab","83",3,13046.7787941662
"Nivolumab_Monkey_Dose3","Nivolumab","84",3,15167.5636765429
"Nivolumab_Monkey_Dose3","Nivolumab","85",3,14728.6075504744
"Nivolumab_Monkey_Dose3","Nivolumab","86",3,16836.9431085623
"Nivolumab_Monkey_Dose3","Nivolumab","87",3,13132.1527837398
"Nivolumab_Monkey_Dose3","Nivolumab","88",3,17725.6802527634
"Nivolumab_Monkey_Dose3","Nivolumab","89",3,15064.254102803
"Nivolumab_Monkey_Dose3","Nivolumab","9",3,15059.9592626589
"Nivolumab_Monkey_Dose3","Nivolumab","90",3,13392.7616235851
"Nivolumab_Monkey_Dose3","Nivolumab","91",3,18303.7088039158
"Nivolumab_Monkey_Dose3","Nivolumab","92",3,13380.8601549569
"Nivolumab_Monkey_Dose3","Nivolumab","93",3,6863.01321499628
"Nivolumab_Monkey_Dose3","Nivolumab","94",3,16754.3797421319
"Nivolumab_Monkey_Dose3","Nivolumab","95",3,14361.403346478
"Nivolumab_Monkey_Dose3","Nivolumab","96",3,16171.0789723564
"Nivolumab_Monkey_Dose3","Nivolumab","97",3,15821.3058692089
"Nivolumab_Monkey_Dose3","Nivolumab","98",3,16772.3079639859
"Nivolumab_Monkey_Dose3","Nivolumab","99",3,14405.7830451194
"Pembrolizumab_Monkey_Dose0.3","Pembrolizumab","1",0.3,1313.96248310111
"Pembrolizumab_Monkey_Dose0.3","Pembrolizumab","10",0.3,1510.20873567936
"Pembrolizumab_Monkey_Dose0.3","Pembrolizumab","100",0.3,1155.41914591992
"Pembrolizumab_Monkey_Dose0.3","Pembrolizumab","11",0.3,1925.73140096942
"Pembrolizumab_Monkey_Dose0.3","Pembrolizumab","12",0.3,1641.49780059873
"Pembrolizumab_Monkey_Dose0.3","Pembrolizumab","13",0.3,1519.80950646042
"Pembrolizumab_Monkey_Dose0.3","Pembrolizumab","14",0.3,1831.92001466893
"Pembrolizumab_Monkey_Dose0.3","Pembrolizumab","15",0.3,1445.39700609826
"Pembrolizumab_Monkey_Dose0.3","Pembrolizumab","16",0.3,1234.88775651267
"Pembrolizumab_Monkey_Dose0.3","Pembrolizumab","17",0.3,1322.88813595207
"Pembrolizumab_Monkey_Dose0.3","Pembrolizumab","18",0.3,1067.82109077686
"Pembrolizumab_Monkey_Dose0.3","Pembrolizumab","19",0.3,1182.61243388532
"Pembrolizumab_Monkey_Dose0.3","Pembrolizumab","2",0.3,1548.72478796695
"Pembrolizumab_Monkey_Dose0.3","Pembrolizumab","20",0.3,1635.29379662799
"Pembrolizumab_Monkey_Dose0.3","Pembrolizumab","21",0.3,2283.70394210333
"Pembrolizumab_Monkey_Dose0.3","Pembrolizumab","22",0.3,1260.54581944508
"Pembrolizumab_Monkey_Dose0.3","Pembrolizumab","23",0.3,1923.2890727252
"Pembrolizumab_Monkey_Dose0.3","Pembrolizumab","24",0.3,954.373440329934
"Pembrolizumab_Monkey_Dose0.3","Pembrolizumab","25",0.3,2545.20281078808
"Pembrolizumab_Monkey_Dose0.3","Pembrolizumab","26",0.3,1608.58499469214
"Pembrolizumab_Monkey_Dose0.3","Pembrolizumab","27",0.3,2106.02006127948
"Pembrolizumab_Monkey_Dose0.3","Pembrolizumab","28",0.3,1570.29424859702
"Pembrolizumab_Monkey_Dose0.3","Pembrolizumab","29",0.3,1515.82353454318
"Pembrolizumab_Monkey_Dose0.3","Pembrolizumab","3",0.3,1184.54919173952
"Pembrolizumab_Monkey_Dose0.3","Pembrolizumab","30",0.3,1616.57399485989
"Pembrolizumab_Monkey_Dose0.3","Pembrolizumab","31",0.3,2095.80435589154
"Pembrolizumab_Monkey_Dose0.3","Pembrolizumab","32",0.3,1604.38330513581
"Pembrolizumab_Monkey_Dose0.3","Pembrolizumab","33",0.3,1112.38102598193
"Pembrolizumab_Monkey_Dose0.3","Pembrolizumab","34",0.3,1354.04386673074
"Pembrolizumab_Monkey_Dose0.3","Pembrolizumab","35",0.3,1029.82138197063
"Pembrolizumab_Monkey_Dose0.3","Pembrolizumab","36",0.3,1459.79119853764
"Pembrolizumab_Monkey_Dose0.3","Pembrolizumab","37",0.3,1152.0469846512
"Pembrolizumab_Monkey_Dose0.3","Pembrolizumab","38",0.3,1427.15786039168
"Pembrolizumab_Monkey_Dose0.3","Pembrolizumab","39",0.3,1178.16958510396
"Pembrolizumab_Monkey_Dose0.3","Pembrolizumab","4",0.3,1432.56276645411
"Pembrolizumab_Monkey_Dose0.3","Pembrolizumab","40",0.3,1252.82228029096
"Pembrolizumab_Monkey_Dose0.3","Pembrolizumab","41",0.3,2028.23953427146
"Pembrolizumab_Monkey_Dose0.3","Pembrolizumab","42",0.3,974.22039256145
"Pembrolizumab_Monkey_Dose0.3","Pembrolizumab","43",0.3,1097.93039433865
"Pembrolizumab_Monkey_Dose0.3","Pembrolizumab","44",0.3,1568.34953076052
"Pembrolizumab_Monkey_Dose0.3","Pembrolizumab","45",0.3,1691.74889047188
"Pembrolizumab_Monkey_Dose0.3","Pembrolizumab","46",0.3,1610.52859091128
"Pembrolizumab_Monkey_Dose0.3","Pembrolizumab","47",0.3,1473.41521531466
"Pembrolizumab_Monkey_Dose0.3","Pembrolizumab","48",0.3,1601.03323115668
"Pembrolizumab_Monkey_Dose0.3","Pembrolizumab","49",0.3,1468.72265011226
"Pembrolizumab_Monkey_Dose0.3","Pembrolizumab","5",0.3,913.062520640781
"Pembrolizumab_Monkey_Dose0.3","Pembrolizumab","50",0.3,1412.32898971987
"Pembrolizumab_Monkey_Dose0.3","Pembrolizumab","51",0.3,1754.52913089046
"Pembrolizumab_Monkey_Dose0.3","Pembrolizumab","52",0.3,1551.50345477802
"Pembrolizumab_Monkey_Dose0.3","Pembrolizumab","53",0.3,1073.16339720514
"Pembrolizumab_Monkey_Dose0.3","Pembrolizumab","54",0.3,1260.40681014463
"Pembrolizumab_Monkey_Dose0.3","Pembrolizumab","55",0.3,1365.18957493005
"Pembrolizumab_Monkey_Dose0.3","Pembrolizumab","56",0.3,1802.19861659108
"Pembrolizumab_Monkey_Dose0.3","Pembrolizumab","57",0.3,1290.43246984484
"Pembrolizumab_Monkey_Dose0.3","Pembrolizumab","58",0.3,1416.4910689675
"Pembrolizumab_Monkey_Dose0.3","Pembrolizumab","59",0.3,1601.94352732736
"Pembrolizumab_Monkey_Dose0.3","Pembrolizumab","6",0.3,1414.63826636151
"Pembrolizumab_Monkey_Dose0.3","Pembrolizumab","60",0.3,1606.0043896697
"Pembrolizumab_Monkey_Dose0.3","Pembrolizumab","61",0.3,1953.21721119456
"Pembrolizumab_Monkey_Dose0.3","Pembrolizumab","62",0.3,1668.85738949528
"Pembrolizumab_Monkey_Dose0.3","Pembrolizumab","63",0.3,1875.97343456473
"Pembrolizumab_Monkey_Dose0.3","Pembrolizumab","64",0.3,1424.37587001247
"Pembrolizumab_Monkey_Dose0.3","Pembrolizumab","65",0.3,1045.17336573724
"Pembrolizumab_Monkey_Dose0.3","Pembrolizumab","66",0.3,1573.48735998081
"Pembrolizumab_Monkey_Dose0.3","Pembrolizumab","67",0.3,1502.97893362208
"Pembrolizumab_Monkey_Dose0.3","Pembrolizumab","68",0.3,2297.73637260329
"Pembrolizumab_Monkey_Dose0.3","Pembrolizumab","69",0.3,1813.77602732545
"Pembrolizumab_Monkey_Dose0.3","Pembrolizumab","7",0.3,1709.14607790617
"Pembrolizumab_Monkey_Dose0.3","Pembrolizumab","70",0.3,1726.98367383129
"Pembrolizumab_Monkey_Dose0.3","Pembrolizumab","71",0.3,1719.49704551625
"Pembrolizumab_Monkey_Dose0.3","Pembrolizumab","72",0.3,1233.30929567737
"Pembrolizumab_Monkey_Dose0.3","Pembrolizumab","73",0.3,1660.33199256605
"Pembrolizumab_Monkey_Dose0.3","Pembrolizumab","74",0.3,1633.11259156971
"Pembrolizumab_Monkey_Dose0.3","Pembrolizumab","75",0.3,1461.74426941193
"Pembrolizumab_Monkey_Dose0.3","Pembrolizumab","76",0.3,1549.61297881646
"Pembrolizumab_Monkey_Dose0.3","Pembrolizumab","77",0.3,1687.81910949748
"Pembrolizumab_Monkey_Dose0.3","Pembrolizumab","78",0.3,1674.26152318859
"Pembrolizumab_Monkey_Dose0.3","Pembrolizumab","79",0.3,1324.21708999238
"Pembrolizumab_Monkey_Dose0.3","Pembrolizumab","8",0.3,1243.6210972982
"Pembrolizumab_Monkey_Dose0.3","Pembrolizumab","80",0.3,1204.01519487633
"Pembrolizumab_Monkey_Dose0.3","Pembrolizumab","81",0.3,1586.78000281174
"Pembrolizumab_Monkey_Dose0.3","Pembrolizumab","82",0.3,1962.82014089515
"Pembrolizumab_Monkey_Dose0.3","Pembrolizumab","83",0.3,1504.15075582812
"Pembrolizumab_Monkey_Dose0.3","Pembrolizumab","84",0.3,877.142090657089
"Pembrolizumab_Monkey_Dose0.3","Pembrolizumab","85",0.3,1862.18126471707
"Pembrolizumab_Monkey_Dose0.3","Pembrolizumab","86",0.3,1730.47752732539
"Pembrolizumab_Monkey_Dose0.3","Pembrolizumab","87",0.3,1273.74779920945
"Pembrolizumab_Monkey_Dose0.3","Pembrolizumab","88",0.3,2113.63916707552
"Pembrolizumab_Monkey_Dose0.3","Pembrolizumab","89",0.3,1180.53458516432
"Pembrolizumab_Monkey_Dose0.3","Pembrolizumab","9",0.3,744.567697323762
"Pembrolizumab_Monkey_Dose0.3","Pembrolizumab","90",0.3,1120.52638193656
"Pembrolizumab_Monkey_Dose0.3","Pembrolizumab","91",0.3,2151.66683536955
"Pembrolizumab_Monkey_Dose0.3","Pembrolizumab","92",0.3,1864.75127892083
"Pembrolizumab_Monkey_Dose0.3","Pembrolizumab","93",0.3,1578.83798428
"Pembrolizumab_Monkey_Dose0.3","Pembrolizumab","94",0.3,1623.39292141882
"Pembrolizumab_Monkey_Dose0.3","Pembrolizumab","95",0.3,1118.27592701516
"Pembrolizumab_Monkey_Dose0.3","Pembrolizumab","96",0.3,818.207262066942
"Pembrolizumab_Monkey_Dose0.3","Pembrolizumab","97",0.3,1238.76749863929
"Pembrolizumab_Monkey_Dose0.3","Pembrolizumab","98",0.3,1239.2072264823
"Pembrolizumab_Monkey_Dose0.3","Pembrolizumab","99",0.3,1967.96928595309
"Pembrolizumab_Monkey_Dose10","Pembrolizumab","1",10,43821.6188165686
"Pembrolizumab_Monkey_Dose10","Pembrolizumab","10",10,50403.7023759477
"Pembrolizumab_Monkey_Dose10","Pembrolizumab","100",10,38543.4203011975
"Pembrolizumab_Monkey_Dose10","Pembrolizumab","11",10,64200.1962763008
"Pembrolizumab_Monkey_Dose10","Pembrolizumab","12",10,54745.8157619885
"Pembrolizumab_Monkey_Dose10","Pembrolizumab","13",10,50694.1289082401
"Pembrolizumab_Monkey_Dose10","Pembrolizumab","14",10,61100.2838417412
"Pembrolizumab_Monkey_Dose10","Pembrolizumab","15",10,48194.0898324867
"Pembrolizumab_Monkey_Dose10","Pembrolizumab","16",10,41219.6578811587
"Pembrolizumab_Monkey_Dose10","Pembrolizumab","17",10,44103.2319056302
"Pembrolizumab_Monkey_Dose10","Pembrolizumab","18",10,35560.9957123891
"Pembrolizumab_Monkey_Dose10","Pembrolizumab","19",10,39380.0226145416
"Pembrolizumab_Monkey_Dose10","Pembrolizumab","2",10,51733.1748732685
"Pembrolizumab_Monkey_Dose10","Pembrolizumab","20",10,54550.6970491513
"Pembrolizumab_Monkey_Dose10","Pembrolizumab","21",10,76253.3687846307
"Pembrolizumab_Monkey_Dose10","Pembrolizumab","22",10,42113.5628699808
"Pembrolizumab_Monkey_Dose10","Pembrolizumab","23",10,64133.6350940994
"Pembrolizumab_Monkey_Dose10","Pembrolizumab","24",10,31799.893891997
"Pembrolizumab_Monkey_Dose10","Pembrolizumab","25",10,84900.7884258511
"Pembrolizumab_Monkey_Dose10","Pembrolizumab","26",10,53658.2318745583
"Pembrolizumab_Monkey_Dose10","Pembrolizumab","27",10,70238.929516761
"Pembrolizumab_Monkey_Dose10","Pembrolizumab","28",10,52374.0292900382
"Pembrolizumab_Monkey_Dose10","Pembrolizumab","29",10,50528.773728899
"Pembrolizumab_Monkey_Dose10","Pembrolizumab","3",10,39469.4491946825
"Pembrolizumab_Monkey_Dose10","Pembrolizumab","30",10,53911.8170569952
"Pembrolizumab_Monkey_Dose10","Pembrolizumab","31",10,69868.3808855811
"Pembrolizumab_Monkey_Dose10","Pembrolizumab","32",10,53541.2993851857
"Pembrolizumab_Monkey_Dose10","Pembrolizumab","33",10,37064.4853841029
"Pembrolizumab_Monkey_Dose10","Pembrolizumab","34",10,45189.6923075941
"Pembrolizumab_Monkey_Dose10","Pembrolizumab","35",10,34323.621542339
"Pembrolizumab_Monkey_Dose10","Pembrolizumab","36",10,48698.3338218913
"Pembrolizumab_Monkey_Dose10","Pembrolizumab","37",10,38407.7887451673
"Pembrolizumab_Monkey_Dose10","Pembrolizumab","38",10,47631.8139962664
"Pembrolizumab_Monkey_Dose10","Pembrolizumab","39",10,39300.921561771
"Pembrolizumab_Monkey_Dose10","Pembrolizumab","4",10,47773.5935792006
"Pembrolizumab_Monkey_Dose10","Pembrolizumab","40",10,41759.3506664849
"Pembrolizumab_Monkey_Dose10","Pembrolizumab","41",10,67605.0637863539
"Pembrolizumab_Monkey_Dose10","Pembrolizumab","42",10,32502.2276551468
"Pembrolizumab_Monkey_Dose10","Pembrolizumab","43",10,36685.3026060641
"Pembrolizumab_Monkey_Dose10","Pembrolizumab","44",10,52297.3226492042
"Pembrolizumab_Monkey_Dose10","Pembrolizumab","45",10,56421.6657489646
"Pembrolizumab_Monkey_Dose10","Pembrolizumab","46",10,53725.422943728
"Pembrolizumab_Monkey_Dose10","Pembrolizumab","47",10,49148.4758182905
"Pembrolizumab_Monkey_Dose10","Pembrolizumab","48",10,53381.4235248061
"Pembrolizumab_Monkey_Dose10","Pembrolizumab","49",10,48994.1303737925
"Pembrolizumab_Monkey_Dose10","Pembrolizumab","5",10,30516.2225694526
"Pembrolizumab_Monkey_Dose10","Pembrolizumab","50",10,47125.1511627116
"Pembrolizumab_Monkey_Dose10","Pembrolizumab","51",10,58523.1284731956
"Pembrolizumab_Monkey_Dose10","Pembrolizumab","52",10,51722.3666249609
"Pembrolizumab_Monkey_Dose10","Pembrolizumab","53",10,35758.7403101184
"Pembrolizumab_Monkey_Dose10","Pembrolizumab","54",10,42028.8874448725
"Pembrolizumab_Monkey_Dose10","Pembrolizumab","55",10,45521.9869955955
"Pembrolizumab_Monkey_Dose10","Pembrolizumab","56",10,60106.8719418477
"Pembrolizumab_Monkey_Dose10","Pembrolizumab","57",10,43017.8238673913
"Pembrolizumab_Monkey_Dose10","Pembrolizumab","58",10,47323.0465911277
"Pembrolizumab_Monkey_Dose10","Pembrolizumab","59",10,53455.9938811772
"Pembrolizumab_Monkey_Dose10","Pembrolizumab","6",10,47155.4404548347
"Pembrolizumab_Monkey_Dose10","Pembrolizumab","60",10,53583.7274529236
"Pembrolizumab_Monkey_Dose10","Pembrolizumab","61",10,65098.5887925817
"Pembrolizumab_Monkey_Dose10","Pembrolizumab","62",10,55652.9467715151
"Pembrolizumab_Monkey_Dose10","Pembrolizumab","63",10,62560.2284963165
"Pembrolizumab_Monkey_Dose10","Pembrolizumab","64",10,47579.2326571446
"Pembrolizumab_Monkey_Dose10","Pembrolizumab","65",10,34855.562975508
"Pembrolizumab_Monkey_Dose10","Pembrolizumab","66",10,52479.3184940245
"Pembrolizumab_Monkey_Dose10","Pembrolizumab","67",10,50147.512294093
"Pembrolizumab_Monkey_Dose10","Pembrolizumab","68",10,76665.0887807549
"Pembrolizumab_Monkey_Dose10","Pembrolizumab","69",10,60487.4149059487
"Pembrolizumab_Monkey_Dose10","Pembrolizumab","7",10,57011.4944503719
"Pembrolizumab_Monkey_Dose10","Pembrolizumab","70",10,57586.2986839171
"Pembrolizumab_Monkey_Dose10","Pembrolizumab","71",10,57356.1195701467
"Pembrolizumab_Monkey_Dose10","Pembrolizumab","72",10,41219.9415702901
"Pembrolizumab_Monkey_Dose10","Pembrolizumab","73",10,55377.4783704338
"Pembrolizumab_Monkey_Dose10","Pembrolizumab","74",10,54493.5617840813
"Pembrolizumab_Monkey_Dose10","Pembrolizumab","75",10,48786.4518346562
"Pembrolizumab_Monkey_Dose10","Pembrolizumab","76",10,51714.3813558449
"Pembrolizumab_Monkey_Dose10","Pembrolizumab","77",10,56275.2684719164
"Pembrolizumab_Monkey_Dose10","Pembrolizumab","78",10,55856.328157928
"Pembrolizumab_Monkey_Dose10","Pembrolizumab","79",10,44179.0049479416
"Pembrolizumab_Monkey_Dose10","Pembrolizumab","8",10,41594.6165512588
"Pembrolizumab_Monkey_Dose10","Pembrolizumab","80",10,40142.5583724445
"Pembrolizumab_Monkey_Dose10","Pembrolizumab","81",10,52934.0166949641
"Pembrolizumab_Monkey_Dose10","Pembrolizumab","82",10,65455.2614964451
"Pembrolizumab_Monkey_Dose10","Pembrolizumab","83",10,50169.9745035562
"Pembrolizumab_Monkey_Dose10","Pembrolizumab","84",10,29227.076052954
"Pembrolizumab_Monkey_Dose10","Pembrolizumab","85",10,62101.2756874437
"Pembrolizumab_Monkey_Dose10","Pembrolizumab","86",10,57689.4949021069
"Pembrolizumab_Monkey_Dose10","Pembrolizumab","87",10,42461.6077044432
"Pembrolizumab_Monkey_Dose10","Pembrolizumab","88",10,70529.5160197293
"Pembrolizumab_Monkey_Dose10","Pembrolizumab","89",10,39341.48832898
"Pembrolizumab_Monkey_Dose10","Pembrolizumab","9",10,24787.7576537449
"Pembrolizumab_Monkey_Dose10","Pembrolizumab","90",10,37365.7016623607
"Pembrolizumab_Monkey_Dose10","Pembrolizumab","91",10,71979.5393396451
"Pembrolizumab_Monkey_Dose10","Pembrolizumab","92",10,62166.3382854638
"Pembrolizumab_Monkey_Dose10","Pembrolizumab","93",10,52644.6981761898
"Pembrolizumab_Monkey_Dose10","Pembrolizumab","94",10,54097.3757387013
"Pembrolizumab_Monkey_Dose10","Pembrolizumab","95",10,37272.8165807976
"Pembrolizumab_Monkey_Dose10","Pembrolizumab","96",10,27281.4762966512
"Pembrolizumab_Monkey_Dose10","Pembrolizumab","97",10,41302.4213548895
"Pembrolizumab_Monkey_Dose10","Pembrolizumab","98",10,41332.9310269363
"Pembrolizumab_Monkey_Dose10","Pembrolizumab","99",10,65682.682492564
"Pembrolizumab_Monkey_Dose3","Pembrolizumab","1",3,13145.9746595132
"Pembrolizumab_Monkey_Dose3","Pembrolizumab","10",3,15119.6514834659
"Pembrolizumab_Monkey_Dose3","Pembrolizumab","100",3,11562.3655352483
"Pembrolizumab_Monkey_Dose3","Pembrolizumab","11",3,19259.8613886306
"Pembrolizumab_Monkey_Dose3","Pembrolizumab","12",3,16423.0977428355
"Pembrolizumab_Monkey_Dose3","Pembrolizumab","13",3,15207.4903573072
"Pembrolizumab_Monkey_Dose3","Pembrolizumab","14",3,18329.2728451518
"Pembrolizumab_Monkey_Dose3","Pembrolizumab","15",3,14457.9384412969
"Pembrolizumab_Monkey_Dose3","Pembrolizumab","16",3,12364.6338429803
"Pembrolizumab_Monkey_Dose3","Pembrolizumab","17",3,13230.8217192999
"Pembrolizumab_Monkey_Dose3","Pembrolizumab","18",3,10669.4149130522
"Pembrolizumab_Monkey_Dose3","Pembrolizumab","19",3,11815.0411217177
"Pembrolizumab_Monkey_Dose3","Pembrolizumab","2",3,15517.4776667499
"Pembrolizumab_Monkey_Dose3","Pembrolizumab","20",3,16364.3113951736
"Pembrolizumab_Monkey_Dose3","Pembrolizumab","21",3,22873.1630060744
"Pembrolizumab_Monkey_Dose3","Pembrolizumab","22",3,12631.9643644056
"Pembrolizumab_Monkey_Dose3","Pembrolizumab","23",3,19239.5672761325
"Pembrolizumab_Monkey_Dose3","Pembrolizumab","24",3,9540.37921373276
"Pembrolizumab_Monkey_Dose3","Pembrolizumab","25",3,25468.8994274095
"Pembrolizumab_Monkey_Dose3","Pembrolizumab","26",3,16096.5777995242
"Pembrolizumab_Monkey_Dose3","Pembrolizumab","27",3,21070.8393609914
"Pembrolizumab_Monkey_Dose3","Pembrolizumab","28",3,15711.5202249741
"Pembrolizumab_Monkey_Dose3","Pembrolizumab","29",3,15158.6024167007
"Pembrolizumab_Monkey_Dose3","Pembrolizumab","3",3,11841.3509055683
"Pembrolizumab_Monkey_Dose3","Pembrolizumab","30",3,16172.9694119528
"Pembrolizumab_Monkey_Dose3","Pembrolizumab","31",3,20960.3334674435
"Pembrolizumab_Monkey_Dose3","Pembrolizumab","32",3,16061.0309198112
"Pembrolizumab_Monkey_Dose3","Pembrolizumab","33",3,11119.7180194643
"Pembrolizumab_Monkey_Dose3","Pembrolizumab","34",3,13555.6736167356
"Pembrolizumab_Monkey_Dose3","Pembrolizumab","35",3,10297.1861785212
"Pembrolizumab_Monkey_Dose3","Pembrolizumab","36",3,14608.6155903844
"Pembrolizumab_Monkey_Dose3","Pembrolizumab","37",3,11522.2036241539
"Pembrolizumab_Monkey_Dose3","Pembrolizumab","38",3,14288.2159124159
"Pembrolizumab_Monkey_Dose3","Pembrolizumab","39",3,11789.6143557066
"Pembrolizumab_Monkey_Dose3","Pembrolizumab","4",3,14331.5959314564
"Pembrolizumab_Monkey_Dose3","Pembrolizumab","40",3,12527.8724363772
"Pembrolizumab_Monkey_Dose3","Pembrolizumab","41",3,20281.5923421294
"Pembrolizumab_Monkey_Dose3","Pembrolizumab","42",3,9750.02683311629
"Pembrolizumab_Monkey_Dose3","Pembrolizumab","43",3,11003.5790004084
"Pembrolizumab_Monkey_Dose3","Pembrolizumab","44",3,15688.7795657166
"Pembrolizumab_Monkey_Dose3","Pembrolizumab","45",3,16925.8427992778
"Pembrolizumab_Monkey_Dose3","Pembrolizumab","46",3,16116.6953155057
"Pembrolizumab_Monkey_Dose3","Pembrolizumab","47",3,14743.767326231
"Pembrolizumab_Monkey_Dose3","Pembrolizumab","48",3,16014.1324280091
"Pembrolizumab_Monkey_Dose3","Pembrolizumab","49",3,14697.3983817707
"Pembrolizumab_Monkey_Dose3","Pembrolizumab","5",3,9152.96981628182
"Pembrolizumab_Monkey_Dose3","Pembrolizumab","50",3,14136.4923485978
"Pembrolizumab_Monkey_Dose3","Pembrolizumab","51",3,17556.0789073891
"Pembrolizumab_Monkey_Dose3","Pembrolizumab","52",3,15516.5882736582
"Pembrolizumab_Monkey_Dose3","Pembrolizumab","53",3,10728.0096311122
"Pembrolizumab_Monkey_Dose3","Pembrolizumab","54",3,12608.3293793187
"Pembrolizumab_Monkey_Dose3","Pembrolizumab","55",3,13656.2507710249
"Pembrolizumab_Monkey_Dose3","Pembrolizumab","56",3,18031.3257774953
"Pembrolizumab_Monkey_Dose3","Pembrolizumab","57",3,12905.2867688847
"Pembrolizumab_Monkey_Dose3","Pembrolizumab","58",3,14194.5148856217
"Pembrolizumab_Monkey_Dose3","Pembrolizumab","59",3,16035.4668595674
"Pembrolizumab_Monkey_Dose3","Pembrolizumab","6",3,14146.6224139376
"Pembrolizumab_Monkey_Dose3","Pembrolizumab","60",3,16074.0074491862
"Pembrolizumab_Monkey_Dose3","Pembrolizumab","61",3,19529.7713384351
"Pembrolizumab_Monkey_Dose3","Pembrolizumab","62",3,16695.348211168
"Pembrolizumab_Monkey_Dose3","Pembrolizumab","63",3,18767.4578593549
"Pembrolizumab_Monkey_Dose3","Pembrolizumab","64",3,14271.5533480491
"Pembrolizumab_Monkey_Dose3","Pembrolizumab","65",3,10456.3082152847
"Pembrolizumab_Monkey_Dose3","Pembrolizumab","66",3,15743.1477736685
"Pembrolizumab_Monkey_Dose3","Pembrolizumab","67",3,15043.1830750519
"Pembrolizumab_Monkey_Dose3","Pembrolizumab","68",3,22997.9210254349
"Pembrolizumab_Monkey_Dose3","Pembrolizumab","69",3,18145.5939110454
"Pembrolizumab_Monkey_Dose3","Pembrolizumab","7",3,17102.5419167909
"Pembrolizumab_Monkey_Dose3","Pembrolizumab","70",3,17275.4442812754
"Pembrolizumab_Monkey_Dose3","Pembrolizumab","71",3,17205.9682040875
"Pembrolizumab_Monkey_Dose3","Pembrolizumab","72",3,12363.512848027
"Pembrolizumab_Monkey_Dose3","Pembrolizumab","73",3,16612.5155712314
"Pembrolizumab_Monkey_Dose3","Pembrolizumab","74",3,16346.7927062926
"Pembrolizumab_Monkey_Dose3","Pembrolizumab","75",3,14634.5725508768
"Pembrolizumab_Monkey_Dose3","Pembrolizumab","76",3,15512.9930099263
"Pembrolizumab_Monkey_Dose3","Pembrolizumab","77",3,16882.2613873571
"Pembrolizumab_Monkey_Dose3","Pembrolizumab","78",3,16755.8395547174
"Pembrolizumab_Monkey_Dose3","Pembrolizumab","79",3,13252.849800937
"Pembrolizumab_Monkey_Dose3","Pembrolizumab","8",3,12475.1806399699
"Pembrolizumab_Monkey_Dose3","Pembrolizumab","80",3,12042.5822008269
"Pembrolizumab_Monkey_Dose3","Pembrolizumab","81",3,15879.2975628354
"Pembrolizumab_Monkey_Dose3","Pembrolizumab","82",3,19635.973146109
"Pembrolizumab_Monkey_Dose3","Pembrolizumab","83",3,15050.2965009332
"Pembrolizumab_Monkey_Dose3","Pembrolizumab","84",3,8768.48584469066
"Pembrolizumab_Monkey_Dose3","Pembrolizumab","85",3,18629.7524994417
"Pembrolizumab_Monkey_Dose3","Pembrolizumab","86",3,17306.7006816785
"Pembrolizumab_Monkey_Dose3","Pembrolizumab","87",3,12738.4238157528
"Pembrolizumab_Monkey_Dose3","Pembrolizumab","88",3,21157.2017611951
"Pembrolizumab_Monkey_Dose3","Pembrolizumab","89",3,11802.6721208454
"Pembrolizumab_Monkey_Dose3","Pembrolizumab","9",3,7437.22557703996
"Pembrolizumab_Monkey_Dose3","Pembrolizumab","90",3,11209.3765377838
"Pembrolizumab_Monkey_Dose3","Pembrolizumab","91",3,21588.2183955646
"Pembrolizumab_Monkey_Dose3","Pembrolizumab","92",3,18649.7404428039
"Pembrolizumab_Monkey_Dose3","Pembrolizumab","93",3,15793.0306793633
"Pembrolizumab_Monkey_Dose3","Pembrolizumab","94",3,16229.5656637978
"Pembrolizumab_Monkey_Dose3","Pembrolizumab","95",3,11181.9789427176
"Pembrolizumab_Monkey_Dose3","Pembrolizumab","96",3,8184.26908704488
"Pembrolizumab_Monkey_Dose3","Pembrolizumab","97",3,12390.5132600431
"Pembrolizumab_Monkey_Dose3","Pembrolizumab","98",3,12399.3062676894
"Pembrolizumab_Monkey_Dose3","Pembrolizumab","99",3,19702.962721431
