"Scenario_name","Drug","IndividualId","Dose_mgkg","Rich_AUC_ug_h_mL"
"Atezolizumab_Monkey_Dose0.3","Atezolizumab","1",0.3,841.050993451338
"Atezolizumab_Monkey_Dose0.3","Atezolizumab","10",0.3,1386.67001056762
"Atezolizumab_Monkey_Dose0.3","Atezolizumab","100",0.3,1023.34013036005
"Atezolizumab_Monkey_Dose0.3","Atezolizumab","11",0.3,1120.58452025521
"Atezolizumab_Monkey_Dose0.3","Atezolizumab","12",0.3,1314.34570946895
"Atezolizumab_Monkey_Dose0.3","Atezolizumab","13",0.3,1821.36053871578
"Atezolizumab_Monkey_Dose0.3","Atezolizumab","14",0.3,1144.68746153107
"Atezolizumab_Monkey_Dose0.3","Atezolizumab","15",0.3,1271.57789906389
"Atezolizumab_Monkey_Dose0.3","Atezolizumab","16",0.3,1281.96586106653
"Atezolizumab_Monkey_Dose0.3","Atezolizumab","17",0.3,869.774858978645
"Atezolizumab_Monkey_Dose0.3","Atezolizumab","18",0.3,1022.59536229425
"Atezolizumab_Monkey_Dose0.3","Atezolizumab","19",0.3,1199.1687307691
"Atezolizumab_Monkey_Dose0.3","Atezolizumab","2",0.3,911.00593961574
"Atezolizumab_Monkey_Dose0.3","Atezolizumab","20",0.3,1172.24894311742
"Atezolizumab_Monkey_Dose0.3","Atezolizumab","21",0.3,1338.17039760984
"Atezolizumab_Monkey_Dose0.3","Atezolizumab","22",0.3,846.921653613691
"Atezolizumab_Monkey_Dose0.3","Atezolizumab","23",0.3,1474.30889241459
"Atezolizumab_Monkey_Dose0.3","Atezolizumab","24",0.3,902.649335170323
"Atezolizumab_Monkey_Dose0.3","Atezolizumab","25",0.3,951.580575437075
"Atezolizumab_Monkey_Dose0.3","Atezolizumab","26",0.3,839.3942347043
"Atezolizumab_Monkey_Dose0.3","Atezolizumab","27",0.3,1049.24558994433
"Atezolizumab_Monkey_Dose0.3","Atezolizumab","28",0.3,948.900778904559
"Atezolizumab_Monkey_Dose0.3","Atezolizumab","29",0.3,1261.5655070038
"Atezolizumab_Monkey_Dose0.3","Atezolizumab","3",0.3,685.833903720651
"Atezolizumab_Monkey_Dose0.3","Atezolizumab","30",0.3,982.381678883989
"Atezolizumab_Monkey_Dose0.3","Atezolizumab","31",0.3,744.20595069537
"Atezolizumab_Monkey_Dose0.3","Atezolizumab","32",0.3,1084.16210402458
"Atezolizumab_Monkey_Dose0.3","Atezolizumab","33",0.3,1325.52556752877
"Atezolizumab_Monkey_Dose0.3","Atezolizumab","34",0.3,1060.40998642781
"Atezolizumab_Monkey_Dose0.3","Atezolizumab","35",0.3,1047.00716115198
"Atezolizumab_Monkey_Dose0.3","Atezolizumab","36",0.3,1129.17852546442
"Atezolizumab_Monkey_Dose0.3","Atezolizumab","37",0.3,1006.36834827875
"Atezolizumab_Monkey_Dose0.3","Atezolizumab","38",0.3,702.982476210749
"Atezolizumab_Monkey_Dose0.3","Atezolizumab","39",0.3,728.121764960542
"Atezolizumab_Monkey_Dose0.3","Atezolizumab","4",0.3,1164.67242705666
"Atezolizumab_Monkey_Dose0.3","Atezolizumab","40",0.3,676.679591640133
"Atezolizumab_Monkey_Dose0.3","Atezolizumab","41",0.3,1154.04942609854
"Atezolizumab_Monkey_Dose0.3","Atezolizumab","42",0.3,1042.40813425224
"Atezolizumab_Monkey_Dose0.3","Atezolizumab","43",0.3,912.61556653565
"Atezolizumab_Monkey_Dose0.3","Atezolizumab","44",0.3,957.640677671798
"Atezolizumab_Monkey_Dose0.3","Atezolizumab","45",0.3,1559.58070400473
"Atezolizumab_Monkey_Dose0.3","Atezolizumab","46",0.3,1142.30914276109
"Atezolizumab_Monkey_Dose0.3","Atezolizumab","47",0.3,965.046643811934
"Atezolizumab_Monkey_Dose0.3","Atezolizumab","48",0.3,1016.26165213018
"Atezolizumab_Monkey_Dose0.3","Atezolizumab","49",0.3,1329.22784652926
"Atezolizumab_Monkey_Dose0.3","Atezolizumab","5",0.3,960.347460406133
"Atezolizumab_Monkey_Dose0.3","Atezolizumab","50",0.3,1155.17595315649
"Atezolizumab_Monkey_Dose0.3","Atezolizumab","51",0.3,1128.08143645106
"Atezolizumab_Monkey_Dose0.3","Atezolizumab","52",0.3,973.568396316065
"Atezolizumab_Monkey_Dose0.3","Atezolizumab","53",0.3,1249.48395018318
"Atezolizumab_Monkey_Dose0.3","Atezolizumab","54",0.3,666.211714493586
"Atezolizumab_Monkey_Dose0.3","Atezolizumab","55",0.3,929.235890725989
"Atezolizumab_Monkey_Dose0.3","Atezolizumab","56",0.3,1051.58758575964
"Atezolizumab_Monkey_Dose0.3","Atezolizumab","57",0.3,936.375468716456
"Atezolizumab_Monkey_Dose0.3","Atezolizumab","58",0.3,1255.19431517264
"Atezolizumab_Monkey_Dose0.3","Atezolizumab","59",0.3,1056.31524828073
"Atezolizumab_Monkey_Dose0.3","Atezolizumab","6",0.3,838.947325579014
"Atezolizumab_Monkey_Dose0.3","Atezolizumab","60",0.3,986.709038559486
"Atezolizumab_Monkey_Dose0.3","Atezolizumab","61",0.3,1070.33150811373
"Atezolizumab_Monkey_Dose0.3","Atezolizumab","62",0.3,1624.4041883484
"Atezolizumab_Monkey_Dose0.3","Atezolizumab","63",0.3,1375.16304128995
"Atezolizumab_Monkey_Dose0.3","Atezolizumab","64",0.3,898.711055512456
"Atezolizumab_Monkey_Dose0.3","Atezolizumab","65",0.3,1853.0460233651
"Atezolizumab_Monkey_Dose0.3","Atezolizumab","66",0.3,1066.34705445807
"Atezolizumab_Monkey_Dose0.3","Atezolizumab","67",0.3,1300.6880445523
"Atezolizumab_Monkey_Dose0.3","Atezolizumab","68",0.3,1046.54700289636
"Atezolizumab_Monkey_Dose0.3","Atezolizumab","69",0.3,1242.66538820113
"Atezolizumab_Monkey_Dose0.3","Atezolizumab","7",0.3,1478.38149546161
"Atezolizumab_Monkey_Dose0.3","Atezolizumab","70",0.3,882.632144024121
"Atezolizumab_Monkey_Dose0.3","Atezolizumab","71",0.3,1446.86263168555
"Atezolizumab_Monkey_Dose0.3","Atezolizumab","72",0.3,1100.44312049771
"Atezolizumab_Monkey_Dose0.3","Atezolizumab","73",0.3,1813.6116043047
"Atezolizumab_Monkey_Dose0.3","Atezolizumab","74",0.3,1185.26503730616
"Atezolizumab_Monkey_Dose0.3","Atezolizumab","75",0.3,1161.32271583666
"Atezolizumab_Monkey_Dose0.3","Atezolizumab","76",0.3,1120.5906244733
"Atezolizumab_Monkey_Dose0.3","Atezolizumab","77",0.3,809.278080932233
"Atezolizumab_Monkey_Dose0.3","Atezolizumab","78",0.3,1422.59283148944
"Atezolizumab_Monkey_Dose0.3","Atezolizumab","79",0.3,870.030923301668
"Atezolizumab_Monkey_Dose0.3","Atezolizumab","8",0.3,1039.27337177209
"Atezolizumab_Monkey_Dose0.3","Atezolizumab","80",0.3,981.727601301542
"Atezolizumab_Monkey_Dose0.3","Atezolizumab","81",0.3,1083.06463800982
"Atezolizumab_Monkey_Dose0.3","Atezolizumab","82",0.3,1354.87439108678
"Atezolizumab_Monkey_Dose0.3","Atezolizumab","83",0.3,916.724005522164
"Atezolizumab_Monkey_Dose0.3","Atezolizumab","84",0.3,1265.03810106583
"Atezolizumab_Monkey_Dose0.3","Atezolizumab","85",0.3,979.184505356661
"Atezolizumab_Monkey_Dose0.3","Atezolizumab","86",0.3,1455.84215155671
"Atezolizumab_Monkey_Dose0.3","Atezolizumab","87",0.3,1201.25425744583
"Atezolizumab_Monkey_Dose0.3","Atezolizumab","88",0.3,957.101461222221
"Atezolizumab_Monkey_Dose0.3","Atezolizumab","89",0.3,1218.27588431411
"Atezolizumab_Monkey_Dose0.3","Atezolizumab","9",0.3,1152.9602788107
"Atezolizumab_Monkey_Dose0.3","Atezolizumab","90",0.3,1428.58976765445
"Atezolizumab_Monkey_Dose0.3","Atezolizumab","91",0.3,931.496520959863
"Atezolizumab_Monkey_Dose0.3","Atezolizumab","92",0.3,1038.26106370498
"Atezolizumab_Monkey_Dose0.3","Atezolizumab","93",0.3,1012.64259913685
"Atezolizumab_Monkey_Dose0.3","Atezolizumab","94",0.3,1225.62010974447
"Atezolizumab_Monkey_Dose0.3","Atezolizumab","95",0.3,1144.72356403418
"Atezolizumab_Monkey_Dose0.3","Atezolizumab","96",0.3,1039.78446845929
"Atezolizumab_Monkey_Dose0.3","Atezolizumab","97",0.3,1167.97003575692
"Atezolizumab_Monkey_Dose0.3","Atezolizumab","98",0.3,720.858347761069
"Atezolizumab_Monkey_Dose0.3","Atezolizumab","99",0.3,1412.94314588679
"Atezolizumab_Monkey_Dose10","Atezolizumab","1",10,29405.2459946884
"Atezolizumab_Monkey_Dose10","Atezolizumab","10",10,49595.5746980758
"Atezolizumab_Monkey_Dose10","Atezolizumab","100",10,38644.5571124556
"Atezolizumab_Monkey_Dose10","Atezolizumab","11",10,38025.7877552229
"Atezolizumab_Monkey_Dose10","Atezolizumab","12",10,44783.8071569747
"Atezolizumab_Monkey_Dose10","Atezolizumab","13",10,66330.1713412536
"Atezolizumab_Monkey_Dose10","Atezolizumab","14",10,40327.7783381556
"Atezolizumab_Monkey_Dose10","Atezolizumab","15",10,46095.1040148846
"Atezolizumab_Monkey_Dose10","Atezolizumab","16",10,48040.3604397988
"Atezolizumab_Monkey_Dose10","Atezolizumab","17",10,30391.4383243601
"Atezolizumab_Monkey_Dose10","Atezolizumab","18",10,36218.8451512258
"Atezolizumab_Monkey_Dose10","Atezolizumab","19",10,42060.6438670244
"Atezolizumab_Monkey_Dose10","Atezolizumab","2",10,31412.2198192121
"Atezolizumab_Monkey_Dose10","Atezolizumab","20",10,42751.9394585967
"Atezolizumab_Monkey_Dose10","Atezolizumab","21",10,47382.9261442995
"Atezolizumab_Monkey_Dose10","Atezolizumab","22",10,30199.1793017513
"Atezolizumab_Monkey_Dose10","Atezolizumab","23",10,50945.3197031625
"Atezolizumab_Monkey_Dose10","Atezolizumab","24",10,30922.9156850662
"Atezolizumab_Monkey_Dose10","Atezolizumab","25",10,32662.1003034444
"Atezolizumab_Monkey_Dose10","Atezolizumab","26",10,32458.0359790033
"Atezolizumab_Monkey_Dose10","Atezolizumab","27",10,37222.7336630687
"Atezolizumab_Monkey_Dose10","Atezolizumab","28",10,33425.3398468278
"Atezolizumab_Monkey_Dose10","Atezolizumab","29",10,45244.1601958761
"Atezolizumab_Monkey_Dose10","Atezolizumab","3",10,24196.6573459023
"Atezolizumab_Monkey_Dose10","Atezolizumab","30",10,33690.5999060658
"Atezolizumab_Monkey_Dose10","Atezolizumab","31",10,27456.4285486202
"Atezolizumab_Monkey_Dose10","Atezolizumab","32",10,38443.6444845354
"Atezolizumab_Monkey_Dose10","Atezolizumab","33",10,46203.7557014123
"Atezolizumab_Monkey_Dose10","Atezolizumab","34",10,38036.638473451
"Atezolizumab_Monkey_Dose10","Atezolizumab","35",10,38058.1997284335
"Atezolizumab_Monkey_Dose10","Atezolizumab","36",10,39222.6261138312
"Atezolizumab_Monkey_Dose10","Atezolizumab","37",10,34486.2263276155
"Atezolizumab_Monkey_Dose10","Atezolizumab","38",10,26307.4451196889
"Atezolizumab_Monkey_Dose10","Atezolizumab","39",10,25621.8472877732
"Atezolizumab_Monkey_Dose10","Atezolizumab","4",10,40556.0269285054
"Atezolizumab_Monkey_Dose10","Atezolizumab","40",10,24593.7085236312
"Atezolizumab_Monkey_Dose10","Atezolizumab","41",10,40325.0003956669
"Atezolizumab_Monkey_Dose10","Atezolizumab","42",10,35540.0574943062
"Atezolizumab_Monkey_Dose10","Atezolizumab","43",10,31304.1426924917
"Atezolizumab_Monkey_Dose10","Atezolizumab","44",10,34127.1994887499
"Atezolizumab_Monkey_Dose10","Atezolizumab","45",10,55280.536662165
"Atezolizumab_Monkey_Dose10","Atezolizumab","46",10,39020.7701141048
"Atezolizumab_Monkey_Dose10","Atezolizumab","47",10,32865.1124438292
"Atezolizumab_Monkey_Dose10","Atezolizumab","48",10,34980.0947372773
"Atezolizumab_Monkey_Dose10","Atezolizumab","49",10,45942.8244904698
"Atezolizumab_Monkey_Dose10","Atezolizumab","5",10,35122.5759067448
"Atezolizumab_Monkey_Dose10","Atezolizumab","50",10,40334.3257549903
"Atezolizumab_Monkey_Dose10","Atezolizumab","51",10,40547.9965762906
"Atezolizumab_Monkey_Dose10","Atezolizumab","52",10,33986.4572506237
"Atezolizumab_Monkey_Dose10","Atezolizumab","53",10,42076.8170247653
"Atezolizumab_Monkey_Dose10","Atezolizumab","54",10,25120.6855184138
"Atezolizumab_Monkey_Dose10","Atezolizumab","55",10,32265.7052127247
"Atezolizumab_Monkey_Dose10","Atezolizumab","56",10,37728.3118809094
"Atezolizumab_Monkey_Dose10","Atezolizumab","57",10,32943.6280279964
"Atezolizumab_Monkey_Dose10","Atezolizumab","58",10,43586.1449075192
"Atezolizumab_Monkey_Dose10","Atezolizumab","59",10,36833.9702871671
"Atezolizumab_Monkey_Dose10","Atezolizumab","6",10,30903.2260407308
"Atezolizumab_Monkey_Dose10","Atezolizumab","60",10,36719.6135244918
"Atezolizumab_Monkey_Dose10","Atezolizumab","61",10,37587.3473723738
"Atezolizumab_Monkey_Dose10","Atezolizumab","62",10,56593.8844456444
"Atezolizumab_Monkey_Dose10","Atezolizumab","63",10,46827.1206504545
"Atezolizumab_Monkey_Dose10","Atezolizumab","64",10,31009.7520692095
"Atezolizumab_Monkey_Dose10","Atezolizumab","65",10,65998.4136842646
"Atezolizumab_Monkey_Dose10","Atezolizumab","66",10,36421.344397291
"Atezolizumab_Monkey_Dose10","Atezolizumab","67",10,44717.2545995273
"Atezolizumab_Monkey_Dose10","Atezolizumab","68",10,36833.642891777
"Atezolizumab_Monkey_Dose10","Atezolizumab","69",10,44104.4213213708
"Atezolizumab_Monkey_Dose10","Atezolizumab","7",10,51026.029053791
"Atezolizumab_Monkey_Dose10","Atezolizumab","70",10,30148.2149923393
"Atezolizumab_Monkey_Dose10","Atezolizumab","71",10,50500.1415143944
"Atezolizumab_Monkey_Dose10","Atezolizumab","72",10,39930.783855504
"Atezolizumab_Monkey_Dose10","Atezolizumab","73",10,63186.6752251602
"Atezolizumab_Monkey_Dose10","Atezolizumab","74",10,42260.0208555822
"Atezolizumab_Monkey_Dose10","Atezolizumab","75",10,40203.6474971585
"Atezolizumab_Monkey_Dose10","Atezolizumab","76",10,37685.7007280729
"Atezolizumab_Monkey_Dose10","Atezolizumab","77",10,28611.1741997186
"Atezolizumab_Monkey_Dose10","Atezolizumab","78",10,49508.5007333482
"Atezolizumab_Monkey_Dose10","Atezolizumab","79",10,29815.5927126241
"Atezolizumab_Monkey_Dose10","Atezolizumab","8",10,35083.4892844187
"Atezolizumab_Monkey_Dose10","Atezolizumab","80",10,35807.945603175
"Atezolizumab_Monkey_Dose10","Atezolizumab","81",10,37791.2359575177
"Atezolizumab_Monkey_Dose10","Atezolizumab","82",10,48229.9306461202
"Atezolizumab_Monkey_Dose10","Atezolizumab","83",10,32061.7749052331
"Atezolizumab_Monkey_Dose10","Atezolizumab","84",10,45358.8585518933
"Atezolizumab_Monkey_Dose10","Atezolizumab","85",10,33330.516172939
"Atezolizumab_Monkey_Dose10","Atezolizumab","86",10,51395.1077528448
"Atezolizumab_Monkey_Dose10","Atezolizumab","87",10,42124.3676184847
"Atezolizumab_Monkey_Dose10","Atezolizumab","88",10,33503.2714142312
"Atezolizumab_Monkey_Dose10","Atezolizumab","89",10,45039.5387888592
"Atezolizumab_Monkey_Dose10","Atezolizumab","9",10,40134.0668174717
"Atezolizumab_Monkey_Dose10","Atezolizumab","90",10,50115.6533731973
"Atezolizumab_Monkey_Dose10","Atezolizumab","91",10,35719.6952491951
"Atezolizumab_Monkey_Dose10","Atezolizumab","92",10,36637.503200279
"Atezolizumab_Monkey_Dose10","Atezolizumab","93",10,35086.4583117316
"Atezolizumab_Monkey_Dose10","Atezolizumab","94",10,43518.4263250554
"Atezolizumab_Monkey_Dose10","Atezolizumab","95",10,39319.6317856537
"Atezolizumab_Monkey_Dose10","Atezolizumab","96",10,35709.0397898957
"Atezolizumab_Monkey_Dose10","Atezolizumab","97",10,39814.1823970267
"Atezolizumab_Monkey_Dose10","Atezolizumab","98",10,25166.6887085441
"Atezolizumab_Monkey_Dose10","Atezolizumab","99",10,50409.7563942067
"Atezolizumab_Monkey_Dose3","Atezolizumab","1",3,8685.45369050474
"Atezolizumab_Monkey_Dose3","Atezolizumab","10",3,14741.9707153274
"Atezolizumab_Monkey_Dose3","Atezolizumab","100",3,11375.2366280763
"Atezolizumab_Monkey_Dose3","Atezolizumab","11",3,11329.4333999544
"Atezolizumab_Monkey_Dose3","Atezolizumab","12",3,13371.1913970831
"Atezolizumab_Monkey_Dose3","Atezolizumab","13",3,19653.4170532642
"Atezolizumab_Monkey_Dose3","Atezolizumab","14",3,11961.3965040186
"Atezolizumab_Monkey_Dose3","Atezolizumab","15",3,13649.6453148973
"Atezolizumab_Monkey_Dose3","Atezolizumab","16",3,14029.5443243273
"Atezolizumab_Monkey_Dose3","Atezolizumab","17",3,9003.02591194108
"Atezolizumab_Monkey_Dose3","Atezolizumab","18",3,10708.6928526867
"Atezolizumab_Monkey_Dose3","Atezolizumab","19",3,12465.1253908488
"Atezolizumab_Monkey_Dose3","Atezolizumab","2",3,9318.99484478017
"Atezolizumab_Monkey_Dose3","Atezolizumab","20",3,12645.015212349
"Atezolizumab_Monkey_Dose3","Atezolizumab","21",3,14041.1530513111
"Atezolizumab_Monkey_Dose3","Atezolizumab","22",3,8935.33174540542
"Atezolizumab_Monkey_Dose3","Atezolizumab","23",3,15086.8110352645
"Atezolizumab_Monkey_Dose3","Atezolizumab","24",3,9223.46498759675
"Atezolizumab_Monkey_Dose3","Atezolizumab","25",3,9732.56643674342
"Atezolizumab_Monkey_Dose3","Atezolizumab","26",3,9475.38633075309
"Atezolizumab_Monkey_Dose3","Atezolizumab","27",3,10958.1150571965
"Atezolizumab_Monkey_Dose3","Atezolizumab","28",3,9910.76026550712
"Atezolizumab_Monkey_Dose3","Atezolizumab","29",3,13396.1353447417
"Atezolizumab_Monkey_Dose3","Atezolizumab","3",3,7182.13881605571
"Atezolizumab_Monkey_Dose3","Atezolizumab","30",3,10042.0679089605
"Atezolizumab_Monkey_Dose3","Atezolizumab","31",3,8068.33548366529
"Atezolizumab_Monkey_Dose3","Atezolizumab","32",3,11332.7300156798
"Atezolizumab_Monkey_Dose3","Atezolizumab","33",3,13720.6918092078
"Atezolizumab_Monkey_Dose3","Atezolizumab","34",3,11207.9712676713
"Atezolizumab_Monkey_Dose3","Atezolizumab","35",3,11218.8145851427
"Atezolizumab_Monkey_Dose3","Atezolizumab","36",3,11679.4974509937
"Atezolizumab_Monkey_Dose3","Atezolizumab","37",3,10280.4800540733
"Atezolizumab_Monkey_Dose3","Atezolizumab","38",3,7649.01898811974
"Atezolizumab_Monkey_Dose3","Atezolizumab","39",3,7595.73237103098
"Atezolizumab_Monkey_Dose3","Atezolizumab","4",3,12049.3309173357
"Atezolizumab_Monkey_Dose3","Atezolizumab","40",3,7221.38067743996
"Atezolizumab_Monkey_Dose3","Atezolizumab","41",3,11998.6607376506
"Atezolizumab_Monkey_Dose3","Atezolizumab","42",3,10597.6723659081
"Atezolizumab_Monkey_Dose3","Atezolizumab","43",3,9328.12197131125
"Atezolizumab_Monkey_Dose3","Atezolizumab","44",3,10046.5866453321
"Atezolizumab_Monkey_Dose3","Atezolizumab","45",3,16405.9388572097
"Atezolizumab_Monkey_Dose3","Atezolizumab","46",3,11638.4364500056
"Atezolizumab_Monkey_Dose3","Atezolizumab","47",3,9791.68693075298
"Atezolizumab_Monkey_Dose3","Atezolizumab","48",3,10424.6585382035
"Atezolizumab_Monkey_Dose3","Atezolizumab","49",3,13669.1070289502
"Atezolizumab_Monkey_Dose3","Atezolizumab","5",3,10334.0979357991
"Atezolizumab_Monkey_Dose3","Atezolizumab","50",3,12002.2201519591
"Atezolizumab_Monkey_Dose3","Atezolizumab","51",3,12027.7000879351
"Atezolizumab_Monkey_Dose3","Atezolizumab","52",3,10066.1855967949
"Atezolizumab_Monkey_Dose3","Atezolizumab","53",3,12574.902415786
"Atezolizumab_Monkey_Dose3","Atezolizumab","54",3,7346.43272813424
"Atezolizumab_Monkey_Dose3","Atezolizumab","55",3,9578.62176447588
"Atezolizumab_Monkey_Dose3","Atezolizumab","56",3,11148.442887995
"Atezolizumab_Monkey_Dose3","Atezolizumab","57",3,9707.47173250391
"Atezolizumab_Monkey_Dose3","Atezolizumab","58",3,12946.5843228431
"Atezolizumab_Monkey_Dose3","Atezolizumab","59",3,10930.7750572042
"Atezolizumab_Monkey_Dose3","Atezolizumab","6",3,9117.11820675419
"Atezolizumab_Monkey_Dose3","Atezolizumab","60",3,10707.2257420194
"Atezolizumab_Monkey_Dose3","Atezolizumab","61",3,11158.0560691392
"Atezolizumab_Monkey_Dose3","Atezolizumab","62",3,16797.8023326574
"Atezolizumab_Monkey_Dose3","Atezolizumab","63",3,13966.9178729821
"Atezolizumab_Monkey_Dose3","Atezolizumab","64",3,9230.5731849759
"Atezolizumab_Monkey_Dose3","Atezolizumab","65",3,19498.7019853034
"Atezolizumab_Monkey_Dose3","Atezolizumab","66",3,10869.2443200492
"Atezolizumab_Monkey_Dose3","Atezolizumab","67",3,13337.0425884625
"Atezolizumab_Monkey_Dose3","Atezolizumab","68",3,10947.2688895462
"Atezolizumab_Monkey_Dose3","Atezolizumab","69",3,13046.9167695669
"Atezolizumab_Monkey_Dose3","Atezolizumab","7",3,15201.0420006696
"Atezolizumab_Monkey_Dose3","Atezolizumab","70",3,8990.48365991376
"Atezolizumab_Monkey_Dose3","Atezolizumab","71",3,14977.2039103843
"Atezolizumab_Monkey_Dose3","Atezolizumab","72",3,11784.0554402837
"Atezolizumab_Monkey_Dose3","Atezolizumab","73",3,18808.5755964323
"Atezolizumab_Monkey_Dose3","Atezolizumab","74",3,12548.2108668183
"Atezolizumab_Monkey_Dose3","Atezolizumab","75",3,11969.6867211976
"Atezolizumab_Monkey_Dose3","Atezolizumab","76",3,11276.4784440377
"Atezolizumab_Monkey_Dose3","Atezolizumab","77",3,8489.27638066373
"Atezolizumab_Monkey_Dose3","Atezolizumab","78",3,14741.6241530475
"Atezolizumab_Monkey_Dose3","Atezolizumab","79",3,8905.10957562925
"Atezolizumab_Monkey_Dose3","Atezolizumab","8",3,10492.3119331784
"Atezolizumab_Monkey_Dose3","Atezolizumab","80",3,10544.0761497893
"Atezolizumab_Monkey_Dose3","Atezolizumab","81",3,11224.9852714125
"Atezolizumab_Monkey_Dose3","Atezolizumab","82",3,14323.2884074208
"Atezolizumab_Monkey_Dose3","Atezolizumab","83",3,9490.11913248664
"Atezolizumab_Monkey_Dose3","Atezolizumab","84",3,13471.7191936814
"Atezolizumab_Monkey_Dose3","Atezolizumab","85",3,9950.83207961245
"Atezolizumab_Monkey_Dose3","Atezolizumab","86",3,15210.3303007658
"Atezolizumab_Monkey_Dose3","Atezolizumab","87",3,12528.1603705553
"Atezolizumab_Monkey_Dose3","Atezolizumab","88",3,9920.30344736315
"Atezolizumab_Monkey_Dose3","Atezolizumab","89",3,13240.9308871658
"Atezolizumab_Monkey_Dose3","Atezolizumab","9",3,11938.720627497
"Atezolizumab_Monkey_Dose3","Atezolizumab","90",3,14898.3339069671
"Atezolizumab_Monkey_Dose3","Atezolizumab","91",3,10521.9496690064
"Atezolizumab_Monkey_Dose3","Atezolizumab","92",3,10871.8282624479
"Atezolizumab_Monkey_Dose3","Atezolizumab","93",3,10435.7800288406
"Atezolizumab_Monkey_Dose3","Atezolizumab","94",3,12886.3223634169
"Atezolizumab_Monkey_Dose3","Atezolizumab","95",3,11698.1876478501
"Atezolizumab_Monkey_Dose3","Atezolizumab","96",3,10619.8777532952
"Atezolizumab_Monkey_Dose3","Atezolizumab","97",3,11879.6998083236
"Atezolizumab_Monkey_Dose3","Atezolizumab","98",3,7441.80264923914
"Atezolizumab_Monkey_Dose3","Atezolizumab","99",3,14920.4953808648
"Avelumab_Monkey_Dose0.3","Avelumab","1",0.3,192.226308607807
"Avelumab_Monkey_Dose0.3","Avelumab","10",0.3,218.831195689027
"Avelumab_Monkey_Dose0.3","Avelumab","100",0.3,285.006505960743
"Avelumab_Monkey_Dose0.3","Avelumab","11",0.3,155.477446840357
"Avelumab_Monkey_Dose0.3","Avelumab","12",0.3,181.277737724194
"Avelumab_Monkey_Dose0.3","Avelumab","13",0.3,274.097207156953
"Avelumab_Monkey_Dose0.3","Avelumab","14",0.3,181.31849015971
"Avelumab_Monkey_Dose0.3","Avelumab","15",0.3,168.583081920568
"Avelumab_Monkey_Dose0.3","Avelumab","16",0.3,222.455563445879
"Avelumab_Monkey_Dose0.3","Avelumab","17",0.3,283.755031871287
"Avelumab_Monkey_Dose0.3","Avelumab","18",0.3,300.200027519548
"Avelumab_Monkey_Dose0.3","Avelumab","19",0.3,164.490001098561
"Avelumab_Monkey_Dose0.3","Avelumab","2",0.3,260.665599508558
"Avelumab_Monkey_Dose0.3","Avelumab","20",0.3,154.374162864953
"Avelumab_Monkey_Dose0.3","Avelumab","21",0.3,221.933364169745
"Avelumab_Monkey_Dose0.3","Avelumab","22",0.3,207.169529051492
"Avelumab_Monkey_Dose0.3","Avelumab","23",0.3,141.414283186178
"Avelumab_Monkey_Dose0.3","Avelumab","24",0.3,253.933575660611
"Avelumab_Monkey_Dose0.3","Avelumab","25",0.3,200.259440031372
"Avelumab_Monkey_Dose0.3","Avelumab","26",0.3,166.532903947782
"Avelumab_Monkey_Dose0.3","Avelumab","27",0.3,189.928603460388
"Avelumab_Monkey_Dose0.3","Avelumab","28",0.3,321.684600969336
"Avelumab_Monkey_Dose0.3","Avelumab","29",0.3,156.449391898408
"Avelumab_Monkey_Dose0.3","Avelumab","3",0.3,248.559510908498
"Avelumab_Monkey_Dose0.3","Avelumab","30",0.3,454.076054344303
"Avelumab_Monkey_Dose0.3","Avelumab","31",0.3,167.55381975995
"Avelumab_Monkey_Dose0.3","Avelumab","32",0.3,336.584491521307
"Avelumab_Monkey_Dose0.3","Avelumab","33",0.3,240.8291961363
"Avelumab_Monkey_Dose0.3","Avelumab","34",0.3,177.82708863384
"Avelumab_Monkey_Dose0.3","Avelumab","35",0.3,202.142075055922
"Avelumab_Monkey_Dose0.3","Avelumab","36",0.3,129.711246468391
"Avelumab_Monkey_Dose0.3","Avelumab","37",0.3,156.542873137833
"Avelumab_Monkey_Dose0.3","Avelumab","38",0.3,315.067797025377
"Avelumab_Monkey_Dose0.3","Avelumab","39",0.3,196.71053428372
"Avelumab_Monkey_Dose0.3","Avelumab","4",0.3,194.78162953856
"Avelumab_Monkey_Dose0.3","Avelumab","40",0.3,182.487447881514
"Avelumab_Monkey_Dose0.3","Avelumab","41",0.3,161.286267490752
"Avelumab_Monkey_Dose0.3","Avelumab","42",0.3,362.31342993548
"Avelumab_Monkey_Dose0.3","Avelumab","43",0.3,281.428338615579
"Avelumab_Monkey_Dose0.3","Avelumab","44",0.3,223.675216588506
"Avelumab_Monkey_Dose0.3","Avelumab","45",0.3,227.105636720544
"Avelumab_Monkey_Dose0.3","Avelumab","46",0.3,191.860227076749
"Avelumab_Monkey_Dose0.3","Avelumab","47",0.3,325.195943598606
"Avelumab_Monkey_Dose0.3","Avelumab","48",0.3,240.985722507582
"Avelumab_Monkey_Dose0.3","Avelumab","49",0.3,201.724377303595
"Avelumab_Monkey_Dose0.3","Avelumab","5",0.3,220.413169480117
"Avelumab_Monkey_Dose0.3","Avelumab","50",0.3,223.900580392208
"Avelumab_Monkey_Dose0.3","Avelumab","51",0.3,183.320168565493
"Avelumab_Monkey_Dose0.3","Avelumab","52",0.3,351.686057401211
"Avelumab_Monkey_Dose0.3","Avelumab","53",0.3,207.721505147334
"Avelumab_Monkey_Dose0.3","Avelumab","54",0.3,187.833663350373
"Avelumab_Monkey_Dose0.3","Avelumab","55",0.3,246.709860096942
"Avelumab_Monkey_Dose0.3","Avelumab","56",0.3,157.702132520603
"Avelumab_Monkey_Dose0.3","Avelumab","57",0.3,223.280297736479
"Avelumab_Monkey_Dose0.3","Avelumab","58",0.3,236.338447303405
"Avelumab_Monkey_Dose0.3","Avelumab","59",0.3,170.837345141197
"Avelumab_Monkey_Dose0.3","Avelumab","6",0.3,154.385356879535
"Avelumab_Monkey_Dose0.3","Avelumab","60",0.3,190.321661045114
"Avelumab_Monkey_Dose0.3","Avelumab","61",0.3,245.252698080603
"Avelumab_Monkey_Dose0.3","Avelumab","62",0.3,226.648740840318
"Avelumab_Monkey_Dose0.3","Avelumab","63",0.3,168.034173091786
"Avelumab_Monkey_Dose0.3","Avelumab","64",0.3,167.844448026338
"Avelumab_Monkey_Dose0.3","Avelumab","65",0.3,177.931478763288
"Avelumab_Monkey_Dose0.3","Avelumab","66",0.3,330.853332269875
"Avelumab_Monkey_Dose0.3","Avelumab","67",0.3,285.973244441597
"Avelumab_Monkey_Dose0.3","Avelumab","68",0.3,138.490348959951
"Avelumab_Monkey_Dose0.3","Avelumab","69",0.3,242.859745367617
"Avelumab_Monkey_Dose0.3","Avelumab","7",0.3,251.828591939157
"Avelumab_Monkey_Dose0.3","Avelumab","70",0.3,209.250973454738
"Avelumab_Monkey_Dose0.3","Avelumab","71",0.3,169.985789824052
"Avelumab_Monkey_Dose0.3","Avelumab","72",0.3,210.941434790889
"Avelumab_Monkey_Dose0.3","Avelumab","73",0.3,138.964277021544
"Avelumab_Monkey_Dose0.3","Avelumab","74",0.3,220.953424720889
"Avelumab_Monkey_Dose0.3","Avelumab","75",0.3,318.853565866027
"Avelumab_Monkey_Dose0.3","Avelumab","76",0.3,260.767374093947
"Avelumab_Monkey_Dose0.3","Avelumab","77",0.3,167.766271175387
"Avelumab_Monkey_Dose0.3","Avelumab","78",0.3,326.654893388279
"Avelumab_Monkey_Dose0.3","Avelumab","79",0.3,174.66037568532
"Avelumab_Monkey_Dose0.3","Avelumab","8",0.3,252.688590710892
"Avelumab_Monkey_Dose0.3","Avelumab","80",0.3,305.771136295963
"Avelumab_Monkey_Dose0.3","Avelumab","81",0.3,261.671451910782
"Avelumab_Monkey_Dose0.3","Avelumab","82",0.3,175.09123403733
"Avelumab_Monkey_Dose0.3","Avelumab","83",0.3,164.020915296492
"Avelumab_Monkey_Dose0.3","Avelumab","84",0.3,260.645169358091
"Avelumab_Monkey_Dose0.3","Avelumab","85",0.3,135.23360288081
"Avelumab_Monkey_Dose0.3","Avelumab","86",0.3,377.513965009489
"Avelumab_Monkey_Dose0.3","Avelumab","87",0.3,152.760531824778
"Avelumab_Monkey_Dose0.3","Avelumab","88",0.3,149.27023851602
"Avelumab_Monkey_Dose0.3","Avelumab","89",0.3,244.974564009787
"Avelumab_Monkey_Dose0.3","Avelumab","9",0.3,301.432497552757
"Avelumab_Monkey_Dose0.3","Avelumab","90",0.3,248.47444827357
"Avelumab_Monkey_Dose0.3","Avelumab","91",0.3,161.536293832241
"Avelumab_Monkey_Dose0.3","Avelumab","92",0.3,280.536365857805
"Avelumab_Monkey_Dose0.3","Avelumab","93",0.3,243.98240404162
"Avelumab_Monkey_Dose0.3","Avelumab","94",0.3,242.800775161706
"Avelumab_Monkey_Dose0.3","Avelumab","95",0.3,339.162880191361
"Avelumab_Monkey_Dose0.3","Avelumab","96",0.3,233.728932104572
"Avelumab_Monkey_Dose0.3","Avelumab","97",0.3,279.830427430053
"Avelumab_Monkey_Dose0.3","Avelumab","98",0.3,197.181773714008
"Avelumab_Monkey_Dose0.3","Avelumab","99",0.3,170.914949920594
"Avelumab_Monkey_Dose10","Avelumab","1",10,7265.37570955045
"Avelumab_Monkey_Dose10","Avelumab","10",10,7806.21982319809
"Avelumab_Monkey_Dose10","Avelumab","100",10,11135.7732013698
"Avelumab_Monkey_Dose10","Avelumab","11",10,6827.76253405948
"Avelumab_Monkey_Dose10","Avelumab","12",10,6834.67546261787
"Avelumab_Monkey_Dose10","Avelumab","13",10,10325.4424272182
"Avelumab_Monkey_Dose10","Avelumab","14",10,7197.53839184081
"Avelumab_Monkey_Dose10","Avelumab","15",10,6435.72356190945
"Avelumab_Monkey_Dose10","Avelumab","16",10,8280.1920059907
"Avelumab_Monkey_Dose10","Avelumab","17",10,10700.2060475802
"Avelumab_Monkey_Dose10","Avelumab","18",10,11831.9404903691
"Avelumab_Monkey_Dose10","Avelumab","19",10,9935.65158543922
"Avelumab_Monkey_Dose10","Avelumab","2",10,9983.06532058025
"Avelumab_Monkey_Dose10","Avelumab","20",10,5812.54980362953
"Avelumab_Monkey_Dose10","Avelumab","21",10,9136.68287285818
"Avelumab_Monkey_Dose10","Avelumab","22",10,8163.05743815681
"Avelumab_Monkey_Dose10","Avelumab","23",10,5271.15409736863
"Avelumab_Monkey_Dose10","Avelumab","24",10,9731.40470683682
"Avelumab_Monkey_Dose10","Avelumab","25",10,7540.57085904559
"Avelumab_Monkey_Dose10","Avelumab","26",10,6030.60143519611
"Avelumab_Monkey_Dose10","Avelumab","27",10,7177.86123255732
"Avelumab_Monkey_Dose10","Avelumab","28",10,11734.0716296322
"Avelumab_Monkey_Dose10","Avelumab","29",10,6406.87488522922
"Avelumab_Monkey_Dose10","Avelumab","3",10,10670.4268526326
"Avelumab_Monkey_Dose10","Avelumab","30",10,17637.8672500455
"Avelumab_Monkey_Dose10","Avelumab","31",10,6224.61035490826
"Avelumab_Monkey_Dose10","Avelumab","32",10,12590.0026219243
"Avelumab_Monkey_Dose10","Avelumab","33",10,9448.87762796327
"Avelumab_Monkey_Dose10","Avelumab","34",10,6590.51519251045
"Avelumab_Monkey_Dose10","Avelumab","35",10,9756.96396500427
"Avelumab_Monkey_Dose10","Avelumab","36",10,4923.36623243187
"Avelumab_Monkey_Dose10","Avelumab","37",10,6179.79388092269
"Avelumab_Monkey_Dose10","Avelumab","38",10,12854.9709891765
"Avelumab_Monkey_Dose10","Avelumab","39",10,7583.12951170218
"Avelumab_Monkey_Dose10","Avelumab","4",10,7085.65910292634
"Avelumab_Monkey_Dose10","Avelumab","40",10,6493.57164749437
"Avelumab_Monkey_Dose10","Avelumab","41",10,7097.35547766524
"Avelumab_Monkey_Dose10","Avelumab","42",10,13534.4951413235
"Avelumab_Monkey_Dose10","Avelumab","43",10,10934.6652991599
"Avelumab_Monkey_Dose10","Avelumab","44",10,9942.77115481495
"Avelumab_Monkey_Dose10","Avelumab","45",10,10817.2084180041
"Avelumab_Monkey_Dose10","Avelumab","46",10,7589.13385517211
"Avelumab_Monkey_Dose10","Avelumab","47",10,12544.0412061173
"Avelumab_Monkey_Dose10","Avelumab","48",10,9875.20237363097
"Avelumab_Monkey_Dose10","Avelumab","49",10,7199.78254667578
"Avelumab_Monkey_Dose10","Avelumab","5",10,8136.1603701011
"Avelumab_Monkey_Dose10","Avelumab","50",10,8786.37934671474
"Avelumab_Monkey_Dose10","Avelumab","51",10,6538.57208672123
"Avelumab_Monkey_Dose10","Avelumab","52",10,16748.8419131568
"Avelumab_Monkey_Dose10","Avelumab","53",10,7137.17703348785
"Avelumab_Monkey_Dose10","Avelumab","54",10,7111.00074307078
"Avelumab_Monkey_Dose10","Avelumab","55",10,9261.59721948679
"Avelumab_Monkey_Dose10","Avelumab","56",10,5633.92894426539
"Avelumab_Monkey_Dose10","Avelumab","57",10,8853.86500943292
"Avelumab_Monkey_Dose10","Avelumab","58",10,8811.79193741864
"Avelumab_Monkey_Dose10","Avelumab","59",10,6343.07622012796
"Avelumab_Monkey_Dose10","Avelumab","6",10,6679.38578284107
"Avelumab_Monkey_Dose10","Avelumab","60",10,6938.24697644387
"Avelumab_Monkey_Dose10","Avelumab","61",10,9698.53547303876
"Avelumab_Monkey_Dose10","Avelumab","62",10,8760.97411920321
"Avelumab_Monkey_Dose10","Avelumab","63",10,7081.92630569646
"Avelumab_Monkey_Dose10","Avelumab","64",10,7381.35325504392
"Avelumab_Monkey_Dose10","Avelumab","65",10,6518.41954265966
"Avelumab_Monkey_Dose10","Avelumab","66",10,12385.8017359675
"Avelumab_Monkey_Dose10","Avelumab","67",10,10474.065423412
"Avelumab_Monkey_Dose10","Avelumab","68",10,5567.95709599054
"Avelumab_Monkey_Dose10","Avelumab","69",10,12616.592698593
"Avelumab_Monkey_Dose10","Avelumab","7",10,9255.44714386555
"Avelumab_Monkey_Dose10","Avelumab","70",10,7391.8935351563
"Avelumab_Monkey_Dose10","Avelumab","71",10,6044.8290258391
"Avelumab_Monkey_Dose10","Avelumab","72",10,7428.21719597375
"Avelumab_Monkey_Dose10","Avelumab","73",10,5183.89764222301
"Avelumab_Monkey_Dose10","Avelumab","74",10,7955.0471881836
"Avelumab_Monkey_Dose10","Avelumab","75",10,13420.658755854
"Avelumab_Monkey_Dose10","Avelumab","76",10,10506.3129096721
"Avelumab_Monkey_Dose10","Avelumab","77",10,9056.70422772765
"Avelumab_Monkey_Dose10","Avelumab","78",10,12551.0652623419
"Avelumab_Monkey_Dose10","Avelumab","79",10,6280.4462445004
"Avelumab_Monkey_Dose10","Avelumab","8",10,10827.6169704728
"Avelumab_Monkey_Dose10","Avelumab","80",10,13478.6340970669
"Avelumab_Monkey_Dose10","Avelumab","81",10,10125.221773881
"Avelumab_Monkey_Dose10","Avelumab","82",10,6592.60404576691
"Avelumab_Monkey_Dose10","Avelumab","83",10,5856.42904469897
"Avelumab_Monkey_Dose10","Avelumab","84",10,9417.2103659524
"Avelumab_Monkey_Dose10","Avelumab","85",10,4879.03558431672
"Avelumab_Monkey_Dose10","Avelumab","86",10,14149.1869399022
"Avelumab_Monkey_Dose10","Avelumab","87",10,5458.01008695275
"Avelumab_Monkey_Dose10","Avelumab","88",10,5246.69488731748
"Avelumab_Monkey_Dose10","Avelumab","89",10,8656.99313368314
"Avelumab_Monkey_Dose10","Avelumab","9",10,11456.316395988
"Avelumab_Monkey_Dose10","Avelumab","90",10,9386.05403501407
"Avelumab_Monkey_Dose10","Avelumab","91",10,6327.90133945719
"Avelumab_Monkey_Dose10","Avelumab","92",10,10828.3257848709
"Avelumab_Monkey_Dose10","Avelumab","93",10,9210.02029927774
"Avelumab_Monkey_Dose10","Avelumab","94",10,10325.6792489945
"Avelumab_Monkey_Dose10","Avelumab","95",10,13411.6354783265
"Avelumab_Monkey_Dose10","Avelumab","96",10,9129.51655397085
"Avelumab_Monkey_Dose10","Avelumab","97",10,11215.636033318
"Avelumab_Monkey_Dose10","Avelumab","98",10,7107.47958416045
"Avelumab_Monkey_Dose10","Avelumab","99",10,6827.62346529664
"Avelumab_Monkey_Dose3","Avelumab","1",3,2150.47378843014
"Avelumab_Monkey_Dose3","Avelumab","10",3,2326.28467424128
"Avelumab_Monkey_Dose3","Avelumab","100",3,3285.1079732718
"Avelumab_Monkey_Dose3","Avelumab","11",3,1984.08741498918
"Avelumab_Monkey_Dose3","Avelumab","12",3,2021.70637822103
"Avelumab_Monkey_Dose3","Avelumab","13",3,3057.9719860703
"Avelumab_Monkey_Dose3","Avelumab","14",3,2117.29184020159
"Avelumab_Monkey_Dose3","Avelumab","15",3,1903.21913324254
"Avelumab_Monkey_Dose3","Avelumab","16",3,2455.20118095096
"Avelumab_Monkey_Dose3","Avelumab","17",3,3168.74068837373
"Avelumab_Monkey_Dose3","Avelumab","18",3,3485.63263228184
"Avelumab_Monkey_Dose3","Avelumab","19",3,2768.18912680632
"Avelumab_Monkey_Dose3","Avelumab","2",3,2951.67290537484
"Avelumab_Monkey_Dose3","Avelumab","20",3,1720.53830362625
"Avelumab_Monkey_Dose3","Avelumab","21",3,2678.15689927811
"Avelumab_Monkey_Dose3","Avelumab","22",3,2402.67311325167
"Avelumab_Monkey_Dose3","Avelumab","23",3,1563.05542303772
"Avelumab_Monkey_Dose3","Avelumab","24",3,2876.43591238457
"Avelumab_Monkey_Dose3","Avelumab","25",3,2231.44715106211
"Avelumab_Monkey_Dose3","Avelumab","26",3,1793.32370615951
"Avelumab_Monkey_Dose3","Avelumab","27",3,2123.78903319197
"Avelumab_Monkey_Dose3","Avelumab","28",3,3487.75441068248
"Avelumab_Monkey_Dose3","Avelumab","29",3,1879.34635150588
"Avelumab_Monkey_Dose3","Avelumab","3",3,3109.39461974289
"Avelumab_Monkey_Dose3","Avelumab","30",3,5204.62087911581
"Avelumab_Monkey_Dose3","Avelumab","31",3,1844.19491293446
"Avelumab_Monkey_Dose3","Avelumab","32",3,3730.15265253993
"Avelumab_Monkey_Dose3","Avelumab","33",3,2784.31314395009
"Avelumab_Monkey_Dose3","Avelumab","34",3,1953.98691760227
"Avelumab_Monkey_Dose3","Avelumab","35",3,2797.1969237618
"Avelumab_Monkey_Dose3","Avelumab","36",3,1456.15200601713
"Avelumab_Monkey_Dose3","Avelumab","37",3,1818.96105131117
"Avelumab_Monkey_Dose3","Avelumab","38",3,3783.84434080676
"Avelumab_Monkey_Dose3","Avelumab","39",3,2240.26245692101
"Avelumab_Monkey_Dose3","Avelumab","4",3,2106.82054180948
"Avelumab_Monkey_Dose3","Avelumab","40",3,1935.21381801304
"Avelumab_Monkey_Dose3","Avelumab","41",3,2062.83003145296
"Avelumab_Monkey_Dose3","Avelumab","42",3,4011.73350421266
"Avelumab_Monkey_Dose3","Avelumab","43",3,3226.27625457504
"Avelumab_Monkey_Dose3","Avelumab","44",3,2884.43620260321
"Avelumab_Monkey_Dose3","Avelumab","45",3,3135.95955675701
"Avelumab_Monkey_Dose3","Avelumab","46",3,2233.04535831412
"Avelumab_Monkey_Dose3","Avelumab","47",3,3705.49326122264
"Avelumab_Monkey_Dose3","Avelumab","48",3,2907.46579200523
"Avelumab_Monkey_Dose3","Avelumab","49",3,2144.4061878879
"Avelumab_Monkey_Dose3","Avelumab","5",3,2414.15876298333
"Avelumab_Monkey_Dose3","Avelumab","50",3,2589.21943514222
"Avelumab_Monkey_Dose3","Avelumab","51",3,1947.61906566594
"Avelumab_Monkey_Dose3","Avelumab","52",3,4849.07362362574
"Avelumab_Monkey_Dose3","Avelumab","53",3,2134.93543014014
"Avelumab_Monkey_Dose3","Avelumab","54",3,2103.44386560916
"Avelumab_Monkey_Dose3","Avelumab","55",3,2743.72840066523
"Avelumab_Monkey_Dose3","Avelumab","56",3,1678.11150838589
"Avelumab_Monkey_Dose3","Avelumab","57",3,2606.62916398723
"Avelumab_Monkey_Dose3","Avelumab","58",3,2613.42049450797
"Avelumab_Monkey_Dose3","Avelumab","59",3,1880.48569366538
"Avelumab_Monkey_Dose3","Avelumab","6",3,1936.60929009766
"Avelumab_Monkey_Dose3","Avelumab","60",3,2061.6624167437
"Avelumab_Monkey_Dose3","Avelumab","61",3,2855.62514038394
"Avelumab_Monkey_Dose3","Avelumab","62",3,2586.73351807008
"Avelumab_Monkey_Dose3","Avelumab","63",3,2071.21804614795
"Avelumab_Monkey_Dose3","Avelumab","64",3,2145.49407412393
"Avelumab_Monkey_Dose3","Avelumab","65",3,1935.92649808697
"Avelumab_Monkey_Dose3","Avelumab","66",3,3673.40241165955
"Avelumab_Monkey_Dose3","Avelumab","67",3,3111.76840809264
"Avelumab_Monkey_Dose3","Avelumab","68",3,1636.44452722612
"Avelumab_Monkey_Dose3","Avelumab","69",3,3626.51755638225
"Avelumab_Monkey_Dose3","Avelumab","7",3,2748.44288896673
"Avelumab_Monkey_Dose3","Avelumab","70",3,2204.4961888116
"Avelumab_Monkey_Dose3","Avelumab","71",3,1800.91281009203
"Avelumab_Monkey_Dose3","Avelumab","72",3,2215.71490067895
"Avelumab_Monkey_Dose3","Avelumab","73",3,1535.88991991505
"Avelumab_Monkey_Dose3","Avelumab","74",3,2367.04544507577
"Avelumab_Monkey_Dose3","Avelumab","75",3,3931.2312217141
"Avelumab_Monkey_Dose3","Avelumab","76",3,3085.00461466028
"Avelumab_Monkey_Dose3","Avelumab","77",3,2559.64598478316
"Avelumab_Monkey_Dose3","Avelumab","78",3,3715.40525804472
"Avelumab_Monkey_Dose3","Avelumab","79",3,1869.11193432823
"Avelumab_Monkey_Dose3","Avelumab","8",3,3156.03518664168
"Avelumab_Monkey_Dose3","Avelumab","80",3,3917.6722612126
"Avelumab_Monkey_Dose3","Avelumab","81",3,2989.51622759711
"Avelumab_Monkey_Dose3","Avelumab","82",3,1951.44461142439
"Avelumab_Monkey_Dose3","Avelumab","83",3,1743.13734165105
"Avelumab_Monkey_Dose3","Avelumab","84",3,2801.56738031573
"Avelumab_Monkey_Dose3","Avelumab","85",3,1451.73688694154
"Avelumab_Monkey_Dose3","Avelumab","86",3,4192.70198520705
"Avelumab_Monkey_Dose3","Avelumab","87",3,1625.00561362564
"Avelumab_Monkey_Dose3","Avelumab","88",3,1565.60240186474
"Avelumab_Monkey_Dose3","Avelumab","89",3,2582.27378755076
"Avelumab_Monkey_Dose3","Avelumab","9",3,3387.76175152911
"Avelumab_Monkey_Dose3","Avelumab","90",3,2778.44733056036
"Avelumab_Monkey_Dose3","Avelumab","91",3,1865.0238426227
"Avelumab_Monkey_Dose3","Avelumab","92",3,3197.50781590352
"Avelumab_Monkey_Dose3","Avelumab","93",3,2727.36075680409
"Avelumab_Monkey_Dose3","Avelumab","94",3,3018.70756998346
"Avelumab_Monkey_Dose3","Avelumab","95",3,3967.75771669384
"Avelumab_Monkey_Dose3","Avelumab","96",3,2691.4454958463
"Avelumab_Monkey_Dose3","Avelumab","97",3,3297.63926685403
"Avelumab_Monkey_Dose3","Avelumab","98",3,2115.0631815229
"Avelumab_Monkey_Dose3","Avelumab","99",3,2008.65708197176
"Nivolumab_Monkey_Dose0.3","Nivolumab","1",0.3,1450.13847166228
"Nivolumab_Monkey_Dose0.3","Nivolumab","10",0.3,1793.18822395556
"Nivolumab_Monkey_Dose0.3","Nivolumab","100",0.3,1227.8282064603
"Nivolumab_Monkey_Dose0.3","Nivolumab","11",0.3,1325.17225017162
"Nivolumab_Monkey_Dose0.3","Nivolumab","12",0.3,1153.43830833103
"Nivolumab_Monkey_Dose0.3","Nivolumab","13",0.3,1778.95405301253
"Nivolumab_Monkey_Dose0.3","Nivolumab","14",0.3,2327.01195548523
"Nivolumab_Monkey_Dose0.3","Nivolumab","15",0.3,1531.9572069877
"Nivolumab_Monkey_Dose0.3","Nivolumab","16",0.3,1090.91324197403
"Nivolumab_Monkey_Dose0.3","Nivolumab","17",0.3,1695.87729160727
"Nivolumab_Monkey_Dose0.3","Nivolumab","18",0.3,2431.92555375677
"Nivolumab_Monkey_Dose0.3","Nivolumab","19",0.3,1173.1293062346
"Nivolumab_Monkey_Dose0.3","Nivolumab","2",0.3,1010.89215900543
"Nivolumab_Monkey_Dose0.3","Nivolumab","20",0.3,1469.97502733387
"Nivolumab_Monkey_Dose0.3","Nivolumab","21",0.3,1517.0008033324
"Nivolumab_Monkey_Dose0.3","Nivolumab","22",0.3,1103.51800701368
"Nivolumab_Monkey_Dose0.3","Nivolumab","23",0.3,1693.63322041764
"Nivolumab_Monkey_Dose0.3","Nivolumab","24",0.3,1462.21287909931
"Nivolumab_Monkey_Dose0.3","Nivolumab","25",0.3,1174.88638965346
"Nivolumab_Monkey_Dose0.3","Nivolumab","26",0.3,2023.94206921118
"Nivolumab_Monkey_Dose0.3","Nivolumab","27",0.3,1517.58543319164
"Nivolumab_Monkey_Dose0.3","Nivolumab","28",0.3,1935.19189266757
"Nivolumab_Monkey_Dose0.3","Nivolumab","29",0.3,1673.81849536837
"Nivolumab_Monkey_Dose0.3","Nivolumab","3",0.3,1831.99053783092
"Nivolumab_Monkey_Dose0.3","Nivolumab","30",0.3,1222.98905497525
"Nivolumab_Monkey_Dose0.3","Nivolumab","31",0.3,1384.38724969408
"Nivolumab_Monkey_Dose0.3","Nivolumab","32",0.3,1264.96622074688
"Nivolumab_Monkey_Dose0.3","Nivolumab","33",0.3,1882.6869785485
"Nivolumab_Monkey_Dose0.3","Nivolumab","34",0.3,1274.74819803356
"Nivolumab_Monkey_Dose0.3","Nivolumab","35",0.3,1479.59782858388
"Nivolumab_Monkey_Dose0.3","Nivolumab","36",0.3,1654.06926142381
"Nivolumab_Monkey_Dose0.3","Nivolumab","37",0.3,1662.10465517952
"Nivolumab_Monkey_Dose0.3","Nivolumab","38",0.3,1402.28058012387
"Nivolumab_Monkey_Dose0.3","Nivolumab","39",0.3,1622.02477149157
"Nivolumab_Monkey_Dose0.3","Nivolumab","4",0.3,1221.30474773168
"Nivolumab_Monkey_Dose0.3","Nivolumab","40",0.3,1248.32854513347
"Nivolumab_Monkey_Dose0.3","Nivolumab","41",0.3,1195.28272204731
"Nivolumab_Monkey_Dose0.3","Nivolumab","42",0.3,2218.32905219222
"Nivolumab_Monkey_Dose0.3","Nivolumab","43",0.3,1976.58636463577
"Nivolumab_Monkey_Dose0.3","Nivolumab","44",0.3,924.469998847025
"Nivolumab_Monkey_Dose0.3","Nivolumab","45",0.3,1142.18445052787
"Nivolumab_Monkey_Dose0.3","Nivolumab","46",0.3,1548.95640512275
"Nivolumab_Monkey_Dose0.3","Nivolumab","47",0.3,1639.17859507646
"Nivolumab_Monkey_Dose0.3","Nivolumab","48",0.3,990.49307221743
"Nivolumab_Monkey_Dose0.3","Nivolumab","49",0.3,2175.37276785279
"Nivolumab_Monkey_Dose0.3","Nivolumab","5",0.3,1708.13801900302
"Nivolumab_Monkey_Dose0.3","Nivolumab","50",0.3,1741.69716321429
"Nivolumab_Monkey_Dose0.3","Nivolumab","51",0.3,1310.20433964193
"Nivolumab_Monkey_Dose0.3","Nivolumab","52",0.3,1194.42444912131
"Nivolumab_Monkey_Dose0.3","Nivolumab","53",0.3,1626.40808592373
"Nivolumab_Monkey_Dose0.3","Nivolumab","54",0.3,1246.4078546768
"Nivolumab_Monkey_Dose0.3","Nivolumab","55",0.3,1573.52260879761
"Nivolumab_Monkey_Dose0.3","Nivolumab","56",0.3,1695.37421861557
"Nivolumab_Monkey_Dose0.3","Nivolumab","57",0.3,1008.44401240458
"Nivolumab_Monkey_Dose0.3","Nivolumab","58",0.3,1617.14867327115
"Nivolumab_Monkey_Dose0.3","Nivolumab","59",0.3,1594.36002278523
"Nivolumab_Monkey_Dose0.3","Nivolumab","6",0.3,2111.70669241494
"Nivolumab_Monkey_Dose0.3","Nivolumab","60",0.3,1186.91191094955
"Nivolumab_Monkey_Dose0.3","Nivolumab","61",0.3,1234.07961192162
"Nivolumab_Monkey_Dose0.3","Nivolumab","62",0.3,1555.48450403891
"Nivolumab_Monkey_Dose0.3","Nivolumab","63",0.3,1677.25575297071
"Nivolumab_Monkey_Dose0.3","Nivolumab","64",0.3,1490.72510050084
"Nivolumab_Monkey_Dose0.3","Nivolumab","65",0.3,1798.63337806508
"Nivolumab_Monkey_Dose0.3","Nivolumab","66",0.3,2380.15974544403
"Nivolumab_Monkey_Dose0.3","Nivolumab","67",0.3,1798.71103653136
"Nivolumab_Monkey_Dose0.3","Nivolumab","68",0.3,1348.53471234446
"Nivolumab_Monkey_Dose0.3","Nivolumab","69",0.3,1559.26104700387
"Nivolumab_Monkey_Dose0.3","Nivolumab","7",0.3,833.417325753407
"Nivolumab_Monkey_Dose0.3","Nivolumab","70",0.3,1127.44300511006
"Nivolumab_Monkey_Dose0.3","Nivolumab","71",0.3,1275.58986599467
"Nivolumab_Monkey_Dose0.3","Nivolumab","72",0.3,1239.508866003
"Nivolumab_Monkey_Dose0.3","Nivolumab","73",0.3,1305.29848909505
"Nivolumab_Monkey_Dose0.3","Nivolumab","74",0.3,1663.58507324602
"Nivolumab_Monkey_Dose0.3","Nivolumab","75",0.3,1022.70159725607
"Nivolumab_Monkey_Dose0.3","Nivolumab","76",0.3,1115.63209036551
"Nivolumab_Monkey_Dose0.3","Nivolumab","77",0.3,1327.58388240989
"Nivolumab_Monkey_Dose0.3","Nivolumab","78",0.3,1555.98384007099
"Nivolumab_Monkey_Dose0.3","Nivolumab","79",0.3,963.504544468209
"Nivolumab_Monkey_Dose0.3","Nivolumab","8",0.3,1453.63655605378
"Nivolumab_Monkey_Dose0.3","Nivolumab","80",0.3,1569.43860222905
"Nivolumab_Monkey_Dose0.3","Nivolumab","81",0.3,1779.29715356746
"Nivolumab_Monkey_Dose0.3","Nivolumab","82",0.3,1749.08821369829
"Nivolumab_Monkey_Dose0.3","Nivolumab","83",0.3,1298.86699884245
"Nivolumab_Monkey_Dose0.3","Nivolumab","84",0.3,1508.05261547239
"Nivolumab_Monkey_Dose0.3","Nivolumab","85",0.3,1466.72255984256
"Nivolumab_Monkey_Dose0.3","Nivolumab","86",0.3,1674.8663898221
"Nivolumab_Monkey_Dose0.3","Nivolumab","87",0.3,1306.50165454815
"Nivolumab_Monkey_Dose0.3","Nivolumab","88",0.3,1765.96526609478
"Nivolumab_Monkey_Dose0.3","Nivolumab","89",0.3,1501.27523442281
"Nivolumab_Monkey_Dose0.3","Nivolumab","9",0.3,1497.05174148322
"Nivolumab_Monkey_Dose0.3","Nivolumab","90",0.3,1334.28239216215
"Nivolumab_Monkey_Dose0.3","Nivolumab","91",0.3,1822.29021440944
"Nivolumab_Monkey_Dose0.3","Nivolumab","92",0.3,1332.17646357168
"Nivolumab_Monkey_Dose0.3","Nivolumab","93",0.3,681.95948640278
"Nivolumab_Monkey_Dose0.3","Nivolumab","94",0.3,1670.55998106401
"Nivolumab_Monkey_Dose0.3","Nivolumab","95",0.3,1426.90144545397
"Nivolumab_Monkey_Dose0.3","Nivolumab","96",0.3,1612.35051960844
"Nivolumab_Monkey_Dose0.3","Nivolumab","97",0.3,1573.37652555338
"Nivolumab_Monkey_Dose0.3","Nivolumab","98",0.3,1670.67909002289
"Nivolumab_Monkey_Dose0.3","Nivolumab","99",0.3,1433.78832014107
"Nivolumab_Monkey_Dose10","Nivolumab","1",10,48408.7474947176
"Nivolumab_Monkey_Dose10","Nivolumab","10",10,59837.0086618773
"Nivolumab_Monkey_Dose10","Nivolumab","100",10,40978.2163594144
"Nivolumab_Monkey_Dose10","Nivolumab","11",10,44263.8524850732
"Nivolumab_Monkey_Dose10","Nivolumab","12",10,38524.483028478
"Nivolumab_Monkey_Dose10","Nivolumab","13",10,59392.5624867488
"Nivolumab_Monkey_Dose10","Nivolumab","14",10,77958.864194026
"Nivolumab_Monkey_Dose10","Nivolumab","15",10,51110.9891074023
"Nivolumab_Monkey_Dose10","Nivolumab","16",10,36412.7805618548
"Nivolumab_Monkey_Dose10","Nivolumab","17",10,56600.2218952717
"Nivolumab_Monkey_Dose10","Nivolumab","18",10,81206.1444169515
"Nivolumab_Monkey_Dose10","Nivolumab","19",10,39125.7647650398
"Nivolumab_Monkey_Dose10","Nivolumab","2",10,33741.7863026379
"Nivolumab_Monkey_Dose10","Nivolumab","20",10,49075.376663686
"Nivolumab_Monkey_Dose10","Nivolumab","21",10,50645.5265511231
"Nivolumab_Monkey_Dose10","Nivolumab","22",10,36857.7340734288
"Nivolumab_Monkey_Dose10","Nivolumab","23",10,56587.2774915732
"Nivolumab_Monkey_Dose10","Nivolumab","24",10,48804.9389074248
"Nivolumab_Monkey_Dose10","Nivolumab","25",10,39221.6517306343
"Nivolumab_Monkey_Dose10","Nivolumab","26",10,67625.4066344588
"Nivolumab_Monkey_Dose10","Nivolumab","27",10,50626.0307390245
"Nivolumab_Monkey_Dose10","Nivolumab","28",10,64569.9858851991
"Nivolumab_Monkey_Dose10","Nivolumab","29",10,56056.0405361865
"Nivolumab_Monkey_Dose10","Nivolumab","3",10,61263.2528930902
"Nivolumab_Monkey_Dose10","Nivolumab","30",10,40909.5768501066
"Nivolumab_Monkey_Dose10","Nivolumab","31",10,46227.8567306947
"Nivolumab_Monkey_Dose10","Nivolumab","32",10,42257.3232669624
"Nivolumab_Monkey_Dose10","Nivolumab","33",10,62837.1975086411
"Nivolumab_Monkey_Dose10","Nivolumab","34",10,42548.1334995926
"Nivolumab_Monkey_Dose10","Nivolumab","35",10,49359.0954282241
"Nivolumab_Monkey_Dose10","Nivolumab","36",10,55172.7077956888
"Nivolumab_Monkey_Dose10","Nivolumab","37",10,55484.1764454064
"Nivolumab_Monkey_Dose10","Nivolumab","38",10,46831.4194233356
"Nivolumab_Monkey_Dose10","Nivolumab","39",10,54182.6253285145
"Nivolumab_Monkey_Dose10","Nivolumab","4",10,40793.4666194494
"Nivolumab_Monkey_Dose10","Nivolumab","40",10,41656.7320385834
"Nivolumab_Monkey_Dose10","Nivolumab","41",10,40108.8818114626
"Nivolumab_Monkey_Dose10","Nivolumab","42",10,74075.7479556867
"Nivolumab_Monkey_Dose10","Nivolumab","43",10,66075.8473592662
"Nivolumab_Monkey_Dose10","Nivolumab","44",10,30900.5912797275
"Nivolumab_Monkey_Dose10","Nivolumab","45",10,38104.5974635748
"Nivolumab_Monkey_Dose10","Nivolumab","46",10,51752.3652211761
"Nivolumab_Monkey_Dose10","Nivolumab","47",10,55189.9715809485
"Nivolumab_Monkey_Dose10","Nivolumab","48",10,33033.0024959312
"Nivolumab_Monkey_Dose10","Nivolumab","49",10,72678.3347154199
"Nivolumab_Monkey_Dose10","Nivolumab","5",10,56969.8258007972
"Nivolumab_Monkey_Dose10","Nivolumab","50",10,58220.3511459105
"Nivolumab_Monkey_Dose10","Nivolumab","51",10,43766.5244777116
"Nivolumab_Monkey_Dose10","Nivolumab","52",10,39898.1127320486
"Nivolumab_Monkey_Dose10","Nivolumab","53",10,54315.6141425831
"Nivolumab_Monkey_Dose10","Nivolumab","54",10,41658.940773027
"Nivolumab_Monkey_Dose10","Nivolumab","55",10,52540.5886017036
"Nivolumab_Monkey_Dose10","Nivolumab","56",10,56602.0008834686
"Nivolumab_Monkey_Dose10","Nivolumab","57",10,33656.7771875999
"Nivolumab_Monkey_Dose10","Nivolumab","58",10,54097.1544865364
"Nivolumab_Monkey_Dose10","Nivolumab","59",10,53284.6722755871
"Nivolumab_Monkey_Dose10","Nivolumab","6",10,70598.198319597
"Nivolumab_Monkey_Dose10","Nivolumab","60",10,39656.998488741
"Nivolumab_Monkey_Dose10","Nivolumab","61",10,41218.1335029644
"Nivolumab_Monkey_Dose10","Nivolumab","62",10,51951.0723379009
"Nivolumab_Monkey_Dose10","Nivolumab","63",10,56050.2871595125
"Nivolumab_Monkey_Dose10","Nivolumab","64",10,49765.076319802
"Nivolumab_Monkey_Dose10","Nivolumab","65",10,60156.855693348
"Nivolumab_Monkey_Dose10","Nivolumab","66",10,79525.2007340829
"Nivolumab_Monkey_Dose10","Nivolumab","67",10,60152.079219376
"Nivolumab_Monkey_Dose10","Nivolumab","68",10,44987.0618115934
"Nivolumab_Monkey_Dose10","Nivolumab","69",10,52131.9620696732
"Nivolumab_Monkey_Dose10","Nivolumab","7",10,27801.4503196625
"Nivolumab_Monkey_Dose10","Nivolumab","70",10,37588.119557909
"Nivolumab_Monkey_Dose10","Nivolumab","71",10,42609.1068435577
"Nivolumab_Monkey_Dose10","Nivolumab","72",10,41320.4182691931
"Nivolumab_Monkey_Dose10","Nivolumab","73",10,43544.0063085487
"Nivolumab_Monkey_Dose10","Nivolumab","74",10,55505.8624070418
"Nivolumab_Monkey_Dose10","Nivolumab","75",10,34150.8724704313
"Nivolumab_Monkey_Dose10","Nivolumab","76",10,37572.197538653
"Nivolumab_Monkey_Dose10","Nivolumab","77",10,44326.952431837
"Nivolumab_Monkey_Dose10","Nivolumab","78",10,52010.1366973378
"Nivolumab_Monkey_Dose10","Nivolumab","79",10,32207.5969319597
"Nivolumab_Monkey_Dose10","Nivolumab","8",10,48532.5737700037
"Nivolumab_Monkey_Dose10","Nivolumab","80",10,52403.4835150504
"Nivolumab_Monkey_Dose10","Nivolumab","81",10,59409.969980741
"Nivolumab_Monkey_Dose10","Nivolumab","82",10,58351.5274457949
"Nivolumab_Monkey_Dose10","Nivolumab","83",10,43392.0741143052
"Nivolumab_Monkey_Dose10","Nivolumab","84",10,50321.5153353457
"Nivolumab_Monkey_Dose10","Nivolumab","85",10,48992.2813005062
"Nivolumab_Monkey_Dose10","Nivolumab","86",10,55968.0113041114
"Nivolumab_Monkey_Dose10","Nivolumab","87",10,43640.4766256597
"Nivolumab_Monkey_Dose10","Nivolumab","88",10,58985.1541349259
"Nivolumab_Monkey_Dose10","Nivolumab","89",10,50138.5336251967
"Nivolumab_Monkey_Dose10","Nivolumab","9",10,50020.3435935187
"Nivolumab_Monkey_Dose10","Nivolumab","90",10,44586.5657705007
"Nivolumab_Monkey_Dose10","Nivolumab","91",10,60825.0133936565
"Nivolumab_Monkey_Dose10","Nivolumab","92",10,44516.8913298284
"Nivolumab_Monkey_Dose10","Nivolumab","93",10,22763.4571328444
"Nivolumab_Monkey_Dose10","Nivolumab","94",10,55756.7640912632
"Nivolumab_Monkey_Dose10","Nivolumab","95",10,47798.6607433516
"Nivolumab_Monkey_Dose10","Nivolumab","96",10,53801.3967086708
"Nivolumab_Monkey_Dose10","Nivolumab","97",10,52601.7021937288
"Nivolumab_Monkey_Dose10","Nivolumab","98",10,55833.7765913774
"Nivolumab_Monkey_Dose10","Nivolumab","99",10,47887.3616095165
"Nivolumab_Monkey_Dose3","Nivolumab","1",3,14521.0144147782
"Nivolumab_Monkey_Dose3","Nivolumab","10",3,17949.6357420007
"Nivolumab_Monkey_Dose3","Nivolumab","100",3,12292.1590500534
"Nivolumab_Monkey_Dose3","Nivolumab","11",3,13276.9430782227
"Nivolumab_Monkey_Dose3","Nivolumab","12",3,11555.4280377723
"Nivolumab_Monkey_Dose3","Nivolumab","13",3,17815.6067152578
"Nivolumab_Monkey_Dose3","Nivolumab","14",3,23378.8179507296
"Nivolumab_Monkey_Dose3","Nivolumab","15",3,15332.2001787652
"Nivolumab_Monkey_Dose3","Nivolumab","16",3,10922.6581881877
"Nivolumab_Monkey_Dose3","Nivolumab","17",3,16978.4477173762
"Nivolumab_Monkey_Dose3","Nivolumab","18",3,24358.4941684864
"Nivolumab_Monkey_Dose3","Nivolumab","19",3,11737.2099936001
"Nivolumab_Monkey_Dose3","Nivolumab","2",3,10121.3664929197
"Nivolumab_Monkey_Dose3","Nivolumab","20",3,14720.7680419562
"Nivolumab_Monkey_Dose3","Nivolumab","21",3,15191.7953508887
"Nivolumab_Monkey_Dose3","Nivolumab","22",3,11055.3344666941
"Nivolumab_Monkey_Dose3","Nivolumab","23",3,16973.1236231669
"Nivolumab_Monkey_Dose3","Nivolumab","24",3,14639.9814042972
"Nivolumab_Monkey_Dose3","Nivolumab","25",3,11765.0522479957
"Nivolumab_Monkey_Dose3","Nivolumab","26",3,20284.0017599293
"Nivolumab_Monkey_Dose3","Nivolumab","27",3,15186.8279198088
"Nivolumab_Monkey_Dose3","Nivolumab","28",3,19369.5115775749
"Nivolumab_Monkey_Dose3","Nivolumab","29",3,16810.6372812157
"Nivolumab_Monkey_Dose3","Nivolumab","3",3,18374.3790683327
"Nivolumab_Monkey_Dose3","Nivolumab","30",3,12269.186152967
"Nivolumab_Monkey_Dose3","Nivolumab","31",3,13866.4738405411
"Nivolumab_Monkey_Dose3","Nivolumab","32",3,12675.0020653274
"Nivolumab_Monkey_Dose3","Nivolumab","33",3,18849.3078697791
"Nivolumab_Monkey_Dose3","Nivolumab","34",3,12762.9117643496
"Nivolumab_Monkey_Dose3","Nivolumab","35",3,14806.8558053898
"Nivolumab_Monkey_Dose3","Nivolumab","36",3,16550.9380061641
"Nivolumab_Monkey_Dose3","Nivolumab","37",3,16643.3546051191
"Nivolumab_Monkey_Dose3","Nivolumab","38",3,14047.1684041375
"Nivolumab_Monkey_Dose3","Nivolumab","39",3,16252.1938315444
"Nivolumab_Monkey_Dose3","Nivolumab","4",3,12236.0376041809
"Nivolumab_Monkey_Dose3","Nivolumab","40",3,12495.8970511732
"Nivolumab_Monkey_Dose3","Nivolumab","41",3,12026.0831259717
"Nivolumab_Monkey_Dose3","Nivolumab","42",3,22219.7920616906
"Nivolumab_Monkey_Dose3","Nivolumab","43",3,19818.4623423589
"Nivolumab_Monkey_Dose3","Nivolumab","44",3,9267.87624184248
"Nivolumab_Monkey_Dose3","Nivolumab","45",3,11430.6082336493
"Nivolumab_Monkey_Dose3","Nivolumab","46",3,15522.7408411147
"Nivolumab_Monkey_Dose3","Nivolumab","47",3,16544.0910976288
"Nivolumab_Monkey_Dose3","Nivolumab","48",3,9909.49960654876
"Nivolumab_Monkey_Dose3","Nivolumab","49",3,21799.7610286927
"Nivolumab_Monkey_Dose3","Nivolumab","5",3,17090.2210551675
"Nivolumab_Monkey_Dose3","Nivolumab","50",3,17462.3679504951
"Nivolumab_Monkey_Dose3","Nivolumab","51",3,13127.7350589864
"Nivolumab_Monkey_Dose3","Nivolumab","52",3,11967.4533563592
"Nivolumab_Monkey_Dose3","Nivolumab","53",3,16292.3654498173
"Nivolumab_Monkey_Dose3","Nivolumab","54",3,12494.9570288632
"Nivolumab_Monkey_Dose3","Nivolumab","55",3,15760.1061067069
"Nivolumab_Monkey_Dose3","Nivolumab","56",3,16978.4891482979
"Nivolumab_Monkey_Dose3","Nivolumab","57",3,10095.8998804725
"Nivolumab_Monkey_Dose3","Nivolumab","58",3,16224.7022627572
"Nivolumab_Monkey_Dose3","Nivolumab","59",3,15982.0906710911
"Nivolumab_Monkey_Dose3","Nivolumab","6",3,21174.8068530026
"Nivolumab_Monkey_Dose3","Nivolumab","60",3,11894.9130112432
"Nivolumab_Monkey_Dose3","Nivolumab","61",3,12363.3756503441
"Nivolumab_Monkey_Dose3","Nivolumab","62",3,15582.8912174521
"Nivolumab_Monkey_Dose3","Nivolumab","63",3,16811.6404669728
"Nivolumab_Monkey_Dose3","Nivolumab","64",3,14927.7159864296
"Nivolumab_Monkey_Dose3","Nivolumab","65",3,18042.329214337
"Nivolumab_Monkey_Dose3","Nivolumab","66",3,23853.330992419
"Nivolumab_Monkey_Dose3","Nivolumab","67",3,18041.2720294892
"Nivolumab_Monkey_Dose3","Nivolumab","68",3,13495.2058773434
"Nivolumab_Monkey_Dose3","Nivolumab","69",3,15635.8868831504
"Nivolumab_Monkey_Dose3","Nivolumab","7",3,8339.90239022633
"Nivolumab_Monkey_Dose3","Nivolumab","70",3,11276.2793269339
"Nivolumab_Monkey_Dose3","Nivolumab","71",3,12780.2959768218
"Nivolumab_Monkey_Dose3","Nivolumab","72",3,12396.0733069471
"Nivolumab_Monkey_Dose3","Nivolumab","73",3,13062.2840714838
"Nivolumab_Monkey_Dose3","Nivolumab","74",3,16650.5631069691
"Nivolumab_Monkey_Dose3","Nivolumab","75",3,10243.6669429354
"Nivolumab_Monkey_Dose3","Nivolumab","76",3,11262.6213064576
"Nivolumab_Monkey_Dose3","Nivolumab","77",3,13296.3083977494
"Nivolumab_Monkey_Dose3","Nivolumab","78",3,15599.6845270773
"Nivolumab_Monkey_Dose3","Nivolumab","79",3,9659.8625302015
"Nivolumab_Monkey_Dose3","Nivolumab","8",3,14557.8745694721
"Nivolumab_Monkey_Dose3","Nivolumab","80",3,15718.9685430821
"Nivolumab_Monkey_Dose3","Nivolumab","81",3,17820.6247376098
"Nivolumab_Monkey_Dose3","Nivolumab","82",3,17504.3439840667
"Nivolumab_Monkey_Dose3","Nivolumab","83",3,13015.1217729589
"Nivolumab_Monkey_Dose3","Nivolumab","84",3,15095.1823301313
"Nivolumab_Monkey_Dose3","Nivolumab","85",3,14695.0600024788
"Nivolumab_Monkey_Dose3","Nivolumab","86",3,16786.9733054811
"Nivolumab_Monkey_Dose3","Nivolumab","87",3,13090.0464065562
"Nivolumab_Monkey_Dose3","Nivolumab","88",3,17692.7990980132
"Nivolumab_Monkey_Dose3","Nivolumab","89",3,15039.2873522671
"Nivolumab_Monkey_Dose3","Nivolumab","9",3,15003.3944551906
"Nivolumab_Monkey_Dose3","Nivolumab","90",3,13373.3454960654
"Nivolumab_Monkey_Dose3","Nivolumab","91",3,18245.6324551295
"Nivolumab_Monkey_Dose3","Nivolumab","92",3,13352.5452171567
"Nivolumab_Monkey_Dose3","Nivolumab","93",3,6828.03796020848
"Nivolumab_Monkey_Dose3","Nivolumab","94",3,16725.3533801679
"Nivolumab_Monkey_Dose3","Nivolumab","95",3,14333.7148325024
"Nivolumab_Monkey_Dose3","Nivolumab","96",3,16139.1231080307
"Nivolumab_Monkey_Dose3","Nivolumab","97",3,15776.7952771932
"Nivolumab_Monkey_Dose3","Nivolumab","98",3,16746.7017676743
"Nivolumab_Monkey_Dose3","Nivolumab","99",3,14363.9695883488
"Pembrolizumab_Monkey_Dose0.3","Pembrolizumab","1",0.3,1294.06914770652
"Pembrolizumab_Monkey_Dose0.3","Pembrolizumab","10",0.3,1493.0694585189
"Pembrolizumab_Monkey_Dose0.3","Pembrolizumab","100",0.3,1144.08846109111
"Pembrolizumab_Monkey_Dose0.3","Pembrolizumab","11",0.3,1901.43274596494
"Pembrolizumab_Monkey_Dose0.3","Pembrolizumab","12",0.3,1626.22687634816
"Pembrolizumab_Monkey_Dose0.3","Pembrolizumab","13",0.3,1502.96924114035
"Pembrolizumab_Monkey_Dose0.3","Pembrolizumab","14",0.3,1813.39509822341
"Pembrolizumab_Monkey_Dose0.3","Pembrolizumab","15",0.3,1427.35208131248
"Pembrolizumab_Monkey_Dose0.3","Pembrolizumab","16",0.3,1220.82024964809
"Pembrolizumab_Monkey_Dose0.3","Pembrolizumab","17",0.3,1290.48621666814
"Pembrolizumab_Monkey_Dose0.3","Pembrolizumab","18",0.3,1051.55643068684
"Pembrolizumab_Monkey_Dose0.3","Pembrolizumab","19",0.3,1160.4129047146
"Pembrolizumab_Monkey_Dose0.3","Pembrolizumab","2",0.3,1520.65955885501
"Pembrolizumab_Monkey_Dose0.3","Pembrolizumab","20",0.3,1626.82798865732
"Pembrolizumab_Monkey_Dose0.3","Pembrolizumab","21",0.3,2261.32710778074
"Pembrolizumab_Monkey_Dose0.3","Pembrolizumab","22",0.3,1250.38704510185
"Pembrolizumab_Monkey_Dose0.3","Pembrolizumab","23",0.3,1909.53574261521
"Pembrolizumab_Monkey_Dose0.3","Pembrolizumab","24",0.3,941.58387076313
"Pembrolizumab_Monkey_Dose0.3","Pembrolizumab","25",0.3,2508.44740093559
"Pembrolizumab_Monkey_Dose0.3","Pembrolizumab","26",0.3,1589.59445209842
"Pembrolizumab_Monkey_Dose0.3","Pembrolizumab","27",0.3,2076.71936094199
"Pembrolizumab_Monkey_Dose0.3","Pembrolizumab","28",0.3,1529.40056175429
"Pembrolizumab_Monkey_Dose0.3","Pembrolizumab","29",0.3,1492.31947713705
"Pembrolizumab_Monkey_Dose0.3","Pembrolizumab","3",0.3,1166.55301761298
"Pembrolizumab_Monkey_Dose0.3","Pembrolizumab","30",0.3,1583.18520549699
"Pembrolizumab_Monkey_Dose0.3","Pembrolizumab","31",0.3,2071.76673104353
"Pembrolizumab_Monkey_Dose0.3","Pembrolizumab","32",0.3,1567.14191947097
"Pembrolizumab_Monkey_Dose0.3","Pembrolizumab","33",0.3,1093.17271041728
"Pembrolizumab_Monkey_Dose0.3","Pembrolizumab","34",0.3,1335.9970473668
"Pembrolizumab_Monkey_Dose0.3","Pembrolizumab","35",0.3,1013.717210788
"Pembrolizumab_Monkey_Dose0.3","Pembrolizumab","36",0.3,1430.98027430673
"Pembrolizumab_Monkey_Dose0.3","Pembrolizumab","37",0.3,1130.69127045456
"Pembrolizumab_Monkey_Dose0.3","Pembrolizumab","38",0.3,1407.46131146846
"Pembrolizumab_Monkey_Dose0.3","Pembrolizumab","39",0.3,1161.44992761498
"Pembrolizumab_Monkey_Dose0.3","Pembrolizumab","4",0.3,1413.60436216507
"Pembrolizumab_Monkey_Dose0.3","Pembrolizumab","40",0.3,1235.77109793002
"Pembrolizumab_Monkey_Dose0.3","Pembrolizumab","41",0.3,1996.14201478188
"Pembrolizumab_Monkey_Dose0.3","Pembrolizumab","42",0.3,962.761256358707
"Pembrolizumab_Monkey_Dose0.3","Pembrolizumab","43",0.3,1088.77253903855
"Pembrolizumab_Monkey_Dose0.3","Pembrolizumab","44",0.3,1554.94907949493
"Pembrolizumab_Monkey_Dose0.3","Pembrolizumab","45",0.3,1683.15007284377
"Pembrolizumab_Monkey_Dose0.3","Pembrolizumab","46",0.3,1596.18937734477
"Pembrolizumab_Monkey_Dose0.3","Pembrolizumab","47",0.3,1457.44913987343
"Pembrolizumab_Monkey_Dose0.3","Pembrolizumab","48",0.3,1578.27765114496
"Pembrolizumab_Monkey_Dose0.3","Pembrolizumab","49",0.3,1459.41264849042
"Pembrolizumab_Monkey_Dose0.3","Pembrolizumab","5",0.3,903.270282708704
"Pembrolizumab_Monkey_Dose0.3","Pembrolizumab","50",0.3,1390.62526893278
"Pembrolizumab_Monkey_Dose0.3","Pembrolizumab","51",0.3,1736.93010160734
"Pembrolizumab_Monkey_Dose0.3","Pembrolizumab","52",0.3,1519.25046684098
"Pembrolizumab_Monkey_Dose0.3","Pembrolizumab","53",0.3,1044.79676137141
"Pembrolizumab_Monkey_Dose0.3","Pembrolizumab","54",0.3,1246.76667923408
"Pembrolizumab_Monkey_Dose0.3","Pembrolizumab","55",0.3,1351.23718938525
"Pembrolizumab_Monkey_Dose0.3","Pembrolizumab","56",0.3,1778.46681132796
"Pembrolizumab_Monkey_Dose0.3","Pembrolizumab","57",0.3,1273.85926578449
"Pembrolizumab_Monkey_Dose0.3","Pembrolizumab","58",0.3,1403.51934565485
"Pembrolizumab_Monkey_Dose0.3","Pembrolizumab","59",0.3,1584.53587095846
"Pembrolizumab_Monkey_Dose0.3","Pembrolizumab","6",0.3,1388.88663471999
"Pembrolizumab_Monkey_Dose0.3","Pembrolizumab","60",0.3,1590.93454251626
"Pembrolizumab_Monkey_Dose0.3","Pembrolizumab","61",0.3,1927.33286697123
"Pembrolizumab_Monkey_Dose0.3","Pembrolizumab","62",0.3,1650.51132699915
"Pembrolizumab_Monkey_Dose0.3","Pembrolizumab","63",0.3,1858.68395340704
"Pembrolizumab_Monkey_Dose0.3","Pembrolizumab","64",0.3,1410.15338287467
"Pembrolizumab_Monkey_Dose0.3","Pembrolizumab","65",0.3,1026.44063935719
"Pembrolizumab_Monkey_Dose0.3","Pembrolizumab","66",0.3,1558.19879310699
"Pembrolizumab_Monkey_Dose0.3","Pembrolizumab","67",0.3,1488.17597600135
"Pembrolizumab_Monkey_Dose0.3","Pembrolizumab","68",0.3,2275.09610973164
"Pembrolizumab_Monkey_Dose0.3","Pembrolizumab","69",0.3,1791.43420206178
"Pembrolizumab_Monkey_Dose0.3","Pembrolizumab","7",0.3,1693.8838994867
"Pembrolizumab_Monkey_Dose0.3","Pembrolizumab","70",0.3,1706.68732241664
"Pembrolizumab_Monkey_Dose0.3","Pembrolizumab","71",0.3,1707.64085888243
"Pembrolizumab_Monkey_Dose0.3","Pembrolizumab","72",0.3,1215.88802817382
"Pembrolizumab_Monkey_Dose0.3","Pembrolizumab","73",0.3,1629.17788500856
"Pembrolizumab_Monkey_Dose0.3","Pembrolizumab","74",0.3,1615.8485473779
"Pembrolizumab_Monkey_Dose0.3","Pembrolizumab","75",0.3,1438.73584957001
"Pembrolizumab_Monkey_Dose0.3","Pembrolizumab","76",0.3,1532.60993504219
"Pembrolizumab_Monkey_Dose0.3","Pembrolizumab","77",0.3,1666.35910616135
"Pembrolizumab_Monkey_Dose0.3","Pembrolizumab","78",0.3,1660.16237833855
"Pembrolizumab_Monkey_Dose0.3","Pembrolizumab","79",0.3,1314.34564774628
"Pembrolizumab_Monkey_Dose0.3","Pembrolizumab","8",0.3,1234.52120106695
"Pembrolizumab_Monkey_Dose0.3","Pembrolizumab","80",0.3,1189.27325383704
"Pembrolizumab_Monkey_Dose0.3","Pembrolizumab","81",0.3,1571.9089582854
"Pembrolizumab_Monkey_Dose0.3","Pembrolizumab","82",0.3,1950.19348078933
"Pembrolizumab_Monkey_Dose0.3","Pembrolizumab","83",0.3,1493.75323613399
"Pembrolizumab_Monkey_Dose0.3","Pembrolizumab","84",0.3,860.071192194693
"Pembrolizumab_Monkey_Dose0.3","Pembrolizumab","85",0.3,1824.82968055481
"Pembrolizumab_Monkey_Dose0.3","Pembrolizumab","86",0.3,1700.11097706651
"Pembrolizumab_Monkey_Dose0.3","Pembrolizumab","87",0.3,1264.04398121995
"Pembrolizumab_Monkey_Dose0.3","Pembrolizumab","88",0.3,2100.50022324871
"Pembrolizumab_Monkey_Dose0.3","Pembrolizumab","89",0.3,1162.62026965469
"Pembrolizumab_Monkey_Dose0.3","Pembrolizumab","9",0.3,729.697410434945
"Pembrolizumab_Monkey_Dose0.3","Pembrolizumab","90",0.3,1104.92181692707
"Pembrolizumab_Monkey_Dose0.3","Pembrolizumab","91",0.3,2143.49444586229
"Pembrolizumab_Monkey_Dose0.3","Pembrolizumab","92",0.3,1850.41350326493
"Pembrolizumab_Monkey_Dose0.3","Pembrolizumab","93",0.3,1565.50087380093
"Pembrolizumab_Monkey_Dose0.3","Pembrolizumab","94",0.3,1599.09870743797
"Pembrolizumab_Monkey_Dose0.3","Pembrolizumab","95",0.3,1105.69187432921
"Pembrolizumab_Monkey_Dose0.3","Pembrolizumab","96",0.3,806.837807935992
"Pembrolizumab_Monkey_Dose0.3","Pembrolizumab","97",0.3,1207.51918060081
"Pembrolizumab_Monkey_Dose0.3","Pembrolizumab","98",0.3,1224.86521853224
"Pembrolizumab_Monkey_Dose0.3","Pembrolizumab","99",0.3,1949.00734971475
"Pembrolizumab_Monkey_Dose10","Pembrolizumab","1",10,43157.3686570059
"Pembrolizumab_Monkey_Dose10","Pembrolizumab","10",10,49829.2439832802
"Pembrolizumab_Monkey_Dose10","Pembrolizumab","100",10,38162.6513262443
"Pembrolizumab_Monkey_Dose10","Pembrolizumab","11",10,63389.526391184
"Pembrolizumab_Monkey_Dose10","Pembrolizumab","12",10,54235.3318982094
"Pembrolizumab_Monkey_Dose10","Pembrolizumab","13",10,50131.3389217707
"Pembrolizumab_Monkey_Dose10","Pembrolizumab","14",10,60480.1660860874
"Pembrolizumab_Monkey_Dose10","Pembrolizumab","15",10,47590.3549835314
"Pembrolizumab_Monkey_Dose10","Pembrolizumab","16",10,40747.9064299082
"Pembrolizumab_Monkey_Dose10","Pembrolizumab","17",10,43022.3863129264
"Pembrolizumab_Monkey_Dose10","Pembrolizumab","18",10,35018.803311233
"Pembrolizumab_Monkey_Dose10","Pembrolizumab","19",10,38640.3111354813
"Pembrolizumab_Monkey_Dose10","Pembrolizumab","2",10,50794.5086296426
"Pembrolizumab_Monkey_Dose10","Pembrolizumab","20",10,54267.2253959781
"Pembrolizumab_Monkey_Dose10","Pembrolizumab","21",10,75504.0972256566
"Pembrolizumab_Monkey_Dose10","Pembrolizumab","22",10,41771.0433601284
"Pembrolizumab_Monkey_Dose10","Pembrolizumab","23",10,63674.3809741619
"Pembrolizumab_Monkey_Dose10","Pembrolizumab","24",10,31373.6153677657
"Pembrolizumab_Monkey_Dose10","Pembrolizumab","25",10,83674.5149835034
"Pembrolizumab_Monkey_Dose10","Pembrolizumab","26",10,53023.5154792219
"Pembrolizumab_Monkey_Dose10","Pembrolizumab","27",10,69260.8788237932
"Pembrolizumab_Monkey_Dose10","Pembrolizumab","28",10,51009.6569494443
"Pembrolizumab_Monkey_Dose10","Pembrolizumab","29",10,49745.1418459251
"Pembrolizumab_Monkey_Dose10","Pembrolizumab","3",10,38868.7245274762
"Pembrolizumab_Monkey_Dose10","Pembrolizumab","30",10,52797.8958311519
"Pembrolizumab_Monkey_Dose10","Pembrolizumab","31",10,69066.7375635997
"Pembrolizumab_Monkey_Dose10","Pembrolizumab","32",10,52298.5466657684
"Pembrolizumab_Monkey_Dose10","Pembrolizumab","33",10,36424.3074599847
"Pembrolizumab_Monkey_Dose10","Pembrolizumab","34",10,44585.6493842781
"Pembrolizumab_Monkey_Dose10","Pembrolizumab","35",10,33786.7673047098
"Pembrolizumab_Monkey_Dose10","Pembrolizumab","36",10,47736.2619508742
"Pembrolizumab_Monkey_Dose10","Pembrolizumab","37",10,37694.9727448935
"Pembrolizumab_Monkey_Dose10","Pembrolizumab","38",10,46972.8715303993
"Pembrolizumab_Monkey_Dose10","Pembrolizumab","39",10,38741.6913344747
"Pembrolizumab_Monkey_Dose10","Pembrolizumab","4",10,47141.0435465953
"Pembrolizumab_Monkey_Dose10","Pembrolizumab","40",10,41190.368513808
"Pembrolizumab_Monkey_Dose10","Pembrolizumab","41",10,66534.5830436059
"Pembrolizumab_Monkey_Dose10","Pembrolizumab","42",10,32117.3510022145
"Pembrolizumab_Monkey_Dose10","Pembrolizumab","43",10,36375.1265925864
"Pembrolizumab_Monkey_Dose10","Pembrolizumab","44",10,51850.0477623449
"Pembrolizumab_Monkey_Dose10","Pembrolizumab","45",10,56133.6980537581
"Pembrolizumab_Monkey_Dose10","Pembrolizumab","46",10,53245.1063569499
"Pembrolizumab_Monkey_Dose10","Pembrolizumab","47",10,48614.7166783443
"Pembrolizumab_Monkey_Dose10","Pembrolizumab","48",10,52622.5556943802
"Pembrolizumab_Monkey_Dose10","Pembrolizumab","49",10,48680.969949809
"Pembrolizumab_Monkey_Dose10","Pembrolizumab","5",10,30184.0297249681
"Pembrolizumab_Monkey_Dose10","Pembrolizumab","50",10,46399.4703636705
"Pembrolizumab_Monkey_Dose10","Pembrolizumab","51",10,57934.9267275318
"Pembrolizumab_Monkey_Dose10","Pembrolizumab","52",10,50646.8234512374
"Pembrolizumab_Monkey_Dose10","Pembrolizumab","53",10,34812.3764273699
"Pembrolizumab_Monkey_Dose10","Pembrolizumab","54",10,41573.5821970318
"Pembrolizumab_Monkey_Dose10","Pembrolizumab","55",10,45055.1732761888
"Pembrolizumab_Monkey_Dose10","Pembrolizumab","56",10,59315.1266055006
"Pembrolizumab_Monkey_Dose10","Pembrolizumab","57",10,42464.5836652213
"Pembrolizumab_Monkey_Dose10","Pembrolizumab","58",10,46886.0401808688
"Pembrolizumab_Monkey_Dose10","Pembrolizumab","59",10,52873.5483672007
"Pembrolizumab_Monkey_Dose10","Pembrolizumab","6",10,46296.7596825329
"Pembrolizumab_Monkey_Dose10","Pembrolizumab","60",10,53079.6819386927
"Pembrolizumab_Monkey_Dose10","Pembrolizumab","61",10,64235.6220672506
"Pembrolizumab_Monkey_Dose10","Pembrolizumab","62",10,55040.0074023431
"Pembrolizumab_Monkey_Dose10","Pembrolizumab","63",10,61983.0570893925
"Pembrolizumab_Monkey_Dose10","Pembrolizumab","64",10,47101.3399180166
"Pembrolizumab_Monkey_Dose10","Pembrolizumab","65",10,34230.488291974
"Pembrolizumab_Monkey_Dose10","Pembrolizumab","66",10,51968.8841112703
"Pembrolizumab_Monkey_Dose10","Pembrolizumab","67",10,49652.0009774929
"Pembrolizumab_Monkey_Dose10","Pembrolizumab","68",10,75908.8570644656
"Pembrolizumab_Monkey_Dose10","Pembrolizumab","69",10,59741.4385583938
"Pembrolizumab_Monkey_Dose10","Pembrolizumab","7",10,56500.5288144969
"Pembrolizumab_Monkey_Dose10","Pembrolizumab","70",10,56908.7008487575
"Pembrolizumab_Monkey_Dose10","Pembrolizumab","71",10,56959.9647952469
"Pembrolizumab_Monkey_Dose10","Pembrolizumab","72",10,40636.177985686
"Pembrolizumab_Monkey_Dose10","Pembrolizumab","73",10,54338.2887782205
"Pembrolizumab_Monkey_Dose10","Pembrolizumab","74",10,53915.5862891201
"Pembrolizumab_Monkey_Dose10","Pembrolizumab","75",10,48017.6738805478
"Pembrolizumab_Monkey_Dose10","Pembrolizumab","76",10,51144.3085120237
"Pembrolizumab_Monkey_Dose10","Pembrolizumab","77",10,55559.0170757263
"Pembrolizumab_Monkey_Dose10","Pembrolizumab","78",10,55383.0126719337
"Pembrolizumab_Monkey_Dose10","Pembrolizumab","79",10,43847.7261088159
"Pembrolizumab_Monkey_Dose10","Pembrolizumab","8",10,41286.6989029138
"Pembrolizumab_Monkey_Dose10","Pembrolizumab","80",10,39650.3147860857
"Pembrolizumab_Monkey_Dose10","Pembrolizumab","81",10,52437.6088429336
"Pembrolizumab_Monkey_Dose10","Pembrolizumab","82",10,65032.369941883
"Pembrolizumab_Monkey_Dose10","Pembrolizumab","83",10,49822.1531641329
"Pembrolizumab_Monkey_Dose10","Pembrolizumab","84",10,28657.8840140374
"Pembrolizumab_Monkey_Dose10","Pembrolizumab","85",10,60855.3616574135
"Pembrolizumab_Monkey_Dose10","Pembrolizumab","86",10,56676.6857802199
"Pembrolizumab_Monkey_Dose10","Pembrolizumab","87",10,42137.3880121425
"Pembrolizumab_Monkey_Dose10","Pembrolizumab","88",10,70090.1788091773
"Pembrolizumab_Monkey_Dose10","Pembrolizumab","89",10,38744.2286656191
"Pembrolizumab_Monkey_Dose10","Pembrolizumab","9",10,24292.9447698135
"Pembrolizumab_Monkey_Dose10","Pembrolizumab","90",10,36844.9223108428
"Pembrolizumab_Monkey_Dose10","Pembrolizumab","91",10,71703.8351051794
"Pembrolizumab_Monkey_Dose10","Pembrolizumab","92",10,61687.397122289
"Pembrolizumab_Monkey_Dose10","Pembrolizumab","93",10,52198.6007728079
"Pembrolizumab_Monkey_Dose10","Pembrolizumab","94",10,53287.5441505069
"Pembrolizumab_Monkey_Dose10","Pembrolizumab","95",10,36852.4230253295
"Pembrolizumab_Monkey_Dose10","Pembrolizumab","96",10,26901.3289149741
"Pembrolizumab_Monkey_Dose10","Pembrolizumab","97",10,40259.5469314071
"Pembrolizumab_Monkey_Dose10","Pembrolizumab","98",10,40853.5895362491
"Pembrolizumab_Monkey_Dose10","Pembrolizumab","99",10,65048.7857955379
"Pembrolizumab_Monkey_Dose3","Pembrolizumab","1",3,12946.7275181733
"Pembrolizumab_Monkey_Dose3","Pembrolizumab","10",3,14947.3956142947
"Pembrolizumab_Monkey_Dose3","Pembrolizumab","100",3,11448.2085253504
"Pembrolizumab_Monkey_Dose3","Pembrolizumab","11",3,19016.6756747387
"Pembrolizumab_Monkey_Dose3","Pembrolizumab","12",3,16269.9860460963
"Pembrolizumab_Monkey_Dose3","Pembrolizumab","13",3,15038.6862769276
"Pembrolizumab_Monkey_Dose3","Pembrolizumab","14",3,18143.2996296136
"Pembrolizumab_Monkey_Dose3","Pembrolizumab","15",3,14276.8666684021
"Pembrolizumab_Monkey_Dose3","Pembrolizumab","16",3,12223.1771373484
"Pembrolizumab_Monkey_Dose3","Pembrolizumab","17",3,12906.5836901086
"Pembrolizumab_Monkey_Dose3","Pembrolizumab","18",3,10506.7075323741
"Pembrolizumab_Monkey_Dose3","Pembrolizumab","19",3,11593.1048539475
"Pembrolizumab_Monkey_Dose3","Pembrolizumab","2",3,15235.9518321495
"Pembrolizumab_Monkey_Dose3","Pembrolizumab","20",3,16279.2992497393
"Pembrolizumab_Monkey_Dose3","Pembrolizumab","21",3,22648.4562456822
"Pembrolizumab_Monkey_Dose3","Pembrolizumab","22",3,12529.2982867988
"Pembrolizumab_Monkey_Dose3","Pembrolizumab","23",3,19101.8076145513
"Pembrolizumab_Monkey_Dose3","Pembrolizumab","24",3,9412.47027918973
"Pembrolizumab_Monkey_Dose3","Pembrolizumab","25",3,25101.0411198073
"Pembrolizumab_Monkey_Dose3","Pembrolizumab","26",3,15906.2042389299
"Pembrolizumab_Monkey_Dose3","Pembrolizumab","27",3,20777.4496364628
"Pembrolizumab_Monkey_Dose3","Pembrolizumab","28",3,15302.2400991413
"Pembrolizumab_Monkey_Dose3","Pembrolizumab","29",3,14923.5197259796
"Pembrolizumab_Monkey_Dose3","Pembrolizumab","3",3,11661.1224220368
"Pembrolizumab_Monkey_Dose3","Pembrolizumab","30",3,15838.8127826821
"Pembrolizumab_Monkey_Dose3","Pembrolizumab","31",3,20719.8511188562
"Pembrolizumab_Monkey_Dose3","Pembrolizumab","32",3,15688.2364175034
"Pembrolizumab_Monkey_Dose3","Pembrolizumab","33",3,10927.6430504861
"Pembrolizumab_Monkey_Dose3","Pembrolizumab","34",3,13374.5213655621
"Pembrolizumab_Monkey_Dose3","Pembrolizumab","35",3,10136.1263115147
"Pembrolizumab_Monkey_Dose3","Pembrolizumab","36",3,14320.032166845
"Pembrolizumab_Monkey_Dose3","Pembrolizumab","37",3,11308.3847771657
"Pembrolizumab_Monkey_Dose3","Pembrolizumab","38",3,14090.5884227403
"Pembrolizumab_Monkey_Dose3","Pembrolizumab","39",3,11621.8955483347
"Pembrolizumab_Monkey_Dose3","Pembrolizumab","4",3,14141.8496874761
"Pembrolizumab_Monkey_Dose3","Pembrolizumab","40",3,12357.1817385523
"Pembrolizumab_Monkey_Dose3","Pembrolizumab","41",3,19960.4593767296
"Pembrolizumab_Monkey_Dose3","Pembrolizumab","42",3,9634.63760452727
"Pembrolizumab_Monkey_Dose3","Pembrolizumab","43",3,10910.6552886934
"Pembrolizumab_Monkey_Dose3","Pembrolizumab","44",3,15554.6110963048
"Pembrolizumab_Monkey_Dose3","Pembrolizumab","45",3,16839.4775784745
"Pembrolizumab_Monkey_Dose3","Pembrolizumab","46",3,15972.6581021996
"Pembrolizumab_Monkey_Dose3","Pembrolizumab","47",3,14583.6767521095
"Pembrolizumab_Monkey_Dose3","Pembrolizumab","48",3,15786.4768485417
"Pembrolizumab_Monkey_Dose3","Pembrolizumab","49",3,14603.5198781734
"Pembrolizumab_Monkey_Dose3","Pembrolizumab","5",3,9053.47378413206
"Pembrolizumab_Monkey_Dose3","Pembrolizumab","50",3,13918.8436109625
"Pembrolizumab_Monkey_Dose3","Pembrolizumab","51",3,17379.6521785219
"Pembrolizumab_Monkey_Dose3","Pembrolizumab","52",3,15193.9362957212
"Pembrolizumab_Monkey_Dose3","Pembrolizumab","53",3,10444.1090907131
"Pembrolizumab_Monkey_Dose3","Pembrolizumab","54",3,12471.7511968789
"Pembrolizumab_Monkey_Dose3","Pembrolizumab","55",3,13516.248917016
"Pembrolizumab_Monkey_Dose3","Pembrolizumab","56",3,17793.8181169488
"Pembrolizumab_Monkey_Dose3","Pembrolizumab","57",3,12739.3304113997
"Pembrolizumab_Monkey_Dose3","Pembrolizumab","58",3,14063.5232689319
"Pembrolizumab_Monkey_Dose3","Pembrolizumab","59",3,15860.7920242562
"Pembrolizumab_Monkey_Dose3","Pembrolizumab","6",3,13889.0233104814
"Pembrolizumab_Monkey_Dose3","Pembrolizumab","60",3,15922.8299296896
"Pembrolizumab_Monkey_Dose3","Pembrolizumab","61",3,19270.8835525787
"Pembrolizumab_Monkey_Dose3","Pembrolizumab","62",3,16511.4966946671
"Pembrolizumab_Monkey_Dose3","Pembrolizumab","63",3,18594.3238145815
"Pembrolizumab_Monkey_Dose3","Pembrolizumab","64",3,14128.2750223772
"Pembrolizumab_Monkey_Dose3","Pembrolizumab","65",3,10268.7991458235
"Pembrolizumab_Monkey_Dose3","Pembrolizumab","66",3,15590.0291058697
"Pembrolizumab_Monkey_Dose3","Pembrolizumab","67",3,14894.5785393148
"Pembrolizumab_Monkey_Dose3","Pembrolizumab","68",3,22771.0808403363
"Pembrolizumab_Monkey_Dose3","Pembrolizumab","69",3,17921.8295363269
"Pembrolizumab_Monkey_Dose3","Pembrolizumab","7",3,16949.3122588885
"Pembrolizumab_Monkey_Dose3","Pembrolizumab","70",3,17072.1866813228
"Pembrolizumab_Monkey_Dose3","Pembrolizumab","71",3,17087.1438123389
"Pembrolizumab_Monkey_Dose3","Pembrolizumab","72",3,12188.459447277
"Pembrolizumab_Monkey_Dose3","Pembrolizumab","73",3,16300.7727275104
"Pembrolizumab_Monkey_Dose3","Pembrolizumab","74",3,16173.4616222507
"Pembrolizumab_Monkey_Dose3","Pembrolizumab","75",3,14403.9853648541
"Pembrolizumab_Monkey_Dose3","Pembrolizumab","76",3,15342.0387696167
"Pembrolizumab_Monkey_Dose3","Pembrolizumab","77",3,16667.4039346163
"Pembrolizumab_Monkey_Dose3","Pembrolizumab","78",3,16613.9241995447
"Pembrolizumab_Monkey_Dose3","Pembrolizumab","79",3,13153.5198325705
"Pembrolizumab_Monkey_Dose3","Pembrolizumab","8",3,12382.9194982377
"Pembrolizumab_Monkey_Dose3","Pembrolizumab","80",3,11894.9259515376
"Pembrolizumab_Monkey_Dose3","Pembrolizumab","81",3,15730.3907551452
"Pembrolizumab_Monkey_Dose3","Pembrolizumab","82",3,19509.1432405977
"Pembrolizumab_Monkey_Dose3","Pembrolizumab","83",3,14945.9780350599
"Pembrolizumab_Monkey_Dose3","Pembrolizumab","84",3,8597.71724620303
"Pembrolizumab_Monkey_Dose3","Pembrolizumab","85",3,18255.9994520029
"Pembrolizumab_Monkey_Dose3","Pembrolizumab","86",3,17002.8700295156
"Pembrolizumab_Monkey_Dose3","Pembrolizumab","87",3,12641.1724602295
"Pembrolizumab_Monkey_Dose3","Pembrolizumab","88",3,21025.4337851646
"Pembrolizumab_Monkey_Dose3","Pembrolizumab","89",3,11623.4949053769
"Pembrolizumab_Monkey_Dose3","Pembrolizumab","9",3,7288.71176700864
"Pembrolizumab_Monkey_Dose3","Pembrolizumab","90",3,11053.162701339
"Pembrolizumab_Monkey_Dose3","Pembrolizumab","91",3,21505.5802004694
"Pembrolizumab_Monkey_Dose3","Pembrolizumab","92",3,18506.0762835615
"Pembrolizumab_Monkey_Dose3","Pembrolizumab","93",3,15659.2428098532
"Pembrolizumab_Monkey_Dose3","Pembrolizumab","94",3,15986.6143247102
"Pembrolizumab_Monkey_Dose3","Pembrolizumab","95",3,11055.8716902777
"Pembrolizumab_Monkey_Dose3","Pembrolizumab","96",3,8070.25220301686
"Pembrolizumab_Monkey_Dose3","Pembrolizumab","97",3,12077.6785473985
"Pembrolizumab_Monkey_Dose3","Pembrolizumab","98",3,12255.5328420093
"Pembrolizumab_Monkey_Dose3","Pembrolizumab","99",3,19512.833674069
