"Drug","Dose_mgkg","N_per_group","Probability_within_2fold","Median_fold_error","Fold_error_5th_percentile","Fold_error_95th_percentile","Reference_AUC_mean_ug_h_mL","Reference_AUC_median_ug_h_mL","Reference_AUC_geomean_ug_h_mL","Reference_AUC_CV_percent"
"Atezolizumab",0.3,2,1,1.01150325487462,0.81311154259055,1.26072829533722,1169.84459373364,1142.98476146361,1150.46640249935,18.4925821074314
"Atezolizumab",0.3,3,1,1.01974303032445,0.842468142495644,1.21568416522846,1169.84459373364,1142.98476146361,1150.46640249935,18.4925821074314
"Atezolizumab",0.3,4,1,1.01385137125958,0.867144692224977,1.17137366138652,1169.84459373364,1142.98476146361,1150.46640249935,18.4925821074314
"Atezolizumab",0.3,5,1,1.0074132457622,0.880998097759877,1.14322180671358,1169.84459373364,1142.98476146361,1150.46640249935,18.4925821074314
"Atezolizumab",3,2,1,1.00591351433308,0.825776057048551,1.24670769923933,12395.5626268665,12126.8511854195,12204.1119357532,18.0655588477446
"Atezolizumab",3,3,1,1.00120934844858,0.855516843284733,1.18803810220148,12395.5626268665,12126.8511854195,12204.1119357532,18.0655588477446
"Atezolizumab",3,4,1,1.00300373520929,0.865473258643172,1.1650247307051,12395.5626268665,12126.8511854195,12204.1119357532,18.0655588477446
"Atezolizumab",3,5,1,1.00148854356201,0.888402632224792,1.14308017577913,12395.5626268665,12126.8511854195,12204.1119357532,18.0655588477446
"Atezolizumab",10,2,1,1.01398392180293,0.827523725597115,1.25018827214855,41887.9684620218,41121.3872816889,41254.8170920038,17.9035740116824
"Atezolizumab",10,3,1,1.01021000141175,0.85818125243475,1.19686095807569,41887.9684620218,41121.3872816889,41254.8170920038,17.9035740116824
"Atezolizumab",10,4,1,1.00548178986252,0.878459132453524,1.16306657189655,41887.9684620218,41121.3872816889,41254.8170920038,17.9035740116824
"Atezolizumab",10,5,1,1.00868189163087,0.894335723771763,1.14162632590382,41887.9684620218,41121.3872816889,41254.8170920038,17.9035740116824
"Avelumab",0.3,2,1,1.01000305470927,0.760911329347806,1.36091682719157,290.588507475012,283.746074057968,282.217631820502,24.964556116428
"Avelumab",0.3,3,1,1.02255296844189,0.808478637624225,1.28838681015111,290.588507475012,283.746074057968,282.217631820502,24.964556116428
"Avelumab",0.3,4,1,1.01872838577234,0.839605282566589,1.2348594270974,290.588507475012,283.746074057968,282.217631820502,24.964556116428
"Avelumab",0.3,5,1,1.01283981814889,0.865084444201965,1.21096362893778,290.588507475012,283.746074057968,282.217631820502,24.964556116428
"Avelumab",3,2,1,1.0191285993663,0.766569608497094,1.38749438595553,3328.37537110578,3221.13384041744,3212.33884101425,27.4724636605853
"Avelumab",3,3,1,1.03163808762838,0.805226038539756,1.33172311891709,3328.37537110578,3221.13384041744,3212.33884101425,27.4724636605853
"Avelumab",3,4,1,1.02684495455133,0.82787034050073,1.27691499470053,3328.37537110578,3221.13384041744,3212.33884101425,27.4724636605853
"Avelumab",3,5,1,1.01864039360127,0.857148260714157,1.23754565960144,3328.37537110578,3221.13384041744,3212.33884101425,27.4724636605853
"Avelumab",10,2,1,1.01797335419858,0.749471243065133,1.37659926670524,11285.9562834645,11027.3518005924,10886.2046172871,27.6414261621957
"Avelumab",10,3,1,1.01972419904205,0.803499221409462,1.3006452484876,11285.9562834645,11027.3518005924,10886.2046172871,27.6414261621957
"Avelumab",10,4,1,1.01749907856193,0.82294939844193,1.26699710659854,11285.9562834645,11027.3518005924,10886.2046172871,27.6414261621957
"Avelumab",10,5,1,1.02105574392294,0.848076243782472,1.23546899895626,11285.9562834645,11027.3518005924,10886.2046172871,27.6414261621957
"Nivolumab",0.3,2,1,1.02374435989363,0.800990156486358,1.25510559984872,1710.41989122129,1722.40707372874,1679.29248440078,18.9864431880883
"Nivolumab",0.3,3,1,1.01311095869571,0.838297830729216,1.20259011176483,1710.41989122129,1722.40707372874,1679.29248440078,18.9864431880883
"Nivolumab",0.3,4,1,1.01108274731343,0.846716303097094,1.18101463291752,1710.41989122129,1722.40707372874,1679.29248440078,18.9864431880883
"Nivolumab",0.3,5,1,1.00998276073217,0.864079887441347,1.14879867638177,1710.41989122129,1722.40707372874,1679.29248440078,18.9864431880883
"Nivolumab",3,2,1,1.02132128108495,0.796485696865971,1.22761718749168,17144.5607652803,17256.3891073493,16832.5049778017,18.9911519017512
"Nivolumab",3,3,1,1.01020584303193,0.836979960178343,1.2033842309391,17144.5607652803,17256.3891073493,16832.5049778017,18.9911519017512
"Nivolumab",3,4,1,1.01328514656569,0.859895841610164,1.18050519225788,17144.5607652803,17256.3891073493,16832.5049778017,18.9911519017512
"Nivolumab",3,5,1,1.00487969784738,0.871051307335134,1.15119259812467,17144.5607652803,17256.3891073493,16832.5049778017,18.9911519017512
"Nivolumab",10,2,1,1.01179682153387,0.785011991025957,1.24648538782033,57159.721993364,57530.2598872904,56119.3727222582,18.9910888122804
"Nivolumab",10,3,1,1.01090612247712,0.83856949842221,1.20718040813015,57159.721993364,57530.2598872904,56119.3727222582,18.9910888122804
"Nivolumab",10,4,1,1.01604901340328,0.860320405649564,1.16828944854046,57159.721993364,57530.2598872904,56119.3727222582,18.9910888122804
"Nivolumab",10,5,1,1.01103633426359,0.87773922852722,1.16592773013959,57159.721993364,57530.2598872904,56119.3727222582,18.9910888122804
"Pembrolizumab",0.3,2,1,1.01224548414319,0.776162876887614,1.27486304511784,1283.09600133579,1270.90773817182,1256.02308338028,20.5873807352203
"Pembrolizumab",0.3,3,1,1.01565431027469,0.823915251760239,1.20631158803459,1283.09600133579,1270.90773817182,1256.02308338028,20.5873807352203
"Pembrolizumab",0.3,4,1,1.01406906148432,0.846266059549101,1.18939133978519,1283.09600133579,1270.90773817182,1256.02308338028,20.5873807352203
"Pembrolizumab",0.3,5,1,1.00714271499328,0.863691645054453,1.15805216425694,1283.09600133579,1270.90773817182,1256.02308338028,20.5873807352203
"Pembrolizumab",3,2,1,1.00673442741758,0.788879931240736,1.25098860630178,12848.890512988,12725.424635427,12577.5157203219,20.5930239422059
"Pembrolizumab",3,3,1,1.00681335357721,0.809946876600957,1.21606394297973,12848.890512988,12725.424635427,12577.5157203219,20.5930239422059
"Pembrolizumab",3,4,1,1.00807148345884,0.842237456016299,1.18047018448189,12848.890512988,12725.424635427,12577.5157203219,20.5930239422059
"Pembrolizumab",3,5,1,1.01098557787566,0.855018311271177,1.17650626623901,12848.890512988,12725.424635427,12577.5157203219,20.5930239422059
"Pembrolizumab",10,2,1,1.00982653953921,0.790754124818933,1.27168667571644,42834.5619786005,42422.5010027657,41929.7820924835,20.5936157620324
"Pembrolizumab",10,3,1,1.00844837156521,0.831499675074503,1.2196483892153,42834.5619786005,42422.5010027657,41929.7820924835,20.5936157620324
"Pembrolizumab",10,4,1,1.00486830241566,0.837304540390664,1.18778229697786,42834.5619786005,42422.5010027657,41929.7820924835,20.5936157620324
"Pembrolizumab",10,5,1,1.00506230643376,0.857203739400757,1.16753264611137,42834.5619786005,42422.5010027657,41929.7820924835,20.5936157620324
